"question_id","case_id","image_id","image_path","primary_type","subtype","difficulty","question_en","question_zh","answer","answer_type"
"qa_v7c_000001","img_0208","test500__d1_309_png.rf.afb52851067e1c0aa9cc92104fb60ea9","images/img_0208.jpg","connectivity","terminal_same_node","medium","Do the left terminal of the inductor in the diagram and the upper terminal of the capacitor in the diagram belong to the same electrical node, connected by continuous ideal wire without passing through a component?","图中的电感的左端与图中的电容的上端是否属于同一个电气节点（可由连续理想导线相连，且中间不经过元件）？","否","yes_no"
"qa_v7c_000002","img_0208","test500__d1_309_png.rf.afb52851067e1c0aa9cc92104fb60ea9","images/img_0208.jpg","connectivity","terminal_same_node","medium","Do the right terminal of the resistor in the diagram and the upper terminal of the capacitor in the diagram belong to the same electrical node, connected by continuous ideal wire without passing through a component?","图中的电阻的右端与图中的电容的上端是否属于同一个电气节点（可由连续理想导线相连，且中间不经过元件）？","是","yes_no"
"qa_v7c_000003","img_0318","test500__d1_310_png.rf.dc8f3a60bf4e73925fb5238b4af6f3e3","images/img_0318.jpg","connectivity","terminal_same_node","medium","Do the left terminal of the capacitor in the diagram and the lower terminal of the voltage source in the diagram belong to the same electrical node, connected by continuous ideal wire without passing through a component?","图中的电容的左端与图中的电压源的下端是否属于同一个电气节点（可由连续理想导线相连，且中间不经过元件）？","是","yes_no"
"qa_v7c_000004","img_0318","test500__d1_310_png.rf.dc8f3a60bf4e73925fb5238b4af6f3e3","images/img_0318.jpg","connectivity","terminal_same_node","medium","Do the lower terminal of the resistor in the diagram and the upper terminal of the voltage source in the diagram belong to the same electrical node, connected by continuous ideal wire without passing through a component?","图中的电阻的下端与图中的电压源的上端是否属于同一个电气节点（可由连续理想导线相连，且中间不经过元件）？","否","yes_no"
"qa_v7c_000005","img_0384","test500__d1_325_png.rf.31dc60fd6d045420fa8a5dc06a695239","images/img_0384.jpg","connectivity","terminal_same_node","medium","Do the left terminal of the capacitor in the diagram and the right terminal of the inductor in the diagram belong to the same electrical node, connected by continuous ideal wire without passing through a component?","图中的电容的左端与图中的电感的右端是否属于同一个电气节点（可由连续理想导线相连，且中间不经过元件）？","是","yes_no"
"qa_v7c_000006","img_0384","test500__d1_325_png.rf.31dc60fd6d045420fa8a5dc06a695239","images/img_0384.jpg","connectivity","terminal_same_node","medium","Do the left terminal of the resistor in the diagram and the right terminal of the inductor in the diagram belong to the same electrical node, connected by continuous ideal wire without passing through a component?","图中的电阻的左端与图中的电感的右端是否属于同一个电气节点（可由连续理想导线相连，且中间不经过元件）？","否","yes_no"
"qa_v7c_000007","img_0368","test500__d1_336_png.rf.80126fdcd5d8f916c1c0e831a78755d7","images/img_0368.jpg","connectivity","terminal_same_node","medium","Do the upper terminal of the capacitor in the diagram and the upper terminal of the voltage source in the diagram belong to the same electrical node, connected by continuous ideal wire without passing through a component?","图中的电容的上端与图中的电压源的上端是否属于同一个电气节点（可由连续理想导线相连，且中间不经过元件）？","是","yes_no"
"qa_v7c_000008","img_0368","test500__d1_336_png.rf.80126fdcd5d8f916c1c0e831a78755d7","images/img_0368.jpg","connectivity","terminal_same_node","medium","Do the upper terminal of the capacitor in the diagram and the upper terminal of the inductor in the diagram belong to the same electrical node, connected by continuous ideal wire without passing through a component?","图中的电容的上端与图中的电感的上端是否属于同一个电气节点（可由连续理想导线相连，且中间不经过元件）？","否","yes_no"
"qa_v7c_000009","img_0370","test500__d1_348_png.rf.6ba2566557f52d926f270829cce5d691","images/img_0370.jpg","connectivity","terminal_same_node","medium","Do the lower terminal of the capacitor in the diagram and the lower terminal of the inductor in the diagram belong to the same electrical node, connected by continuous ideal wire without passing through a component?","图中的电容的下端与图中的电感的下端是否属于同一个电气节点（可由连续理想导线相连，且中间不经过元件）？","是","yes_no"
"qa_v7c_000010","img_0370","test500__d1_348_png.rf.6ba2566557f52d926f270829cce5d691","images/img_0370.jpg","connectivity","terminal_same_node","medium","Do the lower terminal of the resistor in the diagram and the upper terminal of the capacitor in the diagram belong to the same electrical node, connected by continuous ideal wire without passing through a component?","图中的电阻的下端与图中的电容的上端是否属于同一个电气节点（可由连续理想导线相连，且中间不经过元件）？","否","yes_no"
"qa_v7c_000011","img_0275","test500__d1_351_png.rf.b46c07a9f8d3f85297fe8cf1285715f8","images/img_0275.jpg","connectivity","terminal_same_node","medium","Do the upper terminal of the capacitor in the diagram and the upper terminal of the resistor in the diagram belong to the same electrical node, connected by continuous ideal wire without passing through a component?","图中的电容的上端与图中的电阻的上端是否属于同一个电气节点（可由连续理想导线相连，且中间不经过元件）？","是","yes_no"
"qa_v7c_000012","img_0275","test500__d1_351_png.rf.b46c07a9f8d3f85297fe8cf1285715f8","images/img_0275.jpg","connectivity","terminal_same_node","medium","Do the lower terminal of the capacitor in the diagram and the lower terminal of the resistor in the diagram belong to the same electrical node, connected by continuous ideal wire without passing through a component?","图中的电容的下端与图中的电阻的下端是否属于同一个电气节点（可由连续理想导线相连，且中间不经过元件）？","否","yes_no"
"qa_v7c_000013","img_0280","test500__d1_autockt_-120_png.rf.a3bb85cd2691e63707e94d871b483d23","images/img_0280.jpg","connectivity","terminal_same_node","medium","Do the upper terminal of the 1st resistor from the left and the left terminal of the capacitor in the diagram belong to the same electrical node, connected by continuous ideal wire without passing through a component?","从左到右第1个电阻的上端与图中的电容的左端是否属于同一个电气节点（可由连续理想导线相连，且中间不经过元件）？","是","yes_no"
"qa_v7c_000014","img_0280","test500__d1_autockt_-120_png.rf.a3bb85cd2691e63707e94d871b483d23","images/img_0280.jpg","connectivity","terminal_same_node","medium","Do the upper terminal of the 1st resistor from the left and the left terminal of the inductor in the diagram belong to the same electrical node, connected by continuous ideal wire without passing through a component?","从左到右第1个电阻的上端与图中的电感的左端是否属于同一个电气节点（可由连续理想导线相连，且中间不经过元件）？","否","yes_no"
"qa_v7c_000015","img_0346","test500__d1_autockt_-140_png.rf.6e25f3bdff0e1261b22787f21e39c79b","images/img_0346.jpg","connectivity","terminal_same_node","medium","Do the right terminal of the voltage source in the diagram and the upper terminal of the 2nd resistor from the left belong to the same electrical node, connected by continuous ideal wire without passing through a component?","图中的电压源的右端与从左到右第2个电阻的上端是否属于同一个电气节点（可由连续理想导线相连，且中间不经过元件）？","是","yes_no"
"qa_v7c_000016","img_0346","test500__d1_autockt_-140_png.rf.6e25f3bdff0e1261b22787f21e39c79b","images/img_0346.jpg","connectivity","terminal_same_node","medium","Do the left terminal of the voltage source in the diagram and the lower terminal of the current source in the diagram belong to the same electrical node, connected by continuous ideal wire without passing through a component?","图中的电压源的左端与图中的电流源的下端是否属于同一个电气节点（可由连续理想导线相连，且中间不经过元件）？","否","yes_no"
"qa_v7c_000017","img_0263","test500__d1_autockt_-143_png.rf.ee52e4aba23f19f81e6d3c3f9e9d58f5","images/img_0263.jpg","connectivity","terminal_same_node","medium","Do the lower terminal of the 3rd resistor from the left and the lower terminal of the capacitor in the diagram belong to the same electrical node, connected by continuous ideal wire without passing through a component?","从左到右第3个电阻的下端与图中的电容的下端是否属于同一个电气节点（可由连续理想导线相连，且中间不经过元件）？","否","yes_no"
"qa_v7c_000018","img_0263","test500__d1_autockt_-143_png.rf.ee52e4aba23f19f81e6d3c3f9e9d58f5","images/img_0263.jpg","connectivity","terminal_same_node","medium","Do the right terminal of the inductor in the diagram and the upper terminal of the capacitor in the diagram belong to the same electrical node, connected by continuous ideal wire without passing through a component?","图中的电感的右端与图中的电容的上端是否属于同一个电气节点（可由连续理想导线相连，且中间不经过元件）？","是","yes_no"
"qa_v7c_000019","img_0099","test500__d1_autockt_-171_png.rf.fd6079bb003a1487a272e55213a89c59","images/img_0099.jpg","connectivity","terminal_same_node","medium","Do the upper terminal of the 1st resistor from the left and the lower terminal of the 2nd resistor from the left belong to the same electrical node, connected by continuous ideal wire without passing through a component?","从左到右第1个电阻的上端与从左到右第2个电阻的下端是否属于同一个电气节点（可由连续理想导线相连，且中间不经过元件）？","否","yes_no"
"qa_v7c_000020","img_0099","test500__d1_autockt_-171_png.rf.fd6079bb003a1487a272e55213a89c59","images/img_0099.jpg","connectivity","terminal_same_node","medium","Do the lower terminal of the 2nd resistor from the left and the right terminal of the current source in the diagram belong to the same electrical node, connected by continuous ideal wire without passing through a component?","从左到右第2个电阻的下端与图中的电流源的右端是否属于同一个电气节点（可由连续理想导线相连，且中间不经过元件）？","是","yes_no"
"qa_v7c_000021","img_0244","test500__d1_autockt_-172_png.rf.fa39f5695747bd3c54c74cb3408d54a1","images/img_0244.jpg","connectivity","terminal_same_node","medium","Do the upper terminal of the 1st resistor from the left and the upper terminal of the 3rd resistor from the left belong to the same electrical node, connected by continuous ideal wire without passing through a component?","从左到右第1个电阻的上端与从左到右第3个电阻的上端是否属于同一个电气节点（可由连续理想导线相连，且中间不经过元件）？","否","yes_no"
"qa_v7c_000022","img_0244","test500__d1_autockt_-172_png.rf.fa39f5695747bd3c54c74cb3408d54a1","images/img_0244.jpg","connectivity","terminal_same_node","medium","Do the lower terminal of the 1st resistor from the left and the left terminal of the capacitor in the diagram belong to the same electrical node, connected by continuous ideal wire without passing through a component?","从左到右第1个电阻的下端与图中的电容的左端是否属于同一个电气节点（可由连续理想导线相连，且中间不经过元件）？","是","yes_no"
"qa_v7c_000023","img_0016","test500__d1_autockt_-17_png.rf.20abd76f3e8e09baca303cf10e7c04ab","images/img_0016.jpg","connectivity","terminal_same_node","medium","Do the left terminal of the 1st voltage source from the left and the upper terminal of the capacitor in the diagram belong to the same electrical node, connected by continuous ideal wire without passing through a component?","从左到右第1个电压源的左端与图中的电容的上端是否属于同一个电气节点（可由连续理想导线相连，且中间不经过元件）？","是","yes_no"
"qa_v7c_000024","img_0016","test500__d1_autockt_-17_png.rf.20abd76f3e8e09baca303cf10e7c04ab","images/img_0016.jpg","connectivity","terminal_same_node","medium","Do the right terminal of the 1st inductor from the left and the lower terminal of the 2nd resistor from the left belong to the same electrical node, connected by continuous ideal wire without passing through a component?","从左到右第1个电感的右端与从左到右第2个电阻的下端是否属于同一个电气节点（可由连续理想导线相连，且中间不经过元件）？","否","yes_no"
"qa_v7c_000025","img_0377","test500__d1_autockt_-1_png.rf.23fcfeb82e2f264cab71ec3c38455ac2","images/img_0377.jpg","connectivity","terminal_same_node","medium","Do the lower terminal of the 1st resistor from the left and the right terminal of the current source in the diagram belong to the same electrical node, connected by continuous ideal wire without passing through a component?","从左到右第1个电阻的下端与图中的电流源的右端是否属于同一个电气节点（可由连续理想导线相连，且中间不经过元件）？","否","yes_no"
"qa_v7c_000026","img_0377","test500__d1_autockt_-1_png.rf.23fcfeb82e2f264cab71ec3c38455ac2","images/img_0377.jpg","connectivity","terminal_same_node","medium","Do the left terminal of the inductor in the diagram and the lower terminal of the 1st resistor from the left belong to the same electrical node, connected by continuous ideal wire without passing through a component?","图中的电感的左端与从左到右第1个电阻的下端是否属于同一个电气节点（可由连续理想导线相连，且中间不经过元件）？","是","yes_no"
"qa_v7c_000027","img_0307","test500__d1_autockt_-223_png.rf.3e860cd6dfaa923148f9112c02dc7598","images/img_0307.jpg","connectivity","terminal_same_node","medium","Do the right terminal of the 1st resistor from the top and the right terminal of the inductor in the diagram belong to the same electrical node, connected by continuous ideal wire without passing through a component?","从上到下第1个电阻的右端与图中的电感的右端是否属于同一个电气节点（可由连续理想导线相连，且中间不经过元件）？","是","yes_no"
"qa_v7c_000028","img_0307","test500__d1_autockt_-223_png.rf.3e860cd6dfaa923148f9112c02dc7598","images/img_0307.jpg","connectivity","terminal_same_node","medium","Do the left terminal of the 2nd resistor from the top and the left terminal of the current source in the diagram belong to the same electrical node, connected by continuous ideal wire without passing through a component?","从上到下第2个电阻的左端与图中的电流源的左端是否属于同一个电气节点（可由连续理想导线相连，且中间不经过元件）？","否","yes_no"
"qa_v7c_000029","img_0221","test500__d1_autockt_-229_png.rf.2c54b82e1a3ca25e677ad8a85ddec714","images/img_0221.jpg","connectivity","terminal_same_node","medium","Do the upper terminal of the 2nd inductor from the top and the right terminal of the 1st inductor from the top belong to the same electrical node, connected by continuous ideal wire without passing through a component?","从上到下第2个电感的上端与从上到下第1个电感的右端是否属于同一个电气节点（可由连续理想导线相连，且中间不经过元件）？","否","yes_no"
"qa_v7c_000030","img_0221","test500__d1_autockt_-229_png.rf.2c54b82e1a3ca25e677ad8a85ddec714","images/img_0221.jpg","connectivity","terminal_same_node","medium","Do the lower terminal of the voltage source in the diagram and the lower terminal of the 3rd resistor from the left belong to the same electrical node, connected by continuous ideal wire without passing through a component?","图中的电压源的下端与从左到右第3个电阻的下端是否属于同一个电气节点（可由连续理想导线相连，且中间不经过元件）？","是","yes_no"
"qa_v7c_000031","img_0081","test500__d1_autockt_-275_png.rf.d450a27a0032bf38aa10b86488403126","images/img_0081.jpg","connectivity","terminal_same_node","medium","Do the upper terminal of the 3rd resistor from the left and the right terminal of the 1st inductor from the left belong to the same electrical node, connected by continuous ideal wire without passing through a component?","从左到右第3个电阻的上端与从左到右第1个电感的右端是否属于同一个电气节点（可由连续理想导线相连，且中间不经过元件）？","否","yes_no"
"qa_v7c_000032","img_0081","test500__d1_autockt_-275_png.rf.d450a27a0032bf38aa10b86488403126","images/img_0081.jpg","connectivity","terminal_same_node","medium","Do the left terminal of the voltage source in the diagram and the upper terminal of the 1st resistor from the left belong to the same electrical node, connected by continuous ideal wire without passing through a component?","图中的电压源的左端与从左到右第1个电阻的上端是否属于同一个电气节点（可由连续理想导线相连，且中间不经过元件）？","是","yes_no"
"qa_v7c_000033","img_0325","test500__d1_autockt_-27_png.rf.7f9527e137bd26978e6705e8c0f8af91","images/img_0325.jpg","connectivity","terminal_same_node","medium","Do the left terminal of the 1st resistor from the left and the lower terminal of the capacitor in the diagram belong to the same electrical node, connected by continuous ideal wire without passing through a component?","从左到右第1个电阻的左端与图中的电容的下端是否属于同一个电气节点（可由连续理想导线相连，且中间不经过元件）？","是","yes_no"
"qa_v7c_000034","img_0325","test500__d1_autockt_-27_png.rf.7f9527e137bd26978e6705e8c0f8af91","images/img_0325.jpg","connectivity","terminal_same_node","medium","Do the upper terminal of the inductor in the diagram and the left terminal of the 1st resistor from the left belong to the same electrical node, connected by continuous ideal wire without passing through a component?","图中的电感的上端与从左到右第1个电阻的左端是否属于同一个电气节点（可由连续理想导线相连，且中间不经过元件）？","否","yes_no"
"qa_v7c_000035","img_0011","test500__d1_autockt_-286_png.rf.9929c6bed5a7e2439e2f2d28f17bccc8","images/img_0011.jpg","connectivity","terminal_same_node","medium","Do the right terminal of the capacitor in the diagram and the right terminal of the current source in the diagram belong to the same electrical node, connected by continuous ideal wire without passing through a component?","图中的电容的右端与图中的电流源的右端是否属于同一个电气节点（可由连续理想导线相连，且中间不经过元件）？","是","yes_no"
"qa_v7c_000036","img_0011","test500__d1_autockt_-286_png.rf.9929c6bed5a7e2439e2f2d28f17bccc8","images/img_0011.jpg","connectivity","terminal_same_node","medium","Do the upper terminal of the inductor in the diagram and the right terminal of the capacitor in the diagram belong to the same electrical node, connected by continuous ideal wire without passing through a component?","图中的电感的上端与图中的电容的右端是否属于同一个电气节点（可由连续理想导线相连，且中间不经过元件）？","否","yes_no"
"qa_v7c_000037","img_0094","test500__d1_autockt_-304_png.rf.84edf22f1a8418a9c025ed79e5968e44","images/img_0094.jpg","connectivity","terminal_same_node","medium","Do the lower terminal of the 1st resistor from the left and the right terminal of the 1st capacitor from the left belong to the same electrical node, connected by continuous ideal wire without passing through a component?","从左到右第1个电阻的下端与从左到右第1个电容的右端是否属于同一个电气节点（可由连续理想导线相连，且中间不经过元件）？","否","yes_no"
"qa_v7c_000038","img_0094","test500__d1_autockt_-304_png.rf.84edf22f1a8418a9c025ed79e5968e44","images/img_0094.jpg","connectivity","terminal_same_node","medium","Do the left terminal of the 2nd capacitor from the left and the right terminal of the 1st capacitor from the left belong to the same electrical node, connected by continuous ideal wire without passing through a component?","从左到右第2个电容的左端与从左到右第1个电容的右端是否属于同一个电气节点（可由连续理想导线相连，且中间不经过元件）？","是","yes_no"
"qa_v7c_000039","img_0109","test500__d1_autockt_-31_png.rf.ddb8fa3af873912460684b7ce817468d","images/img_0109.jpg","connectivity","terminal_same_node","medium","Do the lower terminal of the 1st inductor from the left and the lower terminal of the capacitor in the diagram belong to the same electrical node, connected by continuous ideal wire without passing through a component?","从左到右第1个电感的下端与图中的电容的下端是否属于同一个电气节点（可由连续理想导线相连，且中间不经过元件）？","否","yes_no"
"qa_v7c_000040","img_0109","test500__d1_autockt_-31_png.rf.ddb8fa3af873912460684b7ce817468d","images/img_0109.jpg","connectivity","terminal_same_node","medium","Do the upper terminal of the capacitor in the diagram and the right terminal of the 2nd current source from the left belong to the same electrical node, connected by continuous ideal wire without passing through a component?","图中的电容的上端与从左到右第2个电流源的右端是否属于同一个电气节点（可由连续理想导线相连，且中间不经过元件）？","是","yes_no"
"qa_v7c_000041","img_0238","test500__d1_autockt_-345_png.rf.a38dcd7bd83e33b9fe65822085d37b2e","images/img_0238.jpg","connectivity","terminal_same_node","medium","Do the right terminal of the 1st resistor from the top and the upper terminal of the capacitor in the diagram belong to the same electrical node, connected by continuous ideal wire without passing through a component?","从上到下第1个电阻的右端与图中的电容的上端是否属于同一个电气节点（可由连续理想导线相连，且中间不经过元件）？","否","yes_no"
"qa_v7c_000042","img_0238","test500__d1_autockt_-345_png.rf.a38dcd7bd83e33b9fe65822085d37b2e","images/img_0238.jpg","connectivity","terminal_same_node","medium","Do the left terminal of the 1st resistor from the top and the upper terminal of the capacitor in the diagram belong to the same electrical node, connected by continuous ideal wire without passing through a component?","从上到下第1个电阻的左端与图中的电容的上端是否属于同一个电气节点（可由连续理想导线相连，且中间不经过元件）？","是","yes_no"
"qa_v7c_000043","img_0332","test500__d1_autockt_-358_png.rf.2e4a547ba612ed2069d0b175f4d56524","images/img_0332.jpg","connectivity","terminal_same_node","medium","Do the right terminal of the capacitor in the diagram and the right terminal of the 3rd resistor from the top belong to the same electrical node, connected by continuous ideal wire without passing through a component?","图中的电容的右端与从上到下第3个电阻的右端是否属于同一个电气节点（可由连续理想导线相连，且中间不经过元件）？","是","yes_no"
"qa_v7c_000044","img_0332","test500__d1_autockt_-358_png.rf.2e4a547ba612ed2069d0b175f4d56524","images/img_0332.jpg","connectivity","terminal_same_node","medium","Do the lower terminal of the inductor in the diagram and the right terminal of the 3rd resistor from the top belong to the same electrical node, connected by continuous ideal wire without passing through a component?","图中的电感的下端与从上到下第3个电阻的右端是否属于同一个电气节点（可由连续理想导线相连，且中间不经过元件）？","否","yes_no"
"qa_v7c_000045","img_0219","test500__d1_autockt_-360_png.rf.099ca8cd253c336716ea7c6e06a4fb04","images/img_0219.jpg","connectivity","terminal_same_node","medium","Do the right terminal of the 2nd voltage source from the top and the lower terminal of the 1st voltage source from the top belong to the same electrical node, connected by continuous ideal wire without passing through a component?","从上到下第2个电压源的右端与从上到下第1个电压源的下端是否属于同一个电气节点（可由连续理想导线相连，且中间不经过元件）？","是","yes_no"
"qa_v7c_000046","img_0219","test500__d1_autockt_-360_png.rf.099ca8cd253c336716ea7c6e06a4fb04","images/img_0219.jpg","connectivity","terminal_same_node","medium","Do the right terminal of the 1st resistor from the left and the right terminal of the capacitor in the diagram belong to the same electrical node, connected by continuous ideal wire without passing through a component?","从左到右第1个电阻的右端与图中的电容的右端是否属于同一个电气节点（可由连续理想导线相连，且中间不经过元件）？","否","yes_no"
"qa_v7c_000047","img_0160","test500__d1_autockt_-369_png.rf.09448f550cb4389133033c981bf1a41d","images/img_0160.jpg","connectivity","terminal_same_node","medium","Do the right terminal of the 1st inductor from the left and the lower terminal of the 2nd inductor from the left belong to the same electrical node, connected by continuous ideal wire without passing through a component?","从左到右第1个电感的右端与从左到右第2个电感的下端是否属于同一个电气节点（可由连续理想导线相连，且中间不经过元件）？","是","yes_no"
"qa_v7c_000048","img_0160","test500__d1_autockt_-369_png.rf.09448f550cb4389133033c981bf1a41d","images/img_0160.jpg","connectivity","terminal_same_node","medium","Do the left terminal of the 1st inductor from the left and the upper terminal of the 2nd inductor from the left belong to the same electrical node, connected by continuous ideal wire without passing through a component?","从左到右第1个电感的左端与从左到右第2个电感的上端是否属于同一个电气节点（可由连续理想导线相连，且中间不经过元件）？","否","yes_no"
"qa_v7c_000049","img_0090","test500__d1_autockt_-406_png.rf.cfbb7ac16fd4972ab5b62de3fa6b5b5e","images/img_0090.jpg","connectivity","terminal_same_node","medium","Do the upper terminal of the capacitor in the diagram and the left terminal of the 2nd resistor from the left belong to the same electrical node, connected by continuous ideal wire without passing through a component?","图中的电容的上端与从左到右第2个电阻的左端是否属于同一个电气节点（可由连续理想导线相连，且中间不经过元件）？","否","yes_no"
"qa_v7c_000050","img_0090","test500__d1_autockt_-406_png.rf.cfbb7ac16fd4972ab5b62de3fa6b5b5e","images/img_0090.jpg","connectivity","terminal_same_node","medium","Do the lower terminal of the inductor in the diagram and the left terminal of the 2nd resistor from the left belong to the same electrical node, connected by continuous ideal wire without passing through a component?","图中的电感的下端与从左到右第2个电阻的左端是否属于同一个电气节点（可由连续理想导线相连，且中间不经过元件）？","是","yes_no"
"qa_v7c_000051","img_0049","test500__d1_autockt_-410_png.rf.44ccc47e54e47d86c42574ac1fa36b65","images/img_0049.jpg","connectivity","terminal_same_node","medium","Do the left terminal of the 2nd resistor from the left and the lower terminal of the current source in the diagram belong to the same electrical node, connected by continuous ideal wire without passing through a component?","从左到右第2个电阻的左端与图中的电流源的下端是否属于同一个电气节点（可由连续理想导线相连，且中间不经过元件）？","是","yes_no"
"qa_v7c_000052","img_0049","test500__d1_autockt_-410_png.rf.44ccc47e54e47d86c42574ac1fa36b65","images/img_0049.jpg","connectivity","terminal_same_node","medium","Do the lower terminal of the voltage source in the diagram and the right terminal of the 1st inductor from the top belong to the same electrical node, connected by continuous ideal wire without passing through a component?","图中的电压源的下端与从上到下第1个电感的右端是否属于同一个电气节点（可由连续理想导线相连，且中间不经过元件）？","否","yes_no"
"qa_v7c_000053","img_0093","test500__d1_autockt_-44_png.rf.f652b850f1528945c70301cf9776d1bd","images/img_0093.jpg","connectivity","terminal_same_node","medium","Do the left terminal of the capacitor in the diagram and the lower terminal of the 2nd resistor from the left belong to the same electrical node, connected by continuous ideal wire without passing through a component?","图中的电容的左端与从左到右第2个电阻的下端是否属于同一个电气节点（可由连续理想导线相连，且中间不经过元件）？","否","yes_no"
"qa_v7c_000054","img_0093","test500__d1_autockt_-44_png.rf.f652b850f1528945c70301cf9776d1bd","images/img_0093.jpg","connectivity","terminal_same_node","medium","Do the right terminal of the inductor in the diagram and the lower terminal of the 2nd resistor from the left belong to the same electrical node, connected by continuous ideal wire without passing through a component?","图中的电感的右端与从左到右第2个电阻的下端是否属于同一个电气节点（可由连续理想导线相连，且中间不经过元件）？","是","yes_no"
"qa_v7c_000055","img_0240","test500__d1_autockt_-456_png.rf.b924ebf7b6b5ebdfa540234451657449","images/img_0240.jpg","connectivity","terminal_same_node","medium","Do the lower terminal of the 1st resistor from the left and the left terminal of the current source in the diagram belong to the same electrical node, connected by continuous ideal wire without passing through a component?","从左到右第1个电阻的下端与图中的电流源的左端是否属于同一个电气节点（可由连续理想导线相连，且中间不经过元件）？","是","yes_no"
"qa_v7c_000056","img_0240","test500__d1_autockt_-456_png.rf.b924ebf7b6b5ebdfa540234451657449","images/img_0240.jpg","connectivity","terminal_same_node","medium","Do the upper terminal of the 2nd inductor from the left and the upper terminal of the 1st resistor from the left belong to the same electrical node, connected by continuous ideal wire without passing through a component?","从左到右第2个电感的上端与从左到右第1个电阻的上端是否属于同一个电气节点（可由连续理想导线相连，且中间不经过元件）？","否","yes_no"
"qa_v7c_000057","img_0183","test500__d1_autockt_-476_png.rf.c821a562c47d858f4f2eb0572308e6b6","images/img_0183.jpg","connectivity","terminal_same_node","medium","Do the upper terminal of the inductor in the diagram and the left terminal of the capacitor in the diagram belong to the same electrical node, connected by continuous ideal wire without passing through a component?","图中的电感的上端与图中的电容的左端是否属于同一个电气节点（可由连续理想导线相连，且中间不经过元件）？","是","yes_no"
"qa_v7c_000058","img_0183","test500__d1_autockt_-476_png.rf.c821a562c47d858f4f2eb0572308e6b6","images/img_0183.jpg","connectivity","terminal_same_node","medium","Do the lower terminal of the inductor in the diagram and the lower terminal of the 2nd resistor from the left belong to the same electrical node, connected by continuous ideal wire without passing through a component?","图中的电感的下端与从左到右第2个电阻的下端是否属于同一个电气节点（可由连续理想导线相连，且中间不经过元件）？","否","yes_no"
"qa_v7c_000059","img_0156","test500__d1_autockt_-503_png.rf.e9d14bb7212e648f520164102d28d174","images/img_0156.jpg","connectivity","terminal_same_node","medium","Do the left terminal of the voltage source in the diagram and the upper terminal of the 1st resistor from the left belong to the same electrical node, connected by continuous ideal wire without passing through a component?","图中的电压源的左端与从左到右第1个电阻的上端是否属于同一个电气节点（可由连续理想导线相连，且中间不经过元件）？","是","yes_no"
"qa_v7c_000060","img_0156","test500__d1_autockt_-503_png.rf.e9d14bb7212e648f520164102d28d174","images/img_0156.jpg","connectivity","terminal_same_node","medium","Do the left terminal of the voltage source in the diagram and the upper terminal of the capacitor in the diagram belong to the same electrical node, connected by continuous ideal wire without passing through a component?","图中的电压源的左端与图中的电容的上端是否属于同一个电气节点（可由连续理想导线相连，且中间不经过元件）？","否","yes_no"
"qa_v7c_000061","img_0064","test500__d1_autockt_-519_png.rf.db15c5f621b2b7c686c23ea2089378d5","images/img_0064.jpg","connectivity","terminal_same_node","medium","Do the right terminal of the capacitor in the diagram and the lower terminal of the 2nd resistor from the left belong to the same electrical node, connected by continuous ideal wire without passing through a component?","图中的电容的右端与从左到右第2个电阻的下端是否属于同一个电气节点（可由连续理想导线相连，且中间不经过元件）？","是","yes_no"
"qa_v7c_000062","img_0064","test500__d1_autockt_-519_png.rf.db15c5f621b2b7c686c23ea2089378d5","images/img_0064.jpg","connectivity","terminal_same_node","medium","Do the right terminal of the capacitor in the diagram and the right terminal of the inductor in the diagram belong to the same electrical node, connected by continuous ideal wire without passing through a component?","图中的电容的右端与图中的电感的右端是否属于同一个电气节点（可由连续理想导线相连，且中间不经过元件）？","否","yes_no"
"qa_v7c_000063","img_0224","test500__d1_autockt_-527_png.rf.836d7a4c4a0d35cc12451c5a57662428","images/img_0224.jpg","connectivity","terminal_same_node","medium","Do the right terminal of the 1st inductor from the left and the right terminal of the 2nd resistor from the left belong to the same electrical node, connected by continuous ideal wire without passing through a component?","从左到右第1个电感的右端与从左到右第2个电阻的右端是否属于同一个电气节点（可由连续理想导线相连，且中间不经过元件）？","否","yes_no"
"qa_v7c_000064","img_0224","test500__d1_autockt_-527_png.rf.836d7a4c4a0d35cc12451c5a57662428","images/img_0224.jpg","connectivity","terminal_same_node","medium","Do the left terminal of the 1st inductor from the left and the lower terminal of the current source in the diagram belong to the same electrical node, connected by continuous ideal wire without passing through a component?","从左到右第1个电感的左端与图中的电流源的下端是否属于同一个电气节点（可由连续理想导线相连，且中间不经过元件）？","是","yes_no"
"qa_v7c_000065","img_0072","test500__d1_autockt_-63_png.rf.702b8d8a5a171e5776f132e74087f83f","images/img_0072.jpg","connectivity","terminal_same_node","medium","Do the upper terminal of the 1st inductor from the left and the left terminal of the 3rd resistor from the left belong to the same electrical node, connected by continuous ideal wire without passing through a component?","从左到右第1个电感的上端与从左到右第3个电阻的左端是否属于同一个电气节点（可由连续理想导线相连，且中间不经过元件）？","是","yes_no"
"qa_v7c_000066","img_0072","test500__d1_autockt_-63_png.rf.702b8d8a5a171e5776f132e74087f83f","images/img_0072.jpg","connectivity","terminal_same_node","medium","Do the lower terminal of the 1st inductor from the left and the upper terminal of the 1st resistor from the left belong to the same electrical node, connected by continuous ideal wire without passing through a component?","从左到右第1个电感的下端与从左到右第1个电阻的上端是否属于同一个电气节点（可由连续理想导线相连，且中间不经过元件）？","否","yes_no"
"qa_v7c_000067","img_0313","test500__d1_autockt_-685_png.rf.2ca4700355a67e0dcef5fa4601eb915a","images/img_0313.jpg","connectivity","terminal_same_node","medium","Do the right terminal of the 2nd resistor from the top and the lower terminal of the capacitor in the diagram belong to the same electrical node, connected by continuous ideal wire without passing through a component?","从上到下第2个电阻的右端与图中的电容的下端是否属于同一个电气节点（可由连续理想导线相连，且中间不经过元件）？","否","yes_no"
"qa_v7c_000068","img_0313","test500__d1_autockt_-685_png.rf.2ca4700355a67e0dcef5fa4601eb915a","images/img_0313.jpg","connectivity","terminal_same_node","medium","Do the upper terminal of the capacitor in the diagram and the left terminal of the 1st resistor from the top belong to the same electrical node, connected by continuous ideal wire without passing through a component?","图中的电容的上端与从上到下第1个电阻的左端是否属于同一个电气节点（可由连续理想导线相连，且中间不经过元件）？","是","yes_no"
"qa_v7c_000069","img_0029","test500__d1_autockt_-74_png.rf.16b70ff7ecfa488eda18e753a3d7ed18","images/img_0029.jpg","connectivity","terminal_same_node","medium","Do the right terminal of the 2nd resistor from the left and the upper terminal of the capacitor in the diagram belong to the same electrical node, connected by continuous ideal wire without passing through a component?","从左到右第2个电阻的右端与图中的电容的上端是否属于同一个电气节点（可由连续理想导线相连，且中间不经过元件）？","否","yes_no"
"qa_v7c_000070","img_0029","test500__d1_autockt_-74_png.rf.16b70ff7ecfa488eda18e753a3d7ed18","images/img_0029.jpg","connectivity","terminal_same_node","medium","Do the lower terminal of the inductor in the diagram and the left terminal of the current source in the diagram belong to the same electrical node, connected by continuous ideal wire without passing through a component?","图中的电感的下端与图中的电流源的左端是否属于同一个电气节点（可由连续理想导线相连，且中间不经过元件）？","是","yes_no"
"qa_v7c_000071","img_0198","test500__d1_autockt_-81_png.rf.ee5cb8720549e45b6bd371230a0cabd4","images/img_0198.jpg","connectivity","terminal_same_node","medium","Do the lower terminal of the 3rd resistor from the left and the right terminal of the inductor in the diagram belong to the same electrical node, connected by continuous ideal wire without passing through a component?","从左到右第3个电阻的下端与图中的电感的右端是否属于同一个电气节点（可由连续理想导线相连，且中间不经过元件）？","是","yes_no"
"qa_v7c_000072","img_0198","test500__d1_autockt_-81_png.rf.ee5cb8720549e45b6bd371230a0cabd4","images/img_0198.jpg","connectivity","terminal_same_node","medium","Do the left terminal of the inductor in the diagram and the right terminal of the 1st resistor from the left belong to the same electrical node, connected by continuous ideal wire without passing through a component?","图中的电感的左端与从左到右第1个电阻的右端是否属于同一个电气节点（可由连续理想导线相连，且中间不经过元件）？","否","yes_no"
"qa_v7c_000073","img_0314","test__d1_autockt_-96_png.rf.11104925e4ccc62d530421c31b93915c","images/img_0314.jpg","connectivity","terminal_same_node","medium","Do the upper terminal of the 1st capacitor from the left and the upper terminal of the 2nd capacitor from the left belong to the same electrical node, connected by continuous ideal wire without passing through a component?","从左到右第1个电容的上端与从左到右第2个电容的上端是否属于同一个电气节点（可由连续理想导线相连，且中间不经过元件）？","否","yes_no"
"qa_v7c_000074","img_0314","test__d1_autockt_-96_png.rf.11104925e4ccc62d530421c31b93915c","images/img_0314.jpg","connectivity","terminal_same_node","medium","Do the left terminal of the current source in the diagram and the lower terminal of the 1st capacitor from the left belong to the same electrical node, connected by continuous ideal wire without passing through a component?","图中的电流源的左端与从左到右第1个电容的下端是否属于同一个电气节点（可由连续理想导线相连，且中间不经过元件）？","是","yes_no"
"qa_v7c_000075","img_0347","train__d1_281_png.rf.e53c6cd71152de2a9a4c9052e2857ad9","images/img_0347.jpg","connectivity","terminal_same_node","medium","Do the lower terminal of the 2nd capacitor from the left and the lower terminal of the 4th capacitor from the left belong to the same electrical node, connected by continuous ideal wire without passing through a component?","从左到右第2个电容的下端与从左到右第4个电容的下端是否属于同一个电气节点（可由连续理想导线相连，且中间不经过元件）？","是","yes_no"
"qa_v7c_000076","img_0347","train__d1_281_png.rf.e53c6cd71152de2a9a4c9052e2857ad9","images/img_0347.jpg","connectivity","terminal_same_node","medium","Do the right terminal of the 3rd capacitor from the left and the right terminal of the 1st capacitor from the left belong to the same electrical node, connected by continuous ideal wire without passing through a component?","从左到右第3个电容的右端与从左到右第1个电容的右端是否属于同一个电气节点（可由连续理想导线相连，且中间不经过元件）？","否","yes_no"
"qa_v7c_000077","img_0087","train__d1_302_png.rf.a537b10f78a8cc4d042a038a08acc383","images/img_0087.jpg","connectivity","terminal_same_node","medium","Do the upper terminal of the inductor in the diagram and the upper terminal of the capacitor in the diagram belong to the same electrical node, connected by continuous ideal wire without passing through a component?","图中的电感的上端与图中的电容的上端是否属于同一个电气节点（可由连续理想导线相连，且中间不经过元件）？","否","yes_no"
"qa_v7c_000078","img_0087","train__d1_302_png.rf.a537b10f78a8cc4d042a038a08acc383","images/img_0087.jpg","connectivity","terminal_same_node","medium","Do the lower terminal of the resistor in the diagram and the lower terminal of the capacitor in the diagram belong to the same electrical node, connected by continuous ideal wire without passing through a component?","图中的电阻的下端与图中的电容的下端是否属于同一个电气节点（可由连续理想导线相连，且中间不经过元件）？","是","yes_no"
"qa_v7c_000079","img_0361","train__d1_308_png.rf.6f5be5464281f6a841faa477896004f7","images/img_0361.jpg","connectivity","terminal_same_node","medium","Do the lower terminal of the voltage source in the diagram and the lower terminal of the capacitor in the diagram belong to the same electrical node, connected by continuous ideal wire without passing through a component?","图中的电压源的下端与图中的电容的下端是否属于同一个电气节点（可由连续理想导线相连，且中间不经过元件）？","是","yes_no"
"qa_v7c_000080","img_0361","train__d1_308_png.rf.6f5be5464281f6a841faa477896004f7","images/img_0361.jpg","connectivity","terminal_same_node","medium","Do the upper terminal of the capacitor in the diagram and the lower terminal of the 1st resistor from the top belong to the same electrical node, connected by continuous ideal wire without passing through a component?","图中的电容的上端与从上到下第1个电阻的下端是否属于同一个电气节点（可由连续理想导线相连，且中间不经过元件）？","否","yes_no"
"qa_v7c_000081","img_0079","train__d1_312_png.rf.d9fb0223cd7dda1eeec236ef4c682f14","images/img_0079.jpg","connectivity","terminal_same_node","medium","Do the right terminal of the inductor in the diagram and the left terminal of the resistor in the diagram belong to the same electrical node, connected by continuous ideal wire without passing through a component?","图中的电感的右端与图中的电阻的左端是否属于同一个电气节点（可由连续理想导线相连，且中间不经过元件）？","是","yes_no"
"qa_v7c_000082","img_0079","train__d1_312_png.rf.d9fb0223cd7dda1eeec236ef4c682f14","images/img_0079.jpg","connectivity","terminal_same_node","medium","Do the left terminal of the resistor in the diagram and the left terminal of the capacitor in the diagram belong to the same electrical node, connected by continuous ideal wire without passing through a component?","图中的电阻的左端与图中的电容的左端是否属于同一个电气节点（可由连续理想导线相连，且中间不经过元件）？","否","yes_no"
"qa_v7c_000083","img_0020","train__d1_313_png.rf.a773497ac80844357238819e95003acc","images/img_0020.jpg","connectivity","terminal_same_node","medium","Do the right terminal of the capacitor in the diagram and the left terminal of the resistor in the diagram belong to the same electrical node, connected by continuous ideal wire without passing through a component?","图中的电容的右端与图中的电阻的左端是否属于同一个电气节点（可由连续理想导线相连，且中间不经过元件）？","是","yes_no"
"qa_v7c_000084","img_0020","train__d1_313_png.rf.a773497ac80844357238819e95003acc","images/img_0020.jpg","connectivity","terminal_same_node","medium","Do the right terminal of the inductor in the diagram and the right terminal of the capacitor in the diagram belong to the same electrical node, connected by continuous ideal wire without passing through a component?","图中的电感的右端与图中的电容的右端是否属于同一个电气节点（可由连续理想导线相连，且中间不经过元件）？","否","yes_no"
"qa_v7c_000085","img_0047","train__d1_315_png.rf.c9cbc3ced564aabb2910b9f4f64ab7c5","images/img_0047.jpg","connectivity","terminal_same_node","medium","Do the lower terminal of the 2nd inductor from the left and the lower terminal of the 1st inductor from the left belong to the same electrical node, connected by continuous ideal wire without passing through a component?","从左到右第2个电感的下端与从左到右第1个电感的下端是否属于同一个电气节点（可由连续理想导线相连，且中间不经过元件）？","否","yes_no"
"qa_v7c_000086","img_0047","train__d1_315_png.rf.c9cbc3ced564aabb2910b9f4f64ab7c5","images/img_0047.jpg","connectivity","terminal_same_node","medium","Do the left terminal of the resistor in the diagram and the upper terminal of the 1st inductor from the left belong to the same electrical node, connected by continuous ideal wire without passing through a component?","图中的电阻的左端与从左到右第1个电感的上端是否属于同一个电气节点（可由连续理想导线相连，且中间不经过元件）？","是","yes_no"
"qa_v7c_000087","img_0353","train__d1_316_png.rf.c8e95c59bb0d01d9f6804d1f7d651803","images/img_0353.jpg","connectivity","terminal_same_node","medium","Do the right terminal of the capacitor in the diagram and the upper terminal of the inductor in the diagram belong to the same electrical node, connected by continuous ideal wire without passing through a component?","图中的电容的右端与图中的电感的上端是否属于同一个电气节点（可由连续理想导线相连，且中间不经过元件）？","否","yes_no"
"qa_v7c_000088","img_0353","train__d1_316_png.rf.c8e95c59bb0d01d9f6804d1f7d651803","images/img_0353.jpg","connectivity","terminal_same_node","medium","Do the upper terminal of the inductor in the diagram and the right terminal of the resistor in the diagram belong to the same electrical node, connected by continuous ideal wire without passing through a component?","图中的电感的上端与图中的电阻的右端是否属于同一个电气节点（可由连续理想导线相连，且中间不经过元件）？","是","yes_no"
"qa_v7c_000089","img_0364","train__d1_319_png.rf.aacdc27c284107173b249fb0e754abf2","images/img_0364.jpg","connectivity","terminal_same_node","medium","Do the right terminal of the voltage source in the diagram and the right terminal of the resistor in the diagram belong to the same electrical node, connected by continuous ideal wire without passing through a component?","图中的电压源的右端与图中的电阻的右端是否属于同一个电气节点（可由连续理想导线相连，且中间不经过元件）？","是","yes_no"
"qa_v7c_000090","img_0364","train__d1_319_png.rf.aacdc27c284107173b249fb0e754abf2","images/img_0364.jpg","connectivity","terminal_same_node","medium","Do the left terminal of the voltage source in the diagram and the left terminal of the capacitor in the diagram belong to the same electrical node, connected by continuous ideal wire without passing through a component?","图中的电压源的左端与图中的电容的左端是否属于同一个电气节点（可由连续理想导线相连，且中间不经过元件）？","否","yes_no"
"qa_v7c_000091","img_0061","train__d1_322_png.rf.d00d43465079ff29554c34c060881550","images/img_0061.jpg","connectivity","terminal_same_node","medium","Do the right terminal of the 1st resistor from the left and the lower terminal of the 2nd resistor from the left belong to the same electrical node, connected by continuous ideal wire without passing through a component?","从左到右第1个电阻的右端与从左到右第2个电阻的下端是否属于同一个电气节点（可由连续理想导线相连，且中间不经过元件）？","否","yes_no"
"qa_v7c_000092","img_0061","train__d1_322_png.rf.d00d43465079ff29554c34c060881550","images/img_0061.jpg","connectivity","terminal_same_node","medium","Do the left terminal of the 1st resistor from the left and the upper terminal of the voltage source in the diagram belong to the same electrical node, connected by continuous ideal wire without passing through a component?","从左到右第1个电阻的左端与图中的电压源的上端是否属于同一个电气节点（可由连续理想导线相连，且中间不经过元件）？","是","yes_no"
"qa_v7c_000093","img_0014","train__d1_323_png.rf.5c42726992727e25a463c24c47520a55","images/img_0014.jpg","connectivity","terminal_same_node","medium","Do the left terminal of the capacitor in the diagram and the upper terminal of the resistor in the diagram belong to the same electrical node, connected by continuous ideal wire without passing through a component?","图中的电容的左端与图中的电阻的上端是否属于同一个电气节点（可由连续理想导线相连，且中间不经过元件）？","否","yes_no"
"qa_v7c_000094","img_0014","train__d1_323_png.rf.5c42726992727e25a463c24c47520a55","images/img_0014.jpg","connectivity","terminal_same_node","medium","Do the right terminal of the inductor in the diagram and the upper terminal of the resistor in the diagram belong to the same electrical node, connected by continuous ideal wire without passing through a component?","图中的电感的右端与图中的电阻的上端是否属于同一个电气节点（可由连续理想导线相连，且中间不经过元件）？","是","yes_no"
"qa_v7c_000095","img_0130","train__d1_329_png.rf.25218716573093ee81a3b7d085ade787","images/img_0130.jpg","connectivity","terminal_same_node","medium","Do the upper terminal of the resistor in the diagram and the right terminal of the capacitor in the diagram belong to the same electrical node, connected by continuous ideal wire without passing through a component?","图中的电阻的上端与图中的电容的右端是否属于同一个电气节点（可由连续理想导线相连，且中间不经过元件）？","是","yes_no"
"qa_v7c_000096","img_0130","train__d1_329_png.rf.25218716573093ee81a3b7d085ade787","images/img_0130.jpg","connectivity","terminal_same_node","medium","Do the lower terminal of the resistor in the diagram and the left terminal of the inductor in the diagram belong to the same electrical node, connected by continuous ideal wire without passing through a component?","图中的电阻的下端与图中的电感的左端是否属于同一个电气节点（可由连续理想导线相连，且中间不经过元件）？","否","yes_no"
"qa_v7c_000097","img_0039","train__d1_335_png.rf.1e10b956147a81cb707a8695cf046bdf","images/img_0039.jpg","connectivity","terminal_same_node","medium","Do the lower terminal of the capacitor in the diagram and the lower terminal of the resistor in the diagram belong to the same electrical node, connected by continuous ideal wire without passing through a component?","图中的电容的下端与图中的电阻的下端是否属于同一个电气节点（可由连续理想导线相连，且中间不经过元件）？","否","yes_no"
"qa_v7c_000098","img_0039","train__d1_335_png.rf.1e10b956147a81cb707a8695cf046bdf","images/img_0039.jpg","connectivity","terminal_same_node","medium","Do the lower terminal of the inductor in the diagram and the lower terminal of the capacitor in the diagram belong to the same electrical node, connected by continuous ideal wire without passing through a component?","图中的电感的下端与图中的电容的下端是否属于同一个电气节点（可由连续理想导线相连，且中间不经过元件）？","是","yes_no"
"qa_v7c_000099","img_0223","train__d1_338_png.rf.975c4c8fc8f632485152275204aa41e4","images/img_0223.jpg","connectivity","terminal_same_node","medium","Do the upper terminal of the capacitor in the diagram and the upper terminal of the inductor in the diagram belong to the same electrical node, connected by continuous ideal wire without passing through a component?","图中的电容的上端与图中的电感的上端是否属于同一个电气节点（可由连续理想导线相连，且中间不经过元件）？","是","yes_no"
"qa_v7c_000100","img_0223","train__d1_338_png.rf.975c4c8fc8f632485152275204aa41e4","images/img_0223.jpg","connectivity","terminal_same_node","medium","Do the lower terminal of the capacitor in the diagram and the upper terminal of the inductor in the diagram belong to the same electrical node, connected by continuous ideal wire without passing through a component?","图中的电容的下端与图中的电感的上端是否属于同一个电气节点（可由连续理想导线相连，且中间不经过元件）？","否","yes_no"
"qa_v7c_000101","img_0355","train__d1_340_png.rf.9abf8fc7cffaeada3d4548c6c15ceacb","images/img_0355.jpg","connectivity","terminal_same_node","medium","Do the right terminal of the inductor in the diagram and the upper terminal of the capacitor in the diagram belong to the same electrical node, connected by continuous ideal wire without passing through a component?","图中的电感的右端与图中的电容的上端是否属于同一个电气节点（可由连续理想导线相连，且中间不经过元件）？","否","yes_no"
"qa_v7c_000102","img_0355","train__d1_340_png.rf.9abf8fc7cffaeada3d4548c6c15ceacb","images/img_0355.jpg","connectivity","terminal_same_node","medium","Do the upper terminal of the resistor in the diagram and the right terminal of the inductor in the diagram belong to the same electrical node, connected by continuous ideal wire without passing through a component?","图中的电阻的上端与图中的电感的右端是否属于同一个电气节点（可由连续理想导线相连，且中间不经过元件）？","是","yes_no"
"qa_v7c_000103","img_0291","train__d1_342_png.rf.8d4df72c442c9034af89742cc95379d3","images/img_0291.jpg","connectivity","terminal_same_node","medium","Do the upper terminal of the capacitor in the diagram and the left terminal of the inductor in the diagram belong to the same electrical node, connected by continuous ideal wire without passing through a component?","图中的电容的上端与图中的电感的左端是否属于同一个电气节点（可由连续理想导线相连，且中间不经过元件）？","否","yes_no"
"qa_v7c_000104","img_0291","train__d1_342_png.rf.8d4df72c442c9034af89742cc95379d3","images/img_0291.jpg","connectivity","terminal_same_node","medium","Do the lower terminal of the capacitor in the diagram and the lower terminal of the voltage source in the diagram belong to the same electrical node, connected by continuous ideal wire without passing through a component?","图中的电容的下端与图中的电压源的下端是否属于同一个电气节点（可由连续理想导线相连，且中间不经过元件）？","是","yes_no"
"qa_v7c_000105","img_0185","train__d1_343_png.rf.a44e3839b619f7004b0df0df8ebaf147","images/img_0185.jpg","connectivity","terminal_same_node","medium","Do the right terminal of the 1st inductor from the top and the right terminal of the capacitor in the diagram belong to the same electrical node, connected by continuous ideal wire without passing through a component?","从上到下第1个电感的右端与图中的电容的右端是否属于同一个电气节点（可由连续理想导线相连，且中间不经过元件）？","是","yes_no"
"qa_v7c_000106","img_0185","train__d1_343_png.rf.a44e3839b619f7004b0df0df8ebaf147","images/img_0185.jpg","connectivity","terminal_same_node","medium","Do the right terminal of the 1st inductor from the top and the left terminal of the capacitor in the diagram belong to the same electrical node, connected by continuous ideal wire without passing through a component?","从上到下第1个电感的右端与图中的电容的左端是否属于同一个电气节点（可由连续理想导线相连，且中间不经过元件）？","否","yes_no"
"qa_v7c_000107","img_0065","train__d1_356_png.rf.632cbdbb26bc94f5ed191a2a38f22412","images/img_0065.jpg","connectivity","terminal_same_node","medium","Do the lower terminal of the voltage source in the diagram and the right terminal of the capacitor in the diagram belong to the same electrical node, connected by continuous ideal wire without passing through a component?","图中的电压源的下端与图中的电容的右端是否属于同一个电气节点（可由连续理想导线相连，且中间不经过元件）？","是","yes_no"
"qa_v7c_000108","img_0065","train__d1_356_png.rf.632cbdbb26bc94f5ed191a2a38f22412","images/img_0065.jpg","connectivity","terminal_same_node","medium","Do the lower terminal of the voltage source in the diagram and the left terminal of the capacitor in the diagram belong to the same electrical node, connected by continuous ideal wire without passing through a component?","图中的电压源的下端与图中的电容的左端是否属于同一个电气节点（可由连续理想导线相连，且中间不经过元件）？","否","yes_no"
"qa_v7c_000109","img_0324","train__d1_359_png.rf.b712616805df8cda55c99b49e65c0e7b","images/img_0324.jpg","connectivity","terminal_same_node","medium","Do the right terminal of the inductor in the diagram and the upper terminal of the capacitor in the diagram belong to the same electrical node, connected by continuous ideal wire without passing through a component?","图中的电感的右端与图中的电容的上端是否属于同一个电气节点（可由连续理想导线相连，且中间不经过元件）？","是","yes_no"
"qa_v7c_000110","img_0324","train__d1_359_png.rf.b712616805df8cda55c99b49e65c0e7b","images/img_0324.jpg","connectivity","terminal_same_node","medium","Do the left terminal of the inductor in the diagram and the left terminal of the resistor in the diagram belong to the same electrical node, connected by continuous ideal wire without passing through a component?","图中的电感的左端与图中的电阻的左端是否属于同一个电气节点（可由连续理想导线相连，且中间不经过元件）？","否","yes_no"
"qa_v7c_000111","img_0052","train__d1_362_png.rf.aa20b54541169e66a7ab0e3201f837a7","images/img_0052.jpg","connectivity","terminal_same_node","medium","Do the upper terminal of the inductor in the diagram and the right terminal of the resistor in the diagram belong to the same electrical node, connected by continuous ideal wire without passing through a component?","图中的电感的上端与图中的电阻的右端是否属于同一个电气节点（可由连续理想导线相连，且中间不经过元件）？","是","yes_no"
"qa_v7c_000112","img_0052","train__d1_362_png.rf.aa20b54541169e66a7ab0e3201f837a7","images/img_0052.jpg","connectivity","terminal_same_node","medium","Do the lower terminal of the inductor in the diagram and the left terminal of the capacitor in the diagram belong to the same electrical node, connected by continuous ideal wire without passing through a component?","图中的电感的下端与图中的电容的左端是否属于同一个电气节点（可由连续理想导线相连，且中间不经过元件）？","否","yes_no"
"qa_v7c_000113","img_0317","train__d1_364_png.rf.8fe25187c0f3a9bd45923aeca5bde986","images/img_0317.jpg","connectivity","terminal_same_node","medium","Do the upper terminal of the 1st voltage source from the left and the left terminal of the 2nd resistor from the left belong to the same electrical node, connected by continuous ideal wire without passing through a component?","从左到右第1个电压源的上端与从左到右第2个电阻的左端是否属于同一个电气节点（可由连续理想导线相连，且中间不经过元件）？","否","yes_no"
"qa_v7c_000114","img_0317","train__d1_364_png.rf.8fe25187c0f3a9bd45923aeca5bde986","images/img_0317.jpg","connectivity","terminal_same_node","medium","Do the lower terminal of the 1st voltage source from the left and the lower terminal of the 2nd voltage source from the left belong to the same electrical node, connected by continuous ideal wire without passing through a component?","从左到右第1个电压源的下端与从左到右第2个电压源的下端是否属于同一个电气节点（可由连续理想导线相连，且中间不经过元件）？","是","yes_no"
"qa_v7c_000115","img_0344","train__d1_365_png.rf.8235d6e9dd969f0decd6c9037b3d837b","images/img_0344.jpg","connectivity","terminal_same_node","medium","Do the upper terminal of the 1st inductor from the left and the right terminal of the 1st resistor from the left belong to the same electrical node, connected by continuous ideal wire without passing through a component?","从左到右第1个电感的上端与从左到右第1个电阻的右端是否属于同一个电气节点（可由连续理想导线相连，且中间不经过元件）？","是","yes_no"
"qa_v7c_000116","img_0344","train__d1_365_png.rf.8235d6e9dd969f0decd6c9037b3d837b","images/img_0344.jpg","connectivity","terminal_same_node","medium","Do the lower terminal of the voltage source in the diagram and the upper terminal of the capacitor in the diagram belong to the same electrical node, connected by continuous ideal wire without passing through a component?","图中的电压源的下端与图中的电容的上端是否属于同一个电气节点（可由连续理想导线相连，且中间不经过元件）？","否","yes_no"
"qa_v7c_000117","img_0365","train__d1_367_png.rf.9ae29d133562c9e4a9b09148be205207","images/img_0365.jpg","connectivity","terminal_same_node","medium","Do the upper terminal of the capacitor in the diagram and the upper terminal of the inductor in the diagram belong to the same electrical node, connected by continuous ideal wire without passing through a component?","图中的电容的上端与图中的电感的上端是否属于同一个电气节点（可由连续理想导线相连，且中间不经过元件）？","是","yes_no"
"qa_v7c_000118","img_0365","train__d1_367_png.rf.9ae29d133562c9e4a9b09148be205207","images/img_0365.jpg","connectivity","terminal_same_node","medium","Do the lower terminal of the capacitor in the diagram and the upper terminal of the inductor in the diagram belong to the same electrical node, connected by continuous ideal wire without passing through a component?","图中的电容的下端与图中的电感的上端是否属于同一个电气节点（可由连续理想导线相连，且中间不经过元件）？","否","yes_no"
"qa_v7c_000119","img_0256","train__d1_373_png.rf.482c6e1dafc157525d65b11a7e0e22ad","images/img_0256.jpg","connectivity","terminal_same_node","medium","Do the upper terminal of the voltage source in the diagram and the left terminal of the resistor in the diagram belong to the same electrical node, connected by continuous ideal wire without passing through a component?","图中的电压源的上端与图中的电阻的左端是否属于同一个电气节点（可由连续理想导线相连，且中间不经过元件）？","是","yes_no"
"qa_v7c_000120","img_0256","train__d1_373_png.rf.482c6e1dafc157525d65b11a7e0e22ad","images/img_0256.jpg","connectivity","terminal_same_node","medium","Do the left terminal of the resistor in the diagram and the upper terminal of the capacitor in the diagram belong to the same electrical node, connected by continuous ideal wire without passing through a component?","图中的电阻的左端与图中的电容的上端是否属于同一个电气节点（可由连续理想导线相连，且中间不经过元件）？","否","yes_no"
"qa_v7c_000121","img_0143","train__d1_374_png.rf.536a4d55fbd2da73dd69d29569926a6b","images/img_0143.jpg","connectivity","terminal_same_node","medium","Do the right terminal of the capacitor in the diagram and the left terminal of the inductor in the diagram belong to the same electrical node, connected by continuous ideal wire without passing through a component?","图中的电容的右端与图中的电感的左端是否属于同一个电气节点（可由连续理想导线相连，且中间不经过元件）？","是","yes_no"
"qa_v7c_000122","img_0143","train__d1_374_png.rf.536a4d55fbd2da73dd69d29569926a6b","images/img_0143.jpg","connectivity","terminal_same_node","medium","Do the right terminal of the resistor in the diagram and the lower terminal of the voltage source in the diagram belong to the same electrical node, connected by continuous ideal wire without passing through a component?","图中的电阻的右端与图中的电压源的下端是否属于同一个电气节点（可由连续理想导线相连，且中间不经过元件）？","否","yes_no"
"qa_v7c_000123","img_0286","train__d1_383_png.rf.00205d9b1f4c05a9ba7bd4f6000a4f32","images/img_0286.jpg","connectivity","terminal_same_node","medium","Do the left terminal of the voltage source in the diagram and the right terminal of the resistor in the diagram belong to the same electrical node, connected by continuous ideal wire without passing through a component?","图中的电压源的左端与图中的电阻的右端是否属于同一个电气节点（可由连续理想导线相连，且中间不经过元件）？","否","yes_no"
"qa_v7c_000124","img_0286","train__d1_383_png.rf.00205d9b1f4c05a9ba7bd4f6000a4f32","images/img_0286.jpg","connectivity","terminal_same_node","medium","Do the right terminal of the inductor in the diagram and the left terminal of the capacitor in the diagram belong to the same electrical node, connected by continuous ideal wire without passing through a component?","图中的电感的右端与图中的电容的左端是否属于同一个电气节点（可由连续理想导线相连，且中间不经过元件）？","是","yes_no"
"qa_v7c_000125","img_0139","train__d1_386_png.rf.a82dbff91efeb4e0d09d02c01383fad0","images/img_0139.jpg","connectivity","terminal_same_node","medium","Do the upper terminal of the inductor in the diagram and the lower terminal of the capacitor in the diagram belong to the same electrical node, connected by continuous ideal wire without passing through a component?","图中的电感的上端与图中的电容的下端是否属于同一个电气节点（可由连续理想导线相连，且中间不经过元件）？","否","yes_no"
"qa_v7c_000126","img_0139","train__d1_386_png.rf.a82dbff91efeb4e0d09d02c01383fad0","images/img_0139.jpg","connectivity","terminal_same_node","medium","Do the lower terminal of the inductor in the diagram and the lower terminal of the capacitor in the diagram belong to the same electrical node, connected by continuous ideal wire without passing through a component?","图中的电感的下端与图中的电容的下端是否属于同一个电气节点（可由连续理想导线相连，且中间不经过元件）？","是","yes_no"
"qa_v7c_000127","img_0019","train__d1_387_png.rf.9ef626f8c7816ec8cc81545bd0fca992","images/img_0019.jpg","connectivity","terminal_same_node","medium","Do the upper terminal of the capacitor in the diagram and the upper terminal of the inductor in the diagram belong to the same electrical node, connected by continuous ideal wire without passing through a component?","图中的电容的上端与图中的电感的上端是否属于同一个电气节点（可由连续理想导线相连，且中间不经过元件）？","否","yes_no"
"qa_v7c_000128","img_0019","train__d1_387_png.rf.9ef626f8c7816ec8cc81545bd0fca992","images/img_0019.jpg","connectivity","terminal_same_node","medium","Do the upper terminal of the inductor in the diagram and the lower terminal of the resistor in the diagram belong to the same electrical node, connected by continuous ideal wire without passing through a component?","图中的电感的上端与图中的电阻的下端是否属于同一个电气节点（可由连续理想导线相连，且中间不经过元件）？","是","yes_no"
"qa_v7c_000129","img_0120","train__d1_390_png.rf.966db7690418f0892206ba543e3de76d","images/img_0120.jpg","connectivity","terminal_same_node","medium","Do the lower terminal of the capacitor in the diagram and the left terminal of the resistor in the diagram belong to the same electrical node, connected by continuous ideal wire without passing through a component?","图中的电容的下端与图中的电阻的左端是否属于同一个电气节点（可由连续理想导线相连，且中间不经过元件）？","否","yes_no"
"qa_v7c_000130","img_0120","train__d1_390_png.rf.966db7690418f0892206ba543e3de76d","images/img_0120.jpg","connectivity","terminal_same_node","medium","Do the right terminal of the inductor in the diagram and the lower terminal of the capacitor in the diagram belong to the same electrical node, connected by continuous ideal wire without passing through a component?","图中的电感的右端与图中的电容的下端是否属于同一个电气节点（可由连续理想导线相连，且中间不经过元件）？","是","yes_no"
"qa_v7c_000131","img_0101","train__d1_391_png.rf.b9002b71a942ca47b9acd4d532322e0d","images/img_0101.jpg","connectivity","terminal_same_node","medium","Do the lower terminal of the inductor in the diagram and the lower terminal of the current source in the diagram belong to the same electrical node, connected by continuous ideal wire without passing through a component?","图中的电感的下端与图中的电流源的下端是否属于同一个电气节点（可由连续理想导线相连，且中间不经过元件）？","否","yes_no"
"qa_v7c_000132","img_0101","train__d1_391_png.rf.b9002b71a942ca47b9acd4d532322e0d","images/img_0101.jpg","connectivity","terminal_same_node","medium","Do the lower terminal of the current source in the diagram and the lower terminal of the capacitor in the diagram belong to the same electrical node, connected by continuous ideal wire without passing through a component?","图中的电流源的下端与图中的电容的下端是否属于同一个电气节点（可由连续理想导线相连，且中间不经过元件）？","是","yes_no"
"qa_v7c_000133","img_0265","train__d1_397_png.rf.0b8b32cd438271372418b756f44b40b6","images/img_0265.jpg","connectivity","terminal_same_node","medium","Do the left terminal of the inductor in the diagram and the upper terminal of the voltage source in the diagram belong to the same electrical node, connected by continuous ideal wire without passing through a component?","图中的电感的左端与图中的电压源的上端是否属于同一个电气节点（可由连续理想导线相连，且中间不经过元件）？","是","yes_no"
"qa_v7c_000134","img_0265","train__d1_397_png.rf.0b8b32cd438271372418b756f44b40b6","images/img_0265.jpg","connectivity","terminal_same_node","medium","Do the upper terminal of the resistor in the diagram and the lower terminal of the capacitor in the diagram belong to the same electrical node, connected by continuous ideal wire without passing through a component?","图中的电阻的上端与图中的电容的下端是否属于同一个电气节点（可由连续理想导线相连，且中间不经过元件）？","否","yes_no"
"qa_v7c_000135","img_0380","train__d1_autockt_-109_png.rf.d84fb18ba91a62c80909c60f51cfc087","images/img_0380.jpg","connectivity","terminal_same_node","medium","Do the upper terminal of the 2nd inductor from the left and the left terminal of the 2nd resistor from the left belong to the same electrical node, connected by continuous ideal wire without passing through a component?","从左到右第2个电感的上端与从左到右第2个电阻的左端是否属于同一个电气节点（可由连续理想导线相连，且中间不经过元件）？","否","yes_no"
"qa_v7c_000136","img_0380","train__d1_autockt_-109_png.rf.d84fb18ba91a62c80909c60f51cfc087","images/img_0380.jpg","connectivity","terminal_same_node","medium","Do the lower terminal of the 2nd inductor from the left and the right terminal of the 2nd resistor from the left belong to the same electrical node, connected by continuous ideal wire without passing through a component?","从左到右第2个电感的下端与从左到右第2个电阻的右端是否属于同一个电气节点（可由连续理想导线相连，且中间不经过元件）？","是","yes_no"
"qa_v7c_000137","img_0323","train__d1_autockt_-111_png.rf.1a59b6dd3c38d828c79b8aaa7c6cd1b3","images/img_0323.jpg","connectivity","terminal_same_node","medium","Do the lower terminal of the inductor in the diagram and the left terminal of the 1st resistor from the left belong to the same electrical node, connected by continuous ideal wire without passing through a component?","图中的电感的下端与从左到右第1个电阻的左端是否属于同一个电气节点（可由连续理想导线相连，且中间不经过元件）？","是","yes_no"
"qa_v7c_000138","img_0323","train__d1_autockt_-111_png.rf.1a59b6dd3c38d828c79b8aaa7c6cd1b3","images/img_0323.jpg","connectivity","terminal_same_node","medium","Do the lower terminal of the inductor in the diagram and the lower terminal of the capacitor in the diagram belong to the same electrical node, connected by continuous ideal wire without passing through a component?","图中的电感的下端与图中的电容的下端是否属于同一个电气节点（可由连续理想导线相连，且中间不经过元件）？","否","yes_no"
"qa_v7c_000139","img_0200","train__d1_autockt_-113_png.rf.55a0c3902d7e4ba7a990ce81436de3a6","images/img_0200.jpg","connectivity","terminal_same_node","medium","Do the right terminal of the inductor in the diagram and the upper terminal of the capacitor in the diagram belong to the same electrical node, connected by continuous ideal wire without passing through a component?","图中的电感的右端与图中的电容的上端是否属于同一个电气节点（可由连续理想导线相连，且中间不经过元件）？","否","yes_no"
"qa_v7c_000140","img_0200","train__d1_autockt_-113_png.rf.55a0c3902d7e4ba7a990ce81436de3a6","images/img_0200.jpg","connectivity","terminal_same_node","medium","Do the right terminal of the inductor in the diagram and the lower terminal of the capacitor in the diagram belong to the same electrical node, connected by continuous ideal wire without passing through a component?","图中的电感的右端与图中的电容的下端是否属于同一个电气节点（可由连续理想导线相连，且中间不经过元件）？","是","yes_no"
"qa_v7c_000141","img_0111","train__d1_autockt_-115_png.rf.25fcff4128ce96986c2e715be91f57ba","images/img_0111.jpg","connectivity","terminal_same_node","medium","Do the upper terminal of the 2nd resistor from the left and the right terminal of the capacitor in the diagram belong to the same electrical node, connected by continuous ideal wire without passing through a component?","从左到右第2个电阻的上端与图中的电容的右端是否属于同一个电气节点（可由连续理想导线相连，且中间不经过元件）？","是","yes_no"
"qa_v7c_000142","img_0111","train__d1_autockt_-115_png.rf.25fcff4128ce96986c2e715be91f57ba","images/img_0111.jpg","connectivity","terminal_same_node","medium","Do the lower terminal of the inductor in the diagram and the lower terminal of the 1st resistor from the left belong to the same electrical node, connected by continuous ideal wire without passing through a component?","图中的电感的下端与从左到右第1个电阻的下端是否属于同一个电气节点（可由连续理想导线相连，且中间不经过元件）？","否","yes_no"
"qa_v7c_000143","img_0123","train__d1_autockt_-119_png.rf.a37a75551c934c7871b131c8daa630be","images/img_0123.jpg","connectivity","terminal_same_node","medium","Do the left terminal of the 1st resistor from the top and the right terminal of the 2nd resistor from the top belong to the same electrical node, connected by continuous ideal wire without passing through a component?","从上到下第1个电阻的左端与从上到下第2个电阻的右端是否属于同一个电气节点（可由连续理想导线相连，且中间不经过元件）？","否","yes_no"
"qa_v7c_000144","img_0123","train__d1_autockt_-119_png.rf.a37a75551c934c7871b131c8daa630be","images/img_0123.jpg","connectivity","terminal_same_node","medium","Do the left terminal of the inductor in the diagram and the lower terminal of the capacitor in the diagram belong to the same electrical node, connected by continuous ideal wire without passing through a component?","图中的电感的左端与图中的电容的下端是否属于同一个电气节点（可由连续理想导线相连，且中间不经过元件）？","是","yes_no"
"qa_v7c_000145","img_0095","train__d1_autockt_-124_png.rf.ed6cee6453173739f2b209b7b250015e","images/img_0095.jpg","connectivity","terminal_same_node","medium","Do the lower terminal of the 1st resistor from the left and the right terminal of the 3rd resistor from the left belong to the same electrical node, connected by continuous ideal wire without passing through a component?","从左到右第1个电阻的下端与从左到右第3个电阻的右端是否属于同一个电气节点（可由连续理想导线相连，且中间不经过元件）？","否","yes_no"
"qa_v7c_000146","img_0095","train__d1_autockt_-124_png.rf.ed6cee6453173739f2b209b7b250015e","images/img_0095.jpg","connectivity","terminal_same_node","medium","Do the lower terminal of the capacitor in the diagram and the right terminal of the 3rd resistor from the left belong to the same electrical node, connected by continuous ideal wire without passing through a component?","图中的电容的下端与从左到右第3个电阻的右端是否属于同一个电气节点（可由连续理想导线相连，且中间不经过元件）？","是","yes_no"
"qa_v7c_000147","img_0015","train__d1_autockt_-131_png.rf.f6a3f28e5af57c53a61dbc6afca37603","images/img_0015.jpg","connectivity","terminal_same_node","medium","Do the right terminal of the inductor in the diagram and the lower terminal of the current source in the diagram belong to the same electrical node, connected by continuous ideal wire without passing through a component?","图中的电感的右端与图中的电流源的下端是否属于同一个电气节点（可由连续理想导线相连，且中间不经过元件）？","否","yes_no"
"qa_v7c_000148","img_0015","train__d1_autockt_-131_png.rf.f6a3f28e5af57c53a61dbc6afca37603","images/img_0015.jpg","connectivity","terminal_same_node","medium","Do the left terminal of the inductor in the diagram and the lower terminal of the voltage source in the diagram belong to the same electrical node, connected by continuous ideal wire without passing through a component?","图中的电感的左端与图中的电压源的下端是否属于同一个电气节点（可由连续理想导线相连，且中间不经过元件）？","是","yes_no"
"qa_v7c_000149","img_0241","train__d1_autockt_-132_png.rf.1b0f492f817fbdb706f85f9c4ce4d6bb","images/img_0241.jpg","connectivity","terminal_same_node","medium","Do the upper terminal of the 1st resistor from the left and the left terminal of the 3rd resistor from the left belong to the same electrical node, connected by continuous ideal wire without passing through a component?","从左到右第1个电阻的上端与从左到右第3个电阻的左端是否属于同一个电气节点（可由连续理想导线相连，且中间不经过元件）？","是","yes_no"
"qa_v7c_000150","img_0241","train__d1_autockt_-132_png.rf.1b0f492f817fbdb706f85f9c4ce4d6bb","images/img_0241.jpg","connectivity","terminal_same_node","medium","Do the lower terminal of the 2nd resistor from the left and the upper terminal of the 1st resistor from the left belong to the same electrical node, connected by continuous ideal wire without passing through a component?","从左到右第2个电阻的下端与从左到右第1个电阻的上端是否属于同一个电气节点（可由连续理想导线相连，且中间不经过元件）？","否","yes_no"
"qa_v7c_000151","img_0196","train__d1_autockt_-135_png.rf.1c27c76accc8d18c84f58823d2775d5b","images/img_0196.jpg","connectivity","terminal_same_node","medium","Do the left terminal of the 1st resistor from the top and the lower terminal of the capacitor in the diagram belong to the same electrical node, connected by continuous ideal wire without passing through a component?","从上到下第1个电阻的左端与图中的电容的下端是否属于同一个电气节点（可由连续理想导线相连，且中间不经过元件）？","否","yes_no"
"qa_v7c_000152","img_0196","train__d1_autockt_-135_png.rf.1c27c76accc8d18c84f58823d2775d5b","images/img_0196.jpg","connectivity","terminal_same_node","medium","Do the lower terminal of the capacitor in the diagram and the left terminal of the 2nd resistor from the top belong to the same electrical node, connected by continuous ideal wire without passing through a component?","图中的电容的下端与从上到下第2个电阻的左端是否属于同一个电气节点（可由连续理想导线相连，且中间不经过元件）？","是","yes_no"
"qa_v7c_000153","img_0149","train__d1_autockt_-136_png.rf.8e604fb6f98ed60f4436ae47a82699ae","images/img_0149.jpg","connectivity","terminal_same_node","medium","Do the lower terminal of the 1st resistor from the left and the left terminal of the 3rd resistor from the left belong to the same electrical node, connected by continuous ideal wire without passing through a component?","从左到右第1个电阻的下端与从左到右第3个电阻的左端是否属于同一个电气节点（可由连续理想导线相连，且中间不经过元件）？","是","yes_no"
"qa_v7c_000154","img_0149","train__d1_autockt_-136_png.rf.8e604fb6f98ed60f4436ae47a82699ae","images/img_0149.jpg","connectivity","terminal_same_node","medium","Do the lower terminal of the 1st resistor from the left and the left terminal of the capacitor in the diagram belong to the same electrical node, connected by continuous ideal wire without passing through a component?","从左到右第1个电阻的下端与图中的电容的左端是否属于同一个电气节点（可由连续理想导线相连，且中间不经过元件）？","否","yes_no"
"qa_v7c_000155","img_0270","train__d1_autockt_-13_png.rf.025534ea436898928757dc3827ed6cd5","images/img_0270.jpg","connectivity","terminal_same_node","medium","Do the right terminal of the 2nd resistor from the left and the upper terminal of the 4th resistor from the left belong to the same electrical node, connected by continuous ideal wire without passing through a component?","从左到右第2个电阻的右端与从左到右第4个电阻的上端是否属于同一个电气节点（可由连续理想导线相连，且中间不经过元件）？","否","yes_no"
"qa_v7c_000156","img_0270","train__d1_autockt_-13_png.rf.025534ea436898928757dc3827ed6cd5","images/img_0270.jpg","connectivity","terminal_same_node","medium","Do the lower terminal of the capacitor in the diagram and the upper terminal of the 4th resistor from the left belong to the same electrical node, connected by continuous ideal wire without passing through a component?","图中的电容的下端与从左到右第4个电阻的上端是否属于同一个电气节点（可由连续理想导线相连，且中间不经过元件）？","是","yes_no"
"qa_v7c_000157","img_0162","train__d1_autockt_-142_png.rf.ff74d374cf796e4ec677cfdc0f805eda","images/img_0162.jpg","connectivity","terminal_same_node","medium","Do the right terminal of the 2nd resistor from the top and the upper terminal of the capacitor in the diagram belong to the same electrical node, connected by continuous ideal wire without passing through a component?","从上到下第2个电阻的右端与图中的电容的上端是否属于同一个电气节点（可由连续理想导线相连，且中间不经过元件）？","否","yes_no"
"qa_v7c_000158","img_0162","train__d1_autockt_-142_png.rf.ff74d374cf796e4ec677cfdc0f805eda","images/img_0162.jpg","connectivity","terminal_same_node","medium","Do the left terminal of the inductor in the diagram and the right terminal of the 2nd resistor from the top belong to the same electrical node, connected by continuous ideal wire without passing through a component?","图中的电感的左端与从上到下第2个电阻的右端是否属于同一个电气节点（可由连续理想导线相连，且中间不经过元件）？","是","yes_no"
"qa_v7c_000159","img_0051","train__d1_autockt_-144_png.rf.d6268fbd3172b4d0f71da288031397d0","images/img_0051.jpg","connectivity","terminal_same_node","medium","Do the left terminal of the 1st voltage source from the left and the right terminal of the 1st resistor from the left belong to the same electrical node, connected by continuous ideal wire without passing through a component?","从左到右第1个电压源的左端与从左到右第1个电阻的右端是否属于同一个电气节点（可由连续理想导线相连，且中间不经过元件）？","否","yes_no"
"qa_v7c_000160","img_0051","train__d1_autockt_-144_png.rf.d6268fbd3172b4d0f71da288031397d0","images/img_0051.jpg","connectivity","terminal_same_node","medium","Do the right terminal of the capacitor in the diagram and the right terminal of the 2nd resistor from the left belong to the same electrical node, connected by continuous ideal wire without passing through a component?","图中的电容的右端与从左到右第2个电阻的右端是否属于同一个电气节点（可由连续理想导线相连，且中间不经过元件）？","是","yes_no"
"qa_v7c_000161","img_0055","train__d1_autockt_-145_png.rf.5cdde9875633aa11b68cd7ed33a6e59b","images/img_0055.jpg","connectivity","terminal_same_node","medium","Do the left terminal of the 1st voltage source from the left and the left terminal of the 2nd resistor from the top belong to the same electrical node, connected by continuous ideal wire without passing through a component?","从左到右第1个电压源的左端与从上到下第2个电阻的左端是否属于同一个电气节点（可由连续理想导线相连，且中间不经过元件）？","是","yes_no"
"qa_v7c_000162","img_0055","train__d1_autockt_-145_png.rf.5cdde9875633aa11b68cd7ed33a6e59b","images/img_0055.jpg","connectivity","terminal_same_node","medium","Do the left terminal of the 1st voltage source from the left and the lower terminal of the inductor in the diagram belong to the same electrical node, connected by continuous ideal wire without passing through a component?","从左到右第1个电压源的左端与图中的电感的下端是否属于同一个电气节点（可由连续理想导线相连，且中间不经过元件）？","否","yes_no"
"qa_v7c_000163","img_0164","train__d1_autockt_-148_png.rf.042d8ec0ac3afadf033652b0d5e78b74","images/img_0164.jpg","connectivity","terminal_same_node","medium","Do the upper terminal of the 1st current source from the left and the left terminal of the 1st resistor from the top belong to the same electrical node, connected by continuous ideal wire without passing through a component?","从左到右第1个电流源的上端与从上到下第1个电阻的左端是否属于同一个电气节点（可由连续理想导线相连，且中间不经过元件）？","是","yes_no"
"qa_v7c_000164","img_0164","train__d1_autockt_-148_png.rf.042d8ec0ac3afadf033652b0d5e78b74","images/img_0164.jpg","connectivity","terminal_same_node","medium","Do the left terminal of the inductor in the diagram and the upper terminal of the capacitor in the diagram belong to the same electrical node, connected by continuous ideal wire without passing through a component?","图中的电感的左端与图中的电容的上端是否属于同一个电气节点（可由连续理想导线相连，且中间不经过元件）？","否","yes_no"
"qa_v7c_000165","img_0115","train__d1_autockt_-153_png.rf.24137d8307ac729d7442f4aba4617663","images/img_0115.jpg","connectivity","terminal_same_node","medium","Do the upper terminal of the current source in the diagram and the right terminal of the 2nd resistor from the left belong to the same electrical node, connected by continuous ideal wire without passing through a component?","图中的电流源的上端与从左到右第2个电阻的右端是否属于同一个电气节点（可由连续理想导线相连，且中间不经过元件）？","否","yes_no"
"qa_v7c_000166","img_0115","train__d1_autockt_-153_png.rf.24137d8307ac729d7442f4aba4617663","images/img_0115.jpg","connectivity","terminal_same_node","medium","Do the upper terminal of the current source in the diagram and the left terminal of the 2nd resistor from the left belong to the same electrical node, connected by continuous ideal wire without passing through a component?","图中的电流源的上端与从左到右第2个电阻的左端是否属于同一个电气节点（可由连续理想导线相连，且中间不经过元件）？","是","yes_no"
"qa_v7c_000167","img_0044","train__d1_autockt_-154_png.rf.1d50739e7b1f87df0b2b3121dedf3572","images/img_0044.jpg","connectivity","terminal_same_node","medium","Do the lower terminal of the 2nd inductor from the left and the right terminal of the 2nd resistor from the left belong to the same electrical node, connected by continuous ideal wire without passing through a component?","从左到右第2个电感的下端与从左到右第2个电阻的右端是否属于同一个电气节点（可由连续理想导线相连，且中间不经过元件）？","否","yes_no"
"qa_v7c_000168","img_0044","train__d1_autockt_-154_png.rf.1d50739e7b1f87df0b2b3121dedf3572","images/img_0044.jpg","connectivity","terminal_same_node","medium","Do the lower terminal of the 2nd inductor from the left and the right terminal of the 3rd resistor from the left belong to the same electrical node, connected by continuous ideal wire without passing through a component?","从左到右第2个电感的下端与从左到右第3个电阻的右端是否属于同一个电气节点（可由连续理想导线相连，且中间不经过元件）？","是","yes_no"
"qa_v7c_000169","img_0381","train__d1_autockt_-157_png.rf.faa2457020e11118cf7957b9a7a0fd4b","images/img_0381.jpg","connectivity","terminal_same_node","medium","Do the upper terminal of the 1st resistor from the left and the right terminal of the inductor in the diagram belong to the same electrical node, connected by continuous ideal wire without passing through a component?","从左到右第1个电阻的上端与图中的电感的右端是否属于同一个电气节点（可由连续理想导线相连，且中间不经过元件）？","否","yes_no"
"qa_v7c_000170","img_0381","train__d1_autockt_-157_png.rf.faa2457020e11118cf7957b9a7a0fd4b","images/img_0381.jpg","connectivity","terminal_same_node","medium","Do the left terminal of the voltage source in the diagram and the upper terminal of the 1st resistor from the left belong to the same electrical node, connected by continuous ideal wire without passing through a component?","图中的电压源的左端与从左到右第1个电阻的上端是否属于同一个电气节点（可由连续理想导线相连，且中间不经过元件）？","是","yes_no"
"qa_v7c_000171","img_0359","train__d1_autockt_-162_png.rf.c4862eec77a29de4b90e9e9e3d53a8d4","images/img_0359.jpg","connectivity","terminal_same_node","medium","Do the upper terminal of the 1st resistor from the left and the left terminal of the 2nd resistor from the left belong to the same electrical node, connected by continuous ideal wire without passing through a component?","从左到右第1个电阻的上端与从左到右第2个电阻的左端是否属于同一个电气节点（可由连续理想导线相连，且中间不经过元件）？","否","yes_no"
"qa_v7c_000172","img_0359","train__d1_autockt_-162_png.rf.c4862eec77a29de4b90e9e9e3d53a8d4","images/img_0359.jpg","connectivity","terminal_same_node","medium","Do the upper terminal of the 3rd resistor from the left and the right terminal of the 2nd resistor from the left belong to the same electrical node, connected by continuous ideal wire without passing through a component?","从左到右第3个电阻的上端与从左到右第2个电阻的右端是否属于同一个电气节点（可由连续理想导线相连，且中间不经过元件）？","是","yes_no"
"qa_v7c_000173","img_0251","train__d1_autockt_-163_png.rf.e05478c4f718206b1ba145723be6e464","images/img_0251.jpg","connectivity","terminal_same_node","medium","Do the upper terminal of the 3rd resistor from the left and the right terminal of the 2nd resistor from the left belong to the same electrical node, connected by continuous ideal wire without passing through a component?","从左到右第3个电阻的上端与从左到右第2个电阻的右端是否属于同一个电气节点（可由连续理想导线相连，且中间不经过元件）？","是","yes_no"
"qa_v7c_000174","img_0251","train__d1_autockt_-163_png.rf.e05478c4f718206b1ba145723be6e464","images/img_0251.jpg","connectivity","terminal_same_node","medium","Do the upper terminal of the 3rd resistor from the left and the left terminal of the 2nd resistor from the left belong to the same electrical node, connected by continuous ideal wire without passing through a component?","从左到右第3个电阻的上端与从左到右第2个电阻的左端是否属于同一个电气节点（可由连续理想导线相连，且中间不经过元件）？","否","yes_no"
"qa_v7c_000175","img_0046","train__d1_autockt_-176_png.rf.9d18276e947642b313f8b194479caa96","images/img_0046.jpg","connectivity","terminal_same_node","medium","Do the right terminal of the voltage source in the diagram and the lower terminal of the capacitor in the diagram belong to the same electrical node, connected by continuous ideal wire without passing through a component?","图中的电压源的右端与图中的电容的下端是否属于同一个电气节点（可由连续理想导线相连，且中间不经过元件）？","是","yes_no"
"qa_v7c_000176","img_0046","train__d1_autockt_-176_png.rf.9d18276e947642b313f8b194479caa96","images/img_0046.jpg","connectivity","terminal_same_node","medium","Do the lower terminal of the inductor in the diagram and the lower terminal of the capacitor in the diagram belong to the same electrical node, connected by continuous ideal wire without passing through a component?","图中的电感的下端与图中的电容的下端是否属于同一个电气节点（可由连续理想导线相连，且中间不经过元件）？","否","yes_no"
"qa_v7c_000177","img_0158","train__d1_autockt_-178_png.rf.6e8e76540774f195a7a26d81497a19ca","images/img_0158.jpg","connectivity","terminal_same_node","medium","Do the left terminal of the 2nd inductor from the top and the upper terminal of the 1st resistor from the left belong to the same electrical node, connected by continuous ideal wire without passing through a component?","从上到下第2个电感的左端与从左到右第1个电阻的上端是否属于同一个电气节点（可由连续理想导线相连，且中间不经过元件）？","否","yes_no"
"qa_v7c_000178","img_0158","train__d1_autockt_-178_png.rf.6e8e76540774f195a7a26d81497a19ca","images/img_0158.jpg","connectivity","terminal_same_node","medium","Do the lower terminal of the 3rd resistor from the left and the lower terminal of the 1st resistor from the left belong to the same electrical node, connected by continuous ideal wire without passing through a component?","从左到右第3个电阻的下端与从左到右第1个电阻的下端是否属于同一个电气节点（可由连续理想导线相连，且中间不经过元件）？","是","yes_no"
"qa_v7c_000179","img_0119","train__d1_autockt_-181_png.rf.27562d0a9a3d928425895b6474b448cc","images/img_0119.jpg","connectivity","terminal_same_node","medium","Do the upper terminal of the 1st resistor from the left and the left terminal of the 1st current source from the left belong to the same electrical node, connected by continuous ideal wire without passing through a component?","从左到右第1个电阻的上端与从左到右第1个电流源的左端是否属于同一个电气节点（可由连续理想导线相连，且中间不经过元件）？","是","yes_no"
"qa_v7c_000180","img_0119","train__d1_autockt_-181_png.rf.27562d0a9a3d928425895b6474b448cc","images/img_0119.jpg","connectivity","terminal_same_node","medium","Do the right terminal of the capacitor in the diagram and the left terminal of the 1st current source from the left belong to the same electrical node, connected by continuous ideal wire without passing through a component?","图中的电容的右端与从左到右第1个电流源的左端是否属于同一个电气节点（可由连续理想导线相连，且中间不经过元件）？","否","yes_no"
"qa_v7c_000181","img_0100","train__d1_autockt_-183_png.rf.e279e82606bf281c709fc9c53f80e739","images/img_0100.jpg","connectivity","terminal_same_node","medium","Do the right terminal of the inductor in the diagram and the right terminal of the 2nd current source from the top belong to the same electrical node, connected by continuous ideal wire without passing through a component?","图中的电感的右端与从上到下第2个电流源的右端是否属于同一个电气节点（可由连续理想导线相连，且中间不经过元件）？","否","yes_no"
"qa_v7c_000182","img_0100","train__d1_autockt_-183_png.rf.e279e82606bf281c709fc9c53f80e739","images/img_0100.jpg","connectivity","terminal_same_node","medium","Do the right terminal of the inductor in the diagram and the upper terminal of the 2nd resistor from the left belong to the same electrical node, connected by continuous ideal wire without passing through a component?","图中的电感的右端与从左到右第2个电阻的上端是否属于同一个电气节点（可由连续理想导线相连，且中间不经过元件）？","是","yes_no"
"qa_v7c_000183","img_0027","train__d1_autockt_-185_png.rf.cdbeabe0ea76f342426a179191398cae","images/img_0027.jpg","connectivity","terminal_same_node","medium","Do the right terminal of the capacitor in the diagram and the left terminal of the 1st resistor from the left belong to the same electrical node, connected by continuous ideal wire without passing through a component?","图中的电容的右端与从左到右第1个电阻的左端是否属于同一个电气节点（可由连续理想导线相连，且中间不经过元件）？","是","yes_no"
"qa_v7c_000184","img_0027","train__d1_autockt_-185_png.rf.cdbeabe0ea76f342426a179191398cae","images/img_0027.jpg","connectivity","terminal_same_node","medium","Do the left terminal of the capacitor in the diagram and the lower terminal of the 2nd voltage source from the left belong to the same electrical node, connected by continuous ideal wire without passing through a component?","图中的电容的左端与从左到右第2个电压源的下端是否属于同一个电气节点（可由连续理想导线相连，且中间不经过元件）？","否","yes_no"
"qa_v7c_000185","img_0209","train__d1_autockt_-186_png.rf.b832966fc1ffa8a317d9c65c2b2a3700","images/img_0209.jpg","connectivity","terminal_same_node","medium","Do the right terminal of the capacitor in the diagram and the right terminal of the 2nd resistor from the left belong to the same electrical node, connected by continuous ideal wire without passing through a component?","图中的电容的右端与从左到右第2个电阻的右端是否属于同一个电气节点（可由连续理想导线相连，且中间不经过元件）？","否","yes_no"
"qa_v7c_000186","img_0209","train__d1_autockt_-186_png.rf.b832966fc1ffa8a317d9c65c2b2a3700","images/img_0209.jpg","connectivity","terminal_same_node","medium","Do the left terminal of the inductor in the diagram and the lower terminal of the 1st resistor from the left belong to the same electrical node, connected by continuous ideal wire without passing through a component?","图中的电感的左端与从左到右第1个电阻的下端是否属于同一个电气节点（可由连续理想导线相连，且中间不经过元件）？","是","yes_no"
"qa_v7c_000187","img_0083","train__d1_autockt_-197_png.rf.3398024521496010fc964ed00cd6d6b7","images/img_0083.jpg","connectivity","terminal_same_node","medium","Do the lower terminal of the 2nd voltage source from the left and the left terminal of the 2nd resistor from the top belong to the same electrical node, connected by continuous ideal wire without passing through a component?","从左到右第2个电压源的下端与从上到下第2个电阻的左端是否属于同一个电气节点（可由连续理想导线相连，且中间不经过元件）？","是","yes_no"
"qa_v7c_000188","img_0083","train__d1_autockt_-197_png.rf.3398024521496010fc964ed00cd6d6b7","images/img_0083.jpg","connectivity","terminal_same_node","medium","Do the upper terminal of the 2nd inductor from the left and the left terminal of the 1st resistor from the top belong to the same electrical node, connected by continuous ideal wire without passing through a component?","从左到右第2个电感的上端与从上到下第1个电阻的左端是否属于同一个电气节点（可由连续理想导线相连，且中间不经过元件）？","否","yes_no"
"qa_v7c_000189","img_0298","train__d1_autockt_-201_png.rf.55106b117ccb380bc2541978a8b6049c","images/img_0298.jpg","connectivity","terminal_same_node","medium","Do the lower terminal of the 1st resistor from the left and the left terminal of the 2nd resistor from the left belong to the same electrical node, connected by continuous ideal wire without passing through a component?","从左到右第1个电阻的下端与从左到右第2个电阻的左端是否属于同一个电气节点（可由连续理想导线相连，且中间不经过元件）？","是","yes_no"
"qa_v7c_000190","img_0298","train__d1_autockt_-201_png.rf.55106b117ccb380bc2541978a8b6049c","images/img_0298.jpg","connectivity","terminal_same_node","medium","Do the lower terminal of the 3rd resistor from the left and the lower terminal of the 2nd capacitor from the top belong to the same electrical node, connected by continuous ideal wire without passing through a component?","从左到右第3个电阻的下端与从上到下第2个电容的下端是否属于同一个电气节点（可由连续理想导线相连，且中间不经过元件）？","否","yes_no"
"qa_v7c_000191","img_0260","train__d1_autockt_-205_png.rf.5dc0799f6829932f2b57f142daeb4dc5","images/img_0260.jpg","connectivity","terminal_same_node","medium","Do the lower terminal of the 1st voltage source from the left and the left terminal of the 2nd resistor from the top belong to the same electrical node, connected by continuous ideal wire without passing through a component?","从左到右第1个电压源的下端与从上到下第2个电阻的左端是否属于同一个电气节点（可由连续理想导线相连，且中间不经过元件）？","是","yes_no"
"qa_v7c_000192","img_0260","train__d1_autockt_-205_png.rf.5dc0799f6829932f2b57f142daeb4dc5","images/img_0260.jpg","connectivity","terminal_same_node","medium","Do the lower terminal of the inductor in the diagram and the right terminal of the capacitor in the diagram belong to the same electrical node, connected by continuous ideal wire without passing through a component?","图中的电感的下端与图中的电容的右端是否属于同一个电气节点（可由连续理想导线相连，且中间不经过元件）？","否","yes_no"
"qa_v7c_000193","img_0066","train__d1_autockt_-206_png.rf.b0ec0917b62fc263195fe44aafc7feb0","images/img_0066.jpg","connectivity","terminal_same_node","medium","Do the upper terminal of the 2nd voltage source from the left and the upper terminal of the capacitor in the diagram belong to the same electrical node, connected by continuous ideal wire without passing through a component?","从左到右第2个电压源的上端与图中的电容的上端是否属于同一个电气节点（可由连续理想导线相连，且中间不经过元件）？","否","yes_no"
"qa_v7c_000194","img_0066","train__d1_autockt_-206_png.rf.b0ec0917b62fc263195fe44aafc7feb0","images/img_0066.jpg","connectivity","terminal_same_node","medium","Do the right terminal of the inductor in the diagram and the left terminal of the 2nd resistor from the left belong to the same electrical node, connected by continuous ideal wire without passing through a component?","图中的电感的右端与从左到右第2个电阻的左端是否属于同一个电气节点（可由连续理想导线相连，且中间不经过元件）？","是","yes_no"
"qa_v7c_000195","img_0287","train__d1_autockt_-208_png.rf.5819e4e9a8cfbdbfa84d39b7c1c08181","images/img_0287.jpg","connectivity","terminal_same_node","medium","Do the left terminal of the inductor in the diagram and the upper terminal of the capacitor in the diagram belong to the same electrical node, connected by continuous ideal wire without passing through a component?","图中的电感的左端与图中的电容的上端是否属于同一个电气节点（可由连续理想导线相连，且中间不经过元件）？","是","yes_no"
"qa_v7c_000196","img_0287","train__d1_autockt_-208_png.rf.5819e4e9a8cfbdbfa84d39b7c1c08181","images/img_0287.jpg","connectivity","terminal_same_node","medium","Do the left terminal of the inductor in the diagram and the lower terminal of the capacitor in the diagram belong to the same electrical node, connected by continuous ideal wire without passing through a component?","图中的电感的左端与图中的电容的下端是否属于同一个电气节点（可由连续理想导线相连，且中间不经过元件）？","否","yes_no"
"qa_v7c_000197","img_0366","train__d1_autockt_-214_png.rf.e0c51ef9b7e23fa1f077a6127e010e17","images/img_0366.jpg","connectivity","terminal_same_node","medium","Do the upper terminal of the 2nd resistor from the left and the right terminal of the 1st current source from the top belong to the same electrical node, connected by continuous ideal wire without passing through a component?","从左到右第2个电阻的上端与从上到下第1个电流源的右端是否属于同一个电气节点（可由连续理想导线相连，且中间不经过元件）？","是","yes_no"
"qa_v7c_000198","img_0366","train__d1_autockt_-214_png.rf.e0c51ef9b7e23fa1f077a6127e010e17","images/img_0366.jpg","connectivity","terminal_same_node","medium","Do the lower terminal of the 2nd resistor from the left and the upper terminal of the 1st capacitor from the left belong to the same electrical node, connected by continuous ideal wire without passing through a component?","从左到右第2个电阻的下端与从左到右第1个电容的上端是否属于同一个电气节点（可由连续理想导线相连，且中间不经过元件）？","否","yes_no"
"qa_v7c_000199","img_0299","train__d1_autockt_-215_png.rf.f13ee742362c583a6267bbfefa2025a6","images/img_0299.jpg","connectivity","terminal_same_node","medium","Do the left terminal of the 2nd inductor from the left and the upper terminal of the 3rd resistor from the left belong to the same electrical node, connected by continuous ideal wire without passing through a component?","从左到右第2个电感的左端与从左到右第3个电阻的上端是否属于同一个电气节点（可由连续理想导线相连，且中间不经过元件）？","否","yes_no"
"qa_v7c_000200","img_0299","train__d1_autockt_-215_png.rf.f13ee742362c583a6267bbfefa2025a6","images/img_0299.jpg","connectivity","terminal_same_node","medium","Do the upper terminal of the 3rd resistor from the left and the right terminal of the 1st resistor from the left belong to the same electrical node, connected by continuous ideal wire without passing through a component?","从左到右第3个电阻的上端与从左到右第1个电阻的右端是否属于同一个电气节点（可由连续理想导线相连，且中间不经过元件）？","是","yes_no"
"qa_v7c_000201","img_0267","train__d1_autockt_-219_png.rf.091b956fd3b071b85dbe70f9f927e549","images/img_0267.jpg","connectivity","terminal_same_node","medium","Do the left terminal of the 2nd inductor from the left and the left terminal of the 1st resistor from the left belong to the same electrical node, connected by continuous ideal wire without passing through a component?","从左到右第2个电感的左端与从左到右第1个电阻的左端是否属于同一个电气节点（可由连续理想导线相连，且中间不经过元件）？","否","yes_no"
"qa_v7c_000202","img_0267","train__d1_autockt_-219_png.rf.091b956fd3b071b85dbe70f9f927e549","images/img_0267.jpg","connectivity","terminal_same_node","medium","Do the lower terminal of the 3rd resistor from the left and the right terminal of the current source in the diagram belong to the same electrical node, connected by continuous ideal wire without passing through a component?","从左到右第3个电阻的下端与图中的电流源的右端是否属于同一个电气节点（可由连续理想导线相连，且中间不经过元件）？","是","yes_no"
"qa_v7c_000203","img_0289","train__d1_autockt_-222_png.rf.c001ee31370fbfbccfd7142f387253ae","images/img_0289.jpg","connectivity","terminal_same_node","medium","Do the right terminal of the 2nd voltage source from the left and the lower terminal of the capacitor in the diagram belong to the same electrical node, connected by continuous ideal wire without passing through a component?","从左到右第2个电压源的右端与图中的电容的下端是否属于同一个电气节点（可由连续理想导线相连，且中间不经过元件）？","是","yes_no"
"qa_v7c_000204","img_0289","train__d1_autockt_-222_png.rf.c001ee31370fbfbccfd7142f387253ae","images/img_0289.jpg","connectivity","terminal_same_node","medium","Do the left terminal of the 2nd voltage source from the left and the left terminal of the inductor in the diagram belong to the same electrical node, connected by continuous ideal wire without passing through a component?","从左到右第2个电压源的左端与图中的电感的左端是否属于同一个电气节点（可由连续理想导线相连，且中间不经过元件）？","否","yes_no"
"qa_v7c_000205","img_0341","train__d1_autockt_-227_png.rf.4de4f1238dd146d0b142d3b42a8d4c2f","images/img_0341.jpg","connectivity","terminal_same_node","medium","Do the right terminal of the 1st inductor from the left and the upper terminal of the 3rd resistor from the left belong to the same electrical node, connected by continuous ideal wire without passing through a component?","从左到右第1个电感的右端与从左到右第3个电阻的上端是否属于同一个电气节点（可由连续理想导线相连，且中间不经过元件）？","是","yes_no"
"qa_v7c_000206","img_0341","train__d1_autockt_-227_png.rf.4de4f1238dd146d0b142d3b42a8d4c2f","images/img_0341.jpg","connectivity","terminal_same_node","medium","Do the upper terminal of the 2nd inductor from the left and the right terminal of the 1st resistor from the left belong to the same electrical node, connected by continuous ideal wire without passing through a component?","从左到右第2个电感的上端与从左到右第1个电阻的右端是否属于同一个电气节点（可由连续理想导线相连，且中间不经过元件）？","否","yes_no"
"qa_v7c_000207","img_0338","train__d1_autockt_-232_png.rf.1c09a3675234bd688610dfa5f6017e8a","images/img_0338.jpg","connectivity","terminal_same_node","medium","Do the upper terminal of the inductor in the diagram and the right terminal of the 2nd current source from the top belong to the same electrical node, connected by continuous ideal wire without passing through a component?","图中的电感的上端与从上到下第2个电流源的右端是否属于同一个电气节点（可由连续理想导线相连，且中间不经过元件）？","否","yes_no"
"qa_v7c_000208","img_0338","train__d1_autockt_-232_png.rf.1c09a3675234bd688610dfa5f6017e8a","images/img_0338.jpg","connectivity","terminal_same_node","medium","Do the lower terminal of the inductor in the diagram and the right terminal of the 2nd current source from the top belong to the same electrical node, connected by continuous ideal wire without passing through a component?","图中的电感的下端与从上到下第2个电流源的右端是否属于同一个电气节点（可由连续理想导线相连，且中间不经过元件）？","是","yes_no"
"qa_v7c_000209","img_0172","train__d1_autockt_-236_png.rf.cc4d1a31abbd8a1b32c9a20fd70273d5","images/img_0172.jpg","connectivity","terminal_same_node","medium","Do the upper terminal of the 1st resistor from the top and the upper terminal of the capacitor in the diagram belong to the same electrical node, connected by continuous ideal wire without passing through a component?","从上到下第1个电阻的上端与图中的电容的上端是否属于同一个电气节点（可由连续理想导线相连，且中间不经过元件）？","否","yes_no"
"qa_v7c_000210","img_0172","train__d1_autockt_-236_png.rf.cc4d1a31abbd8a1b32c9a20fd70273d5","images/img_0172.jpg","connectivity","terminal_same_node","medium","Do the left terminal of the 2nd resistor from the top and the lower terminal of the capacitor in the diagram belong to the same electrical node, connected by continuous ideal wire without passing through a component?","从上到下第2个电阻的左端与图中的电容的下端是否属于同一个电气节点（可由连续理想导线相连，且中间不经过元件）？","是","yes_no"
"qa_v7c_000211","img_0330","train__d1_autockt_-23_png.rf.027bd37e1ba58a5b27e911960f07c89c","images/img_0330.jpg","connectivity","terminal_same_node","medium","Do the lower terminal of the 3rd resistor from the left and the right terminal of the inductor in the diagram belong to the same electrical node, connected by continuous ideal wire without passing through a component?","从左到右第3个电阻的下端与图中的电感的右端是否属于同一个电气节点（可由连续理想导线相连，且中间不经过元件）？","是","yes_no"
"qa_v7c_000212","img_0330","train__d1_autockt_-23_png.rf.027bd37e1ba58a5b27e911960f07c89c","images/img_0330.jpg","connectivity","terminal_same_node","medium","Do the left terminal of the voltage source in the diagram and the upper terminal of the capacitor in the diagram belong to the same electrical node, connected by continuous ideal wire without passing through a component?","图中的电压源的左端与图中的电容的上端是否属于同一个电气节点（可由连续理想导线相连，且中间不经过元件）？","否","yes_no"
"qa_v7c_000213","img_0284","train__d1_autockt_-243_png.rf.6704bc9dfa27371416ca6de120f025d8","images/img_0284.jpg","connectivity","terminal_same_node","medium","Do the upper terminal of the 2nd resistor from the top and the right terminal of the 1st resistor from the top belong to the same electrical node, connected by continuous ideal wire without passing through a component?","从上到下第2个电阻的上端与从上到下第1个电阻的右端是否属于同一个电气节点（可由连续理想导线相连，且中间不经过元件）？","是","yes_no"
"qa_v7c_000214","img_0284","train__d1_autockt_-243_png.rf.6704bc9dfa27371416ca6de120f025d8","images/img_0284.jpg","connectivity","terminal_same_node","medium","Do the left terminal of the inductor in the diagram and the right terminal of the 1st resistor from the top belong to the same electrical node, connected by continuous ideal wire without passing through a component?","图中的电感的左端与从上到下第1个电阻的右端是否属于同一个电气节点（可由连续理想导线相连，且中间不经过元件）？","否","yes_no"
"qa_v7c_000215","img_0176","train__d1_autockt_-244_png.rf.5b6f7ad75d59e5ba315c758d3a6fd04e","images/img_0176.jpg","connectivity","terminal_same_node","medium","Do the upper terminal of the 1st resistor from the left and the left terminal of the 1st capacitor from the top belong to the same electrical node, connected by continuous ideal wire without passing through a component?","从左到右第1个电阻的上端与从上到下第1个电容的左端是否属于同一个电气节点（可由连续理想导线相连，且中间不经过元件）？","是","yes_no"
"qa_v7c_000216","img_0176","train__d1_autockt_-244_png.rf.5b6f7ad75d59e5ba315c758d3a6fd04e","images/img_0176.jpg","connectivity","terminal_same_node","medium","Do the lower terminal of the 2nd resistor from the left and the left terminal of the 2nd capacitor from the top belong to the same electrical node, connected by continuous ideal wire without passing through a component?","从左到右第2个电阻的下端与从上到下第2个电容的左端是否属于同一个电气节点（可由连续理想导线相连，且中间不经过元件）？","否","yes_no"
"qa_v7c_000217","img_0179","train__d1_autockt_-245_png.rf.93e3c62d7e82b5edba9144be71728272","images/img_0179.jpg","connectivity","terminal_same_node","medium","Do the left terminal of the inductor in the diagram and the right terminal of the 2nd resistor from the top belong to the same electrical node, connected by continuous ideal wire without passing through a component?","图中的电感的左端与从上到下第2个电阻的右端是否属于同一个电气节点（可由连续理想导线相连，且中间不经过元件）？","是","yes_no"
"qa_v7c_000218","img_0222","train__d1_autockt_-24_png.rf.2217a96e32b725062bb2929073f00421","images/img_0222.jpg","connectivity","terminal_same_node","medium","Do the upper terminal of the capacitor in the diagram and the left terminal of the 1st resistor from the top belong to the same electrical node, connected by continuous ideal wire without passing through a component?","图中的电容的上端与从上到下第1个电阻的左端是否属于同一个电气节点（可由连续理想导线相连，且中间不经过元件）？","是","yes_no"
"qa_v7c_000219","img_0222","train__d1_autockt_-24_png.rf.2217a96e32b725062bb2929073f00421","images/img_0222.jpg","connectivity","terminal_same_node","medium","Do the left terminal of the inductor in the diagram and the upper terminal of the capacitor in the diagram belong to the same electrical node, connected by continuous ideal wire without passing through a component?","图中的电感的左端与图中的电容的上端是否属于同一个电气节点（可由连续理想导线相连，且中间不经过元件）？","否","yes_no"
"qa_v7c_000220","img_0391","train__d1_autockt_-250_png.rf.5dc7f96a8499ed821bd95bbf31055c5c","images/img_0391.jpg","connectivity","terminal_same_node","medium","Do the left terminal of the 2nd current source from the top and the left terminal of the 1st resistor from the top belong to the same electrical node, connected by continuous ideal wire without passing through a component?","从上到下第2个电流源的左端与从上到下第1个电阻的左端是否属于同一个电气节点（可由连续理想导线相连，且中间不经过元件）？","否","yes_no"
"qa_v7c_000221","img_0391","train__d1_autockt_-250_png.rf.5dc7f96a8499ed821bd95bbf31055c5c","images/img_0391.jpg","connectivity","terminal_same_node","medium","Do the lower terminal of the 2nd resistor from the top and the right terminal of the 2nd current source from the top belong to the same electrical node, connected by continuous ideal wire without passing through a component?","从上到下第2个电阻的下端与从上到下第2个电流源的右端是否属于同一个电气节点（可由连续理想导线相连，且中间不经过元件）？","是","yes_no"
"qa_v7c_000222","img_0308","train__d1_autockt_-252_png.rf.3dc4b23e2579dd6c511905aac57d667e","images/img_0308.jpg","connectivity","terminal_same_node","medium","Do the left terminal of the voltage source in the diagram and the upper terminal of the 1st capacitor from the top belong to the same electrical node, connected by continuous ideal wire without passing through a component?","图中的电压源的左端与从上到下第1个电容的上端是否属于同一个电气节点（可由连续理想导线相连，且中间不经过元件）？","是","yes_no"
"qa_v7c_000223","img_0308","train__d1_autockt_-252_png.rf.3dc4b23e2579dd6c511905aac57d667e","images/img_0308.jpg","connectivity","terminal_same_node","medium","Do the left terminal of the voltage source in the diagram and the left terminal of the 1st resistor from the left belong to the same electrical node, connected by continuous ideal wire without passing through a component?","图中的电压源的左端与从左到右第1个电阻的左端是否属于同一个电气节点（可由连续理想导线相连，且中间不经过元件）？","否","yes_no"
"qa_v7c_000224","img_0136","train__d1_autockt_-253_png.rf.6091c34e8523333a293a94711d8bf430","images/img_0136.jpg","connectivity","terminal_same_node","medium","Do the right terminal of the 2nd resistor from the left and the upper terminal of the 1st resistor from the left belong to the same electrical node, connected by continuous ideal wire without passing through a component?","从左到右第2个电阻的右端与从左到右第1个电阻的上端是否属于同一个电气节点（可由连续理想导线相连，且中间不经过元件）？","否","yes_no"
"qa_v7c_000225","img_0136","train__d1_autockt_-253_png.rf.6091c34e8523333a293a94711d8bf430","images/img_0136.jpg","connectivity","terminal_same_node","medium","Do the right terminal of the 2nd resistor from the left and the left terminal of the 3rd resistor from the left belong to the same electrical node, connected by continuous ideal wire without passing through a component?","从左到右第2个电阻的右端与从左到右第3个电阻的左端是否属于同一个电气节点（可由连续理想导线相连，且中间不经过元件）？","是","yes_no"
"qa_v7c_000226","img_0103","train__d1_autockt_-25_png.rf.0b8942c3aacc03d778572d69aebb6362","images/img_0103.jpg","connectivity","terminal_same_node","medium","Do the lower terminal of the 1st resistor from the left and the left terminal of the inductor in the diagram belong to the same electrical node, connected by continuous ideal wire without passing through a component?","从左到右第1个电阻的下端与图中的电感的左端是否属于同一个电气节点（可由连续理想导线相连，且中间不经过元件）？","是","yes_no"
"qa_v7c_000227","img_0103","train__d1_autockt_-25_png.rf.0b8942c3aacc03d778572d69aebb6362","images/img_0103.jpg","connectivity","terminal_same_node","medium","Do the lower terminal of the 2nd resistor from the left and the left terminal of the inductor in the diagram belong to the same electrical node, connected by continuous ideal wire without passing through a component?","从左到右第2个电阻的下端与图中的电感的左端是否属于同一个电气节点（可由连续理想导线相连，且中间不经过元件）？","否","yes_no"
"qa_v7c_000228","img_0013","train__d1_autockt_-263_png.rf.4372748f166f2920e2135e789538fdbc","images/img_0013.jpg","connectivity","terminal_same_node","medium","Do the upper terminal of the 1st resistor from the left and the lower terminal of the current source in the diagram belong to the same electrical node, connected by continuous ideal wire without passing through a component?","从左到右第1个电阻的上端与图中的电流源的下端是否属于同一个电气节点（可由连续理想导线相连，且中间不经过元件）？","否","yes_no"
"qa_v7c_000229","img_0013","train__d1_autockt_-263_png.rf.4372748f166f2920e2135e789538fdbc","images/img_0013.jpg","connectivity","terminal_same_node","medium","Do the lower terminal of the current source in the diagram and the lower terminal of the 2nd capacitor from the left belong to the same electrical node, connected by continuous ideal wire without passing through a component?","图中的电流源的下端与从左到右第2个电容的下端是否属于同一个电气节点（可由连续理想导线相连，且中间不经过元件）？","是","yes_no"
"qa_v7c_000230","img_0157","train__d1_autockt_-265_png.rf.bb5e611c809b6047ea7be5abd5ffbfca","images/img_0157.jpg","connectivity","terminal_same_node","medium","Do the lower terminal of the 1st voltage source from the left and the left terminal of the 2nd voltage source from the left belong to the same electrical node, connected by continuous ideal wire without passing through a component?","从左到右第1个电压源的下端与从左到右第2个电压源的左端是否属于同一个电气节点（可由连续理想导线相连，且中间不经过元件）？","是","yes_no"
"qa_v7c_000231","img_0157","train__d1_autockt_-265_png.rf.bb5e611c809b6047ea7be5abd5ffbfca","images/img_0157.jpg","connectivity","terminal_same_node","medium","Do the right terminal of the capacitor in the diagram and the upper terminal of the inductor in the diagram belong to the same electrical node, connected by continuous ideal wire without passing through a component?","图中的电容的右端与图中的电感的上端是否属于同一个电气节点（可由连续理想导线相连，且中间不经过元件）？","否","yes_no"
"qa_v7c_000232","img_0190","train__d1_autockt_-266_png.rf.be0b8aff5eb0f00def9fe86afc3e5e7f","images/img_0190.jpg","connectivity","terminal_same_node","medium","Do the right terminal of the 2nd capacitor from the top and the right terminal of the 1st capacitor from the top belong to the same electrical node, connected by continuous ideal wire without passing through a component?","从上到下第2个电容的右端与从上到下第1个电容的右端是否属于同一个电气节点（可由连续理想导线相连，且中间不经过元件）？","是","yes_no"
"qa_v7c_000233","img_0116","train__d1_autockt_-268_png.rf.cdfe492ad8ddff07feb6f0a2fea450b6","images/img_0116.jpg","connectivity","terminal_same_node","medium","Do the right terminal of the inductor in the diagram and the left terminal of the 1st resistor from the top belong to the same electrical node, connected by continuous ideal wire without passing through a component?","图中的电感的右端与从上到下第1个电阻的左端是否属于同一个电气节点（可由连续理想导线相连，且中间不经过元件）？","否","yes_no"
"qa_v7c_000234","img_0116","train__d1_autockt_-268_png.rf.cdfe492ad8ddff07feb6f0a2fea450b6","images/img_0116.jpg","connectivity","terminal_same_node","medium","Do the left terminal of the inductor in the diagram and the right terminal of the 1st resistor from the top belong to the same electrical node, connected by continuous ideal wire without passing through a component?","图中的电感的左端与从上到下第1个电阻的右端是否属于同一个电气节点（可由连续理想导线相连，且中间不经过元件）？","是","yes_no"
"qa_v7c_000235","img_0206","train__d1_autockt_-26_png.rf.6249d1124818b0f55b82be9563842735","images/img_0206.jpg","connectivity","terminal_same_node","medium","Do the right terminal of the 1st inductor from the left and the left terminal of the 3rd resistor from the left belong to the same electrical node, connected by continuous ideal wire without passing through a component?","从左到右第1个电感的右端与从左到右第3个电阻的左端是否属于同一个电气节点（可由连续理想导线相连，且中间不经过元件）？","是","yes_no"
"qa_v7c_000236","img_0206","train__d1_autockt_-26_png.rf.6249d1124818b0f55b82be9563842735","images/img_0206.jpg","connectivity","terminal_same_node","medium","Do the left terminal of the 3rd resistor from the left and the right terminal of the current source in the diagram belong to the same electrical node, connected by continuous ideal wire without passing through a component?","从左到右第3个电阻的左端与图中的电流源的右端是否属于同一个电气节点（可由连续理想导线相连，且中间不经过元件）？","否","yes_no"
"qa_v7c_000237","img_0278","train__d1_autockt_-270_png.rf.ddaf5053e5542e0a28db2492ea4f3e04","images/img_0278.jpg","connectivity","terminal_same_node","medium","Do the right terminal of the voltage source in the diagram and the right terminal of the 3rd resistor from the left belong to the same electrical node, connected by continuous ideal wire without passing through a component?","图中的电压源的右端与从左到右第3个电阻的右端是否属于同一个电气节点（可由连续理想导线相连，且中间不经过元件）？","是","yes_no"
"qa_v7c_000238","img_0278","train__d1_autockt_-270_png.rf.ddaf5053e5542e0a28db2492ea4f3e04","images/img_0278.jpg","connectivity","terminal_same_node","medium","Do the upper terminal of the inductor in the diagram and the lower terminal of the 2nd resistor from the left belong to the same electrical node, connected by continuous ideal wire without passing through a component?","图中的电感的上端与从左到右第2个电阻的下端是否属于同一个电气节点（可由连续理想导线相连，且中间不经过元件）？","否","yes_no"
"qa_v7c_000239","img_0188","train__d1_autockt_-271_png.rf.46d930e63b46e9409f08a69cb2888368","images/img_0188.jpg","connectivity","terminal_same_node","medium","Do the right terminal of the 1st resistor from the top and the upper terminal of the capacitor in the diagram belong to the same electrical node, connected by continuous ideal wire without passing through a component?","从上到下第1个电阻的右端与图中的电容的上端是否属于同一个电气节点（可由连续理想导线相连，且中间不经过元件）？","是","yes_no"
"qa_v7c_000240","img_0188","train__d1_autockt_-271_png.rf.46d930e63b46e9409f08a69cb2888368","images/img_0188.jpg","connectivity","terminal_same_node","medium","Do the lower terminal of the inductor in the diagram and the lower terminal of the 1st current source from the left belong to the same electrical node, connected by continuous ideal wire without passing through a component?","图中的电感的下端与从左到右第1个电流源的下端是否属于同一个电气节点（可由连续理想导线相连，且中间不经过元件）？","否","yes_no"
"qa_v7c_000241","img_0385","train__d1_autockt_-272_png.rf.693947240b8dd7d512af77b18b6cda82","images/img_0385.jpg","connectivity","terminal_same_node","medium","Do the right terminal of the 2nd inductor from the top and the lower terminal of the current source in the diagram belong to the same electrical node, connected by continuous ideal wire without passing through a component?","从上到下第2个电感的右端与图中的电流源的下端是否属于同一个电气节点（可由连续理想导线相连，且中间不经过元件）？","是","yes_no"
"qa_v7c_000242","img_0385","train__d1_autockt_-272_png.rf.693947240b8dd7d512af77b18b6cda82","images/img_0385.jpg","connectivity","terminal_same_node","medium","Do the left terminal of the 2nd inductor from the top and the lower terminal of the current source in the diagram belong to the same electrical node, connected by continuous ideal wire without passing through a component?","从上到下第2个电感的左端与图中的电流源的下端是否属于同一个电气节点（可由连续理想导线相连，且中间不经过元件）？","否","yes_no"
"qa_v7c_000243","img_0105","train__d1_autockt_-274_png.rf.209b5b5fb1a4feff90945a5a33722cb5","images/img_0105.jpg","connectivity","terminal_same_node","medium","Do the lower terminal of the 1st resistor from the top and the left terminal of the 3rd resistor from the top belong to the same electrical node, connected by continuous ideal wire without passing through a component?","从上到下第1个电阻的下端与从上到下第3个电阻的左端是否属于同一个电气节点（可由连续理想导线相连，且中间不经过元件）？","是","yes_no"
"qa_v7c_000244","img_0105","train__d1_autockt_-274_png.rf.209b5b5fb1a4feff90945a5a33722cb5","images/img_0105.jpg","connectivity","terminal_same_node","medium","Do the lower terminal of the 1st resistor from the top and the left terminal of the 2nd inductor from the left belong to the same electrical node, connected by continuous ideal wire without passing through a component?","从上到下第1个电阻的下端与从左到右第2个电感的左端是否属于同一个电气节点（可由连续理想导线相连，且中间不经过元件）？","否","yes_no"
"qa_v7c_000245","img_0076","train__d1_autockt_-280_png.rf.04f6fc238ad1093b28868c13f8898a54","images/img_0076.jpg","connectivity","terminal_same_node","medium","Do the left terminal of the 1st resistor from the top and the left terminal of the capacitor in the diagram belong to the same electrical node, connected by continuous ideal wire without passing through a component?","从上到下第1个电阻的左端与图中的电容的左端是否属于同一个电气节点（可由连续理想导线相连，且中间不经过元件）？","否","yes_no"
"qa_v7c_000246","img_0076","train__d1_autockt_-280_png.rf.04f6fc238ad1093b28868c13f8898a54","images/img_0076.jpg","connectivity","terminal_same_node","medium","Do the lower terminal of the current source in the diagram and the left terminal of the 3rd resistor from the top belong to the same electrical node, connected by continuous ideal wire without passing through a component?","图中的电流源的下端与从上到下第3个电阻的左端是否属于同一个电气节点（可由连续理想导线相连，且中间不经过元件）？","是","yes_no"
"qa_v7c_000247","img_0056","train__d1_autockt_-285_png.rf.ca8fc170166ff6706561f1ce9ca4c4d5","images/img_0056.jpg","connectivity","terminal_same_node","medium","Do the upper terminal of the inductor in the diagram and the right terminal of the 1st resistor from the left belong to the same electrical node, connected by continuous ideal wire without passing through a component?","图中的电感的上端与从左到右第1个电阻的右端是否属于同一个电气节点（可由连续理想导线相连，且中间不经过元件）？","是","yes_no"
"qa_v7c_000248","img_0056","train__d1_autockt_-285_png.rf.ca8fc170166ff6706561f1ce9ca4c4d5","images/img_0056.jpg","connectivity","terminal_same_node","medium","Do the lower terminal of the inductor in the diagram and the right terminal of the 1st resistor from the left belong to the same electrical node, connected by continuous ideal wire without passing through a component?","图中的电感的下端与从左到右第1个电阻的右端是否属于同一个电气节点（可由连续理想导线相连，且中间不经过元件）？","否","yes_no"
"qa_v7c_000249","img_0254","train__d1_autockt_-288_png.rf.bd807708b49475c650afaba546c05c03","images/img_0254.jpg","connectivity","terminal_same_node","medium","Do the left terminal of the capacitor in the diagram and the upper terminal of the 1st resistor from the left belong to the same electrical node, connected by continuous ideal wire without passing through a component?","图中的电容的左端与从左到右第1个电阻的上端是否属于同一个电气节点（可由连续理想导线相连，且中间不经过元件）？","是","yes_no"
"qa_v7c_000250","img_0254","train__d1_autockt_-288_png.rf.bd807708b49475c650afaba546c05c03","images/img_0254.jpg","connectivity","terminal_same_node","medium","Do the right terminal of the inductor in the diagram and the upper terminal of the 2nd resistor from the left belong to the same electrical node, connected by continuous ideal wire without passing through a component?","图中的电感的右端与从左到右第2个电阻的上端是否属于同一个电气节点（可由连续理想导线相连，且中间不经过元件）？","否","yes_no"
"qa_v7c_000251","img_0169","train__d1_autockt_-28_png.rf.86fb779e280167fc883f40e4cd8f050b","images/img_0169.jpg","connectivity","terminal_same_node","medium","Do the left terminal of the 1st resistor from the top and the upper terminal of the current source in the diagram belong to the same electrical node, connected by continuous ideal wire without passing through a component?","从上到下第1个电阻的左端与图中的电流源的上端是否属于同一个电气节点（可由连续理想导线相连，且中间不经过元件）？","是","yes_no"
"qa_v7c_000252","img_0169","train__d1_autockt_-28_png.rf.86fb779e280167fc883f40e4cd8f050b","images/img_0169.jpg","connectivity","terminal_same_node","medium","Do the right terminal of the 2nd capacitor from the left and the right terminal of the 2nd resistor from the top belong to the same electrical node, connected by continuous ideal wire without passing through a component?","从左到右第2个电容的右端与从上到下第2个电阻的右端是否属于同一个电气节点（可由连续理想导线相连，且中间不经过元件）？","否","yes_no"
"qa_v7c_000253","img_0053","train__d1_autockt_-294_png.rf.0f86bcd2264ee672636588981caf8ab2","images/img_0053.jpg","connectivity","terminal_same_node","medium","Do the left terminal of the 1st resistor from the left and the right terminal of the 1st current source from the left belong to the same electrical node, connected by continuous ideal wire without passing through a component?","从左到右第1个电阻的左端与从左到右第1个电流源的右端是否属于同一个电气节点（可由连续理想导线相连，且中间不经过元件）？","否","yes_no"
"qa_v7c_000254","img_0053","train__d1_autockt_-294_png.rf.0f86bcd2264ee672636588981caf8ab2","images/img_0053.jpg","connectivity","terminal_same_node","medium","Do the lower terminal of the 2nd resistor from the left and the right terminal of the 1st current source from the left belong to the same electrical node, connected by continuous ideal wire without passing through a component?","从左到右第2个电阻的下端与从左到右第1个电流源的右端是否属于同一个电气节点（可由连续理想导线相连，且中间不经过元件）？","是","yes_no"
"qa_v7c_000255","img_0268","train__d1_autockt_-299_png.rf.fe98ce3743245c406e7f8604c06952df","images/img_0268.jpg","connectivity","terminal_same_node","medium","Do the upper terminal of the 1st inductor from the left and the left terminal of the 2nd resistor from the left belong to the same electrical node, connected by continuous ideal wire without passing through a component?","从左到右第1个电感的上端与从左到右第2个电阻的左端是否属于同一个电气节点（可由连续理想导线相连，且中间不经过元件）？","是","yes_no"
"qa_v7c_000256","img_0268","train__d1_autockt_-299_png.rf.fe98ce3743245c406e7f8604c06952df","images/img_0268.jpg","connectivity","terminal_same_node","medium","Do the lower terminal of the 1st resistor from the left and the left terminal of the 2nd resistor from the left belong to the same electrical node, connected by continuous ideal wire without passing through a component?","从左到右第1个电阻的下端与从左到右第2个电阻的左端是否属于同一个电气节点（可由连续理想导线相连，且中间不经过元件）？","否","yes_no"
"qa_v7c_000257","img_0086","train__d1_autockt_-29_png.rf.7c6aba8f9f28abd5605f795f8ed30c48","images/img_0086.jpg","connectivity","terminal_same_node","medium","Do the upper terminal of the 1st resistor from the left and the left terminal of the inductor in the diagram belong to the same electrical node, connected by continuous ideal wire without passing through a component?","从左到右第1个电阻的上端与图中的电感的左端是否属于同一个电气节点（可由连续理想导线相连，且中间不经过元件）？","否","yes_no"
"qa_v7c_000258","img_0086","train__d1_autockt_-29_png.rf.7c6aba8f9f28abd5605f795f8ed30c48","images/img_0086.jpg","connectivity","terminal_same_node","medium","Do the left terminal of the capacitor in the diagram and the lower terminal of the current source in the diagram belong to the same electrical node, connected by continuous ideal wire without passing through a component?","图中的电容的左端与图中的电流源的下端是否属于同一个电气节点（可由连续理想导线相连，且中间不经过元件）？","是","yes_no"
"qa_v7c_000259","img_0229","train__d1_autockt_-305_png.rf.233c2e69cbb5b2ecac3f332d8fac5b48","images/img_0229.jpg","connectivity","terminal_same_node","medium","Do the left terminal of the voltage source in the diagram and the upper terminal of the 1st resistor from the left belong to the same electrical node, connected by continuous ideal wire without passing through a component?","图中的电压源的左端与从左到右第1个电阻的上端是否属于同一个电气节点（可由连续理想导线相连，且中间不经过元件）？","是","yes_no"
"qa_v7c_000260","img_0229","train__d1_autockt_-305_png.rf.233c2e69cbb5b2ecac3f332d8fac5b48","images/img_0229.jpg","connectivity","terminal_same_node","medium","Do the left terminal of the voltage source in the diagram and the lower terminal of the inductor in the diagram belong to the same electrical node, connected by continuous ideal wire without passing through a component?","图中的电压源的左端与图中的电感的下端是否属于同一个电气节点（可由连续理想导线相连，且中间不经过元件）？","否","yes_no"
"qa_v7c_000261","img_0252","train__d1_autockt_-306_png.rf.376ca3c5a1c22d3dc54f351fd18105bf","images/img_0252.jpg","connectivity","terminal_same_node","medium","Do the upper terminal of the 1st resistor from the left and the left terminal of the 2nd resistor from the left belong to the same electrical node, connected by continuous ideal wire without passing through a component?","从左到右第1个电阻的上端与从左到右第2个电阻的左端是否属于同一个电气节点（可由连续理想导线相连，且中间不经过元件）？","否","yes_no"
"qa_v7c_000262","img_0252","train__d1_autockt_-306_png.rf.376ca3c5a1c22d3dc54f351fd18105bf","images/img_0252.jpg","connectivity","terminal_same_node","medium","Do the left terminal of the capacitor in the diagram and the right terminal of the 2nd resistor from the left belong to the same electrical node, connected by continuous ideal wire without passing through a component?","图中的电容的左端与从左到右第2个电阻的右端是否属于同一个电气节点（可由连续理想导线相连，且中间不经过元件）？","是","yes_no"
"qa_v7c_000263","img_0230","train__d1_autockt_-307_png.rf.9031ba45e574c43f34167247654e141a","images/img_0230.jpg","connectivity","terminal_same_node","medium","Do the lower terminal of the 1st inductor from the left and the left terminal of the 3rd resistor from the top belong to the same electrical node, connected by continuous ideal wire without passing through a component?","从左到右第1个电感的下端与从上到下第3个电阻的左端是否属于同一个电气节点（可由连续理想导线相连，且中间不经过元件）？","是","yes_no"
"qa_v7c_000264","img_0230","train__d1_autockt_-307_png.rf.9031ba45e574c43f34167247654e141a","images/img_0230.jpg","connectivity","terminal_same_node","medium","Do the left terminal of the 2nd inductor from the left and the right terminal of the 1st resistor from the top belong to the same electrical node, connected by continuous ideal wire without passing through a component?","从左到右第2个电感的左端与从上到下第1个电阻的右端是否属于同一个电气节点（可由连续理想导线相连，且中间不经过元件）？","否","yes_no"
"qa_v7c_000265","img_0102","train__d1_autockt_-309_png.rf.8e7d05cbea479e8175bebe7179478607","images/img_0102.jpg","connectivity","terminal_same_node","medium","Do the left terminal of the 1st capacitor from the left and the upper terminal of the current source in the diagram belong to the same electrical node, connected by continuous ideal wire without passing through a component?","从左到右第1个电容的左端与图中的电流源的上端是否属于同一个电气节点（可由连续理想导线相连，且中间不经过元件）？","否","yes_no"
"qa_v7c_000266","img_0102","train__d1_autockt_-309_png.rf.8e7d05cbea479e8175bebe7179478607","images/img_0102.jpg","connectivity","terminal_same_node","medium","Do the left terminal of the 2nd capacitor from the left and the right terminal of the 1st capacitor from the left belong to the same electrical node, connected by continuous ideal wire without passing through a component?","从左到右第2个电容的左端与从左到右第1个电容的右端是否属于同一个电气节点（可由连续理想导线相连，且中间不经过元件）？","是","yes_no"
"qa_v7c_000267","img_0182","train__d1_autockt_-30_png.rf.c632c6cf76582f79ea7f02104f9b0fd4","images/img_0182.jpg","connectivity","terminal_same_node","medium","Do the left terminal of the 2nd capacitor from the top and the right terminal of the 1st resistor from the top belong to the same electrical node, connected by continuous ideal wire without passing through a component?","从上到下第2个电容的左端与从上到下第1个电阻的右端是否属于同一个电气节点（可由连续理想导线相连，且中间不经过元件）？","是","yes_no"
"qa_v7c_000268","img_0182","train__d1_autockt_-30_png.rf.c632c6cf76582f79ea7f02104f9b0fd4","images/img_0182.jpg","connectivity","terminal_same_node","medium","Do the left terminal of the 2nd capacitor from the top and the left terminal of the 2nd resistor from the top belong to the same electrical node, connected by continuous ideal wire without passing through a component?","从上到下第2个电容的左端与从上到下第2个电阻的左端是否属于同一个电气节点（可由连续理想导线相连，且中间不经过元件）？","否","yes_no"
"qa_v7c_000269","img_0025","train__d1_autockt_-310_png.rf.2a8187cab48984cef75e40e44b634512","images/img_0025.jpg","connectivity","terminal_same_node","medium","Do the right terminal of the capacitor in the diagram and the lower terminal of the inductor in the diagram belong to the same electrical node, connected by continuous ideal wire without passing through a component?","图中的电容的右端与图中的电感的下端是否属于同一个电气节点（可由连续理想导线相连，且中间不经过元件）？","是","yes_no"
"qa_v7c_000270","img_0025","train__d1_autockt_-310_png.rf.2a8187cab48984cef75e40e44b634512","images/img_0025.jpg","connectivity","terminal_same_node","medium","Do the lower terminal of the inductor in the diagram and the left terminal of the 2nd current source from the left belong to the same electrical node, connected by continuous ideal wire without passing through a component?","图中的电感的下端与从左到右第2个电流源的左端是否属于同一个电气节点（可由连续理想导线相连，且中间不经过元件）？","否","yes_no"
"qa_v7c_000271","img_0283","train__d1_autockt_-312_png.rf.fbb42b4fa9872615fa40dbd2230f8fe7","images/img_0283.jpg","connectivity","terminal_same_node","medium","Do the upper terminal of the capacitor in the diagram and the left terminal of the 1st resistor from the top belong to the same electrical node, connected by continuous ideal wire without passing through a component?","图中的电容的上端与从上到下第1个电阻的左端是否属于同一个电气节点（可由连续理想导线相连，且中间不经过元件）？","否","yes_no"
"qa_v7c_000272","img_0283","train__d1_autockt_-312_png.rf.fbb42b4fa9872615fa40dbd2230f8fe7","images/img_0283.jpg","connectivity","terminal_same_node","medium","Do the upper terminal of the inductor in the diagram and the left terminal of the 1st resistor from the top belong to the same electrical node, connected by continuous ideal wire without passing through a component?","图中的电感的上端与从上到下第1个电阻的左端是否属于同一个电气节点（可由连续理想导线相连，且中间不经过元件）？","是","yes_no"
"qa_v7c_000273","img_0311","train__d1_autockt_-316_png.rf.3b805e4ccb180959231213e490ccffde","images/img_0311.jpg","connectivity","terminal_same_node","medium","Do the right terminal of the 1st inductor from the left and the right terminal of the 3rd resistor from the left belong to the same electrical node, connected by continuous ideal wire without passing through a component?","从左到右第1个电感的右端与从左到右第3个电阻的右端是否属于同一个电气节点（可由连续理想导线相连，且中间不经过元件）？","否","yes_no"
"qa_v7c_000274","img_0311","train__d1_autockt_-316_png.rf.3b805e4ccb180959231213e490ccffde","images/img_0311.jpg","connectivity","terminal_same_node","medium","Do the upper terminal of the 1st resistor from the left and the left terminal of the 3rd resistor from the left belong to the same electrical node, connected by continuous ideal wire without passing through a component?","从左到右第1个电阻的上端与从左到右第3个电阻的左端是否属于同一个电气节点（可由连续理想导线相连，且中间不经过元件）？","是","yes_no"
"qa_v7c_000275","img_0107","train__d1_autockt_-321_png.rf.f36e618b183252ed4bf47374db397f20","images/img_0107.jpg","connectivity","terminal_same_node","medium","Do the upper terminal of the 1st resistor from the left and the lower terminal of the 2nd resistor from the left belong to the same electrical node, connected by continuous ideal wire without passing through a component?","从左到右第1个电阻的上端与从左到右第2个电阻的下端是否属于同一个电气节点（可由连续理想导线相连，且中间不经过元件）？","否","yes_no"
"qa_v7c_000276","img_0107","train__d1_autockt_-321_png.rf.f36e618b183252ed4bf47374db397f20","images/img_0107.jpg","connectivity","terminal_same_node","medium","Do the lower terminal of the voltage source in the diagram and the right terminal of the 3rd resistor from the left belong to the same electrical node, connected by continuous ideal wire without passing through a component?","图中的电压源的下端与从左到右第3个电阻的右端是否属于同一个电气节点（可由连续理想导线相连，且中间不经过元件）？","是","yes_no"
"qa_v7c_000277","img_0187","train__d1_autockt_-324_png.rf.091eb00694d00775bc23251fa41022d3","images/img_0187.jpg","connectivity","terminal_same_node","medium","Do the lower terminal of the 2nd voltage source from the left and the right terminal of the inductor in the diagram belong to the same electrical node, connected by continuous ideal wire without passing through a component?","从左到右第2个电压源的下端与图中的电感的右端是否属于同一个电气节点（可由连续理想导线相连，且中间不经过元件）？","是","yes_no"
"qa_v7c_000278","img_0187","train__d1_autockt_-324_png.rf.091eb00694d00775bc23251fa41022d3","images/img_0187.jpg","connectivity","terminal_same_node","medium","Do the right terminal of the inductor in the diagram and the lower terminal of the 1st resistor from the left belong to the same electrical node, connected by continuous ideal wire without passing through a component?","图中的电感的右端与从左到右第1个电阻的下端是否属于同一个电气节点（可由连续理想导线相连，且中间不经过元件）？","否","yes_no"
"qa_v7c_000279","img_0034","train__d1_autockt_-326_png.rf.0f5dcb9e12a72062a2b824d837d24a4e","images/img_0034.jpg","connectivity","terminal_same_node","medium","Do the right terminal of the 2nd inductor from the left and the right terminal of the 2nd resistor from the left belong to the same electrical node, connected by continuous ideal wire without passing through a component?","从左到右第2个电感的右端与从左到右第2个电阻的右端是否属于同一个电气节点（可由连续理想导线相连，且中间不经过元件）？","否","yes_no"
"qa_v7c_000280","img_0034","train__d1_autockt_-326_png.rf.0f5dcb9e12a72062a2b824d837d24a4e","images/img_0034.jpg","connectivity","terminal_same_node","medium","Do the lower terminal of the current source in the diagram and the right terminal of the 2nd resistor from the left belong to the same electrical node, connected by continuous ideal wire without passing through a component?","图中的电流源的下端与从左到右第2个电阻的右端是否属于同一个电气节点（可由连续理想导线相连，且中间不经过元件）？","是","yes_no"
"qa_v7c_000281","img_0301","train__d1_autockt_-339_png.rf.2d2be08d2d45e8b10342ffd4313242b5","images/img_0301.jpg","connectivity","terminal_same_node","medium","Do the right terminal of the 2nd resistor from the top and the lower terminal of the 2nd capacitor from the top belong to the same electrical node, connected by continuous ideal wire without passing through a component?","从上到下第2个电阻的右端与从上到下第2个电容的下端是否属于同一个电气节点（可由连续理想导线相连，且中间不经过元件）？","是","yes_no"
"qa_v7c_000282","img_0301","train__d1_autockt_-339_png.rf.2d2be08d2d45e8b10342ffd4313242b5","images/img_0301.jpg","connectivity","terminal_same_node","medium","Do the left terminal of the 2nd resistor from the top and the upper terminal of the current source in the diagram belong to the same electrical node, connected by continuous ideal wire without passing through a component?","从上到下第2个电阻的左端与图中的电流源的上端是否属于同一个电气节点（可由连续理想导线相连，且中间不经过元件）？","否","yes_no"
"qa_v7c_000283","img_0137","train__d1_autockt_-33_png.rf.c6aff569e7667e951596b970330cd7bf","images/img_0137.jpg","connectivity","terminal_same_node","medium","Do the left terminal of the capacitor in the diagram and the left terminal of the 1st resistor from the left belong to the same electrical node, connected by continuous ideal wire without passing through a component?","图中的电容的左端与从左到右第1个电阻的左端是否属于同一个电气节点（可由连续理想导线相连，且中间不经过元件）？","否","yes_no"
"qa_v7c_000284","img_0137","train__d1_autockt_-33_png.rf.c6aff569e7667e951596b970330cd7bf","images/img_0137.jpg","connectivity","terminal_same_node","medium","Do the upper terminal of the inductor in the diagram and the right terminal of the capacitor in the diagram belong to the same electrical node, connected by continuous ideal wire without passing through a component?","图中的电感的上端与图中的电容的右端是否属于同一个电气节点（可由连续理想导线相连，且中间不经过元件）？","是","yes_no"
"qa_v7c_000285","img_0322","train__d1_autockt_-341_png.rf.c7ad6618b1a21c7b5e6069fd68d2df3d","images/img_0322.jpg","connectivity","terminal_same_node","medium","Do the left terminal of the voltage source in the diagram and the left terminal of the capacitor in the diagram belong to the same electrical node, connected by continuous ideal wire without passing through a component?","图中的电压源的左端与图中的电容的左端是否属于同一个电气节点（可由连续理想导线相连，且中间不经过元件）？","是","yes_no"
"qa_v7c_000286","img_0322","train__d1_autockt_-341_png.rf.c7ad6618b1a21c7b5e6069fd68d2df3d","images/img_0322.jpg","connectivity","terminal_same_node","medium","Do the upper terminal of the inductor in the diagram and the left terminal of the capacitor in the diagram belong to the same electrical node, connected by continuous ideal wire without passing through a component?","图中的电感的上端与图中的电容的左端是否属于同一个电气节点（可由连续理想导线相连，且中间不经过元件）？","否","yes_no"
"qa_v7c_000287","img_0316","train__d1_autockt_-343_png.rf.0e601cbd631f99434c65e1c2f92d0f41","images/img_0316.jpg","connectivity","terminal_same_node","medium","Do the left terminal of the voltage source in the diagram and the left terminal of the 1st capacitor from the top belong to the same electrical node, connected by continuous ideal wire without passing through a component?","图中的电压源的左端与从上到下第1个电容的左端是否属于同一个电气节点（可由连续理想导线相连，且中间不经过元件）？","否","yes_no"
"qa_v7c_000288","img_0070","train__d1_autockt_-346_png.rf.28f6eb52704b4133d096c6598a41adc7","images/img_0070.jpg","connectivity","terminal_same_node","medium","Do the lower terminal of the capacitor in the diagram and the left terminal of the voltage source in the diagram belong to the same electrical node, connected by continuous ideal wire without passing through a component?","图中的电容的下端与图中的电压源的左端是否属于同一个电气节点（可由连续理想导线相连，且中间不经过元件）？","否","yes_no"
"qa_v7c_000289","img_0070","train__d1_autockt_-346_png.rf.28f6eb52704b4133d096c6598a41adc7","images/img_0070.jpg","connectivity","terminal_same_node","medium","Do the right terminal of the inductor in the diagram and the upper terminal of the 3rd resistor from the left belong to the same electrical node, connected by continuous ideal wire without passing through a component?","图中的电感的右端与从左到右第3个电阻的上端是否属于同一个电气节点（可由连续理想导线相连，且中间不经过元件）？","是","yes_no"
"qa_v7c_000290","img_0003","train__d1_autockt_-350_png.rf.beb5c9eef642817ba08e42175d856c16","images/img_0003.jpg","connectivity","terminal_same_node","medium","Do the right terminal of the 1st voltage source from the left and the left terminal of the 2nd resistor from the top belong to the same electrical node, connected by continuous ideal wire without passing through a component?","从左到右第1个电压源的右端与从上到下第2个电阻的左端是否属于同一个电气节点（可由连续理想导线相连，且中间不经过元件）？","否","yes_no"
"qa_v7c_000291","img_0003","train__d1_autockt_-350_png.rf.beb5c9eef642817ba08e42175d856c16","images/img_0003.jpg","connectivity","terminal_same_node","medium","Do the lower terminal of the 2nd voltage source from the left and the right terminal of the inductor in the diagram belong to the same electrical node, connected by continuous ideal wire without passing through a component?","从左到右第2个电压源的下端与图中的电感的右端是否属于同一个电气节点（可由连续理想导线相连，且中间不经过元件）？","是","yes_no"
"qa_v7c_000292","img_0266","train__d1_autockt_-354_png.rf.abc754da008a1144663422e8688f429b","images/img_0266.jpg","connectivity","terminal_same_node","medium","Do the left terminal of the 2nd voltage source from the left and the upper terminal of the capacitor in the diagram belong to the same electrical node, connected by continuous ideal wire without passing through a component?","从左到右第2个电压源的左端与图中的电容的上端是否属于同一个电气节点（可由连续理想导线相连，且中间不经过元件）？","否","yes_no"
"qa_v7c_000293","img_0266","train__d1_autockt_-354_png.rf.abc754da008a1144663422e8688f429b","images/img_0266.jpg","connectivity","terminal_same_node","medium","Do the right terminal of the 2nd resistor from the left and the lower terminal of the capacitor in the diagram belong to the same electrical node, connected by continuous ideal wire without passing through a component?","从左到右第2个电阻的右端与图中的电容的下端是否属于同一个电气节点（可由连续理想导线相连，且中间不经过元件）？","是","yes_no"
"qa_v7c_000294","img_0138","train__d1_autockt_-359_png.rf.32f580e2f1f104466b0b37403333dff4","images/img_0138.jpg","connectivity","terminal_same_node","medium","Do the lower terminal of the 1st resistor from the left and the upper terminal of the 3rd resistor from the left belong to the same electrical node, connected by continuous ideal wire without passing through a component?","从左到右第1个电阻的下端与从左到右第3个电阻的上端是否属于同一个电气节点（可由连续理想导线相连，且中间不经过元件）？","否","yes_no"
"qa_v7c_000295","img_0138","train__d1_autockt_-359_png.rf.32f580e2f1f104466b0b37403333dff4","images/img_0138.jpg","connectivity","terminal_same_node","medium","Do the left terminal of the capacitor in the diagram and the upper terminal of the 1st resistor from the left belong to the same electrical node, connected by continuous ideal wire without passing through a component?","图中的电容的左端与从左到右第1个电阻的上端是否属于同一个电气节点（可由连续理想导线相连，且中间不经过元件）？","是","yes_no"
"qa_v7c_000296","img_0247","train__d1_autockt_-367_png.rf.204275876925d789e357e5a08652946c","images/img_0247.jpg","connectivity","terminal_same_node","medium","Do the right terminal of the 2nd inductor from the left and the left terminal of the 1st inductor from the left belong to the same electrical node, connected by continuous ideal wire without passing through a component?","从左到右第2个电感的右端与从左到右第1个电感的左端是否属于同一个电气节点（可由连续理想导线相连，且中间不经过元件）？","否","yes_no"
"qa_v7c_000297","img_0247","train__d1_autockt_-367_png.rf.204275876925d789e357e5a08652946c","images/img_0247.jpg","connectivity","terminal_same_node","medium","Do the left terminal of the 2nd inductor from the left and the right terminal of the 1st inductor from the left belong to the same electrical node, connected by continuous ideal wire without passing through a component?","从左到右第2个电感的左端与从左到右第1个电感的右端是否属于同一个电气节点（可由连续理想导线相连，且中间不经过元件）？","是","yes_no"
"qa_v7c_000298","img_0281","train__d1_autockt_-376_png.rf.7df8c99642973b2997a9f54c474d996c","images/img_0281.jpg","connectivity","terminal_same_node","medium","Do the left terminal of the 2nd resistor from the left and the right terminal of the 1st resistor from the left belong to the same electrical node, connected by continuous ideal wire without passing through a component?","从左到右第2个电阻的左端与从左到右第1个电阻的右端是否属于同一个电气节点（可由连续理想导线相连，且中间不经过元件）？","是","yes_no"
"qa_v7c_000299","img_0281","train__d1_autockt_-376_png.rf.7df8c99642973b2997a9f54c474d996c","images/img_0281.jpg","connectivity","terminal_same_node","medium","Do the left terminal of the capacitor in the diagram and the left terminal of the 1st resistor from the left belong to the same electrical node, connected by continuous ideal wire without passing through a component?","图中的电容的左端与从左到右第1个电阻的左端是否属于同一个电气节点（可由连续理想导线相连，且中间不经过元件）？","否","yes_no"
"qa_v7c_000300","img_0181","train__d1_autockt_-377_png.rf.07d71485275947d9a8d6d02c5401effa","images/img_0181.jpg","connectivity","terminal_same_node","medium","Do the left terminal of the 1st resistor from the top and the left terminal of the inductor in the diagram belong to the same electrical node, connected by continuous ideal wire without passing through a component?","从上到下第1个电阻的左端与图中的电感的左端是否属于同一个电气节点（可由连续理想导线相连，且中间不经过元件）？","否","yes_no"
"qa_v7c_000301","img_0181","train__d1_autockt_-377_png.rf.07d71485275947d9a8d6d02c5401effa","images/img_0181.jpg","connectivity","terminal_same_node","medium","Do the left terminal of the capacitor in the diagram and the left terminal of the inductor in the diagram belong to the same electrical node, connected by continuous ideal wire without passing through a component?","图中的电容的左端与图中的电感的左端是否属于同一个电气节点（可由连续理想导线相连，且中间不经过元件）？","是","yes_no"
"qa_v7c_000302","img_0088","train__d1_autockt_-37_png.rf.a869669abd8fcccbde76a67ec795a53c","images/img_0088.jpg","connectivity","terminal_same_node","medium","Do the lower terminal of the 1st inductor from the left and the lower terminal of the 2nd resistor from the left belong to the same electrical node, connected by continuous ideal wire without passing through a component?","从左到右第1个电感的下端与从左到右第2个电阻的下端是否属于同一个电气节点（可由连续理想导线相连，且中间不经过元件）？","否","yes_no"
"qa_v7c_000303","img_0088","train__d1_autockt_-37_png.rf.a869669abd8fcccbde76a67ec795a53c","images/img_0088.jpg","connectivity","terminal_same_node","medium","Do the lower terminal of the 2nd voltage source from the left and the right terminal of the 1st resistor from the left belong to the same electrical node, connected by continuous ideal wire without passing through a component?","从左到右第2个电压源的下端与从左到右第1个电阻的右端是否属于同一个电气节点（可由连续理想导线相连，且中间不经过元件）？","是","yes_no"
"qa_v7c_000304","img_0333","train__d1_autockt_-380_png.rf.fb5d9b91bc13833a3e4ec4e6fce18f07","images/img_0333.jpg","connectivity","terminal_same_node","medium","Do the right terminal of the 2nd resistor from the top and the left terminal of the 1st resistor from the top belong to the same electrical node, connected by continuous ideal wire without passing through a component?","从上到下第2个电阻的右端与从上到下第1个电阻的左端是否属于同一个电气节点（可由连续理想导线相连，且中间不经过元件）？","否","yes_no"
"qa_v7c_000305","img_0333","train__d1_autockt_-380_png.rf.fb5d9b91bc13833a3e4ec4e6fce18f07","images/img_0333.jpg","connectivity","terminal_same_node","medium","Do the right terminal of the inductor in the diagram and the left terminal of the 2nd resistor from the top belong to the same electrical node, connected by continuous ideal wire without passing through a component?","图中的电感的右端与从上到下第2个电阻的左端是否属于同一个电气节点（可由连续理想导线相连，且中间不经过元件）？","是","yes_no"
"qa_v7c_000306","img_0018","train__d1_autockt_-381_png.rf.70fbe857cd95ffb137f18c16c28c6c88","images/img_0018.jpg","connectivity","terminal_same_node","medium","Do the left terminal of the 1st resistor from the left and the lower terminal of the 1st capacitor from the left belong to the same electrical node, connected by continuous ideal wire without passing through a component?","从左到右第1个电阻的左端与从左到右第1个电容的下端是否属于同一个电气节点（可由连续理想导线相连，且中间不经过元件）？","是","yes_no"
"qa_v7c_000307","img_0018","train__d1_autockt_-381_png.rf.70fbe857cd95ffb137f18c16c28c6c88","images/img_0018.jpg","connectivity","terminal_same_node","medium","Do the left terminal of the 1st resistor from the left and the lower terminal of the 1st current source from the left belong to the same electrical node, connected by continuous ideal wire without passing through a component?","从左到右第1个电阻的左端与从左到右第1个电流源的下端是否属于同一个电气节点（可由连续理想导线相连，且中间不经过元件）？","否","yes_no"
"qa_v7c_000308","img_0031","train__d1_autockt_-382_png.rf.a728c7a9544a2fd4e7ac4e97f751cc3c","images/img_0031.jpg","connectivity","terminal_same_node","medium","Do the right terminal of the 1st resistor from the top and the right terminal of the capacitor in the diagram belong to the same electrical node, connected by continuous ideal wire without passing through a component?","从上到下第1个电阻的右端与图中的电容的右端是否属于同一个电气节点（可由连续理想导线相连，且中间不经过元件）？","否","yes_no"
"qa_v7c_000309","img_0031","train__d1_autockt_-382_png.rf.a728c7a9544a2fd4e7ac4e97f751cc3c","images/img_0031.jpg","connectivity","terminal_same_node","medium","Do the lower terminal of the inductor in the diagram and the left terminal of the 2nd resistor from the top belong to the same electrical node, connected by continuous ideal wire without passing through a component?","图中的电感的下端与从上到下第2个电阻的左端是否属于同一个电气节点（可由连续理想导线相连，且中间不经过元件）？","是","yes_no"
"qa_v7c_000310","img_0253","train__d1_autockt_-384_png.rf.2a27b492a0b34ab8eece084ce1ab609c","images/img_0253.jpg","connectivity","terminal_same_node","medium","Do the right terminal of the capacitor in the diagram and the lower terminal of the inductor in the diagram belong to the same electrical node, connected by continuous ideal wire without passing through a component?","图中的电容的右端与图中的电感的下端是否属于同一个电气节点（可由连续理想导线相连，且中间不经过元件）？","是","yes_no"
"qa_v7c_000311","img_0253","train__d1_autockt_-384_png.rf.2a27b492a0b34ab8eece084ce1ab609c","images/img_0253.jpg","connectivity","terminal_same_node","medium","Do the upper terminal of the inductor in the diagram and the upper terminal of the 1st resistor from the left belong to the same electrical node, connected by continuous ideal wire without passing through a component?","图中的电感的上端与从左到右第1个电阻的上端是否属于同一个电气节点（可由连续理想导线相连，且中间不经过元件）？","否","yes_no"
"qa_v7c_000312","img_0233","train__d1_autockt_-386_png.rf.f61e314536dd5dc41e2100a8fc10489e","images/img_0233.jpg","connectivity","terminal_same_node","medium","Do the left terminal of the voltage source in the diagram and the lower terminal of the capacitor in the diagram belong to the same electrical node, connected by continuous ideal wire without passing through a component?","图中的电压源的左端与图中的电容的下端是否属于同一个电气节点（可由连续理想导线相连，且中间不经过元件）？","是","yes_no"
"qa_v7c_000313","img_0233","train__d1_autockt_-386_png.rf.f61e314536dd5dc41e2100a8fc10489e","images/img_0233.jpg","connectivity","terminal_same_node","medium","Do the upper terminal of the inductor in the diagram and the upper terminal of the 3rd resistor from the left belong to the same electrical node, connected by continuous ideal wire without passing through a component?","图中的电感的上端与从左到右第3个电阻的上端是否属于同一个电气节点（可由连续理想导线相连，且中间不经过元件）？","否","yes_no"
"qa_v7c_000314","img_0336","train__d1_autockt_-38_png.rf.9faa205028090ca6c082437ebab5545d","images/img_0336.jpg","connectivity","terminal_same_node","medium","Do the right terminal of the 2nd inductor from the left and the upper terminal of the 2nd resistor from the left belong to the same electrical node, connected by continuous ideal wire without passing through a component?","从左到右第2个电感的右端与从左到右第2个电阻的上端是否属于同一个电气节点（可由连续理想导线相连，且中间不经过元件）？","是","yes_no"
"qa_v7c_000315","img_0336","train__d1_autockt_-38_png.rf.9faa205028090ca6c082437ebab5545d","images/img_0336.jpg","connectivity","terminal_same_node","medium","Do the left terminal of the 2nd inductor from the left and the lower terminal of the 1st resistor from the left belong to the same electrical node, connected by continuous ideal wire without passing through a component?","从左到右第2个电感的左端与从左到右第1个电阻的下端是否属于同一个电气节点（可由连续理想导线相连，且中间不经过元件）？","否","yes_no"
"qa_v7c_000316","img_0062","train__d1_autockt_-398_png.rf.e39109e94fb9b165553dccf66c4965e4","images/img_0062.jpg","connectivity","terminal_same_node","medium","Do the lower terminal of the 2nd inductor from the top and the right terminal of the 2nd voltage source from the top belong to the same electrical node, connected by continuous ideal wire without passing through a component?","从上到下第2个电感的下端与从上到下第2个电压源的右端是否属于同一个电气节点（可由连续理想导线相连，且中间不经过元件）？","是","yes_no"
"qa_v7c_000317","img_0062","train__d1_autockt_-398_png.rf.e39109e94fb9b165553dccf66c4965e4","images/img_0062.jpg","connectivity","terminal_same_node","medium","Do the upper terminal of the 2nd resistor from the top and the right terminal of the 2nd voltage source from the top belong to the same electrical node, connected by continuous ideal wire without passing through a component?","从上到下第2个电阻的上端与从上到下第2个电压源的右端是否属于同一个电气节点（可由连续理想导线相连，且中间不经过元件）？","否","yes_no"
"qa_v7c_000318","img_0262","train__d1_autockt_-402_png.rf.cfc916c5ce009ea58831c24178cbaf70","images/img_0262.jpg","connectivity","terminal_same_node","medium","Do the lower terminal of the 1st inductor from the left and the left terminal of the 2nd resistor from the left belong to the same electrical node, connected by continuous ideal wire without passing through a component?","从左到右第1个电感的下端与从左到右第2个电阻的左端是否属于同一个电气节点（可由连续理想导线相连，且中间不经过元件）？","是","yes_no"
"qa_v7c_000319","img_0262","train__d1_autockt_-402_png.rf.cfc916c5ce009ea58831c24178cbaf70","images/img_0262.jpg","connectivity","terminal_same_node","medium","Do the upper terminal of the 3rd resistor from the left and the upper terminal of the 1st resistor from the left belong to the same electrical node, connected by continuous ideal wire without passing through a component?","从左到右第3个电阻的上端与从左到右第1个电阻的上端是否属于同一个电气节点（可由连续理想导线相连，且中间不经过元件）？","否","yes_no"
"qa_v7c_000320","img_0133","train__d1_autockt_-403_png.rf.9c28a52ffb8eb8f3136b54832bf06e2f","images/img_0133.jpg","connectivity","terminal_same_node","medium","Do the upper terminal of the inductor in the diagram and the right terminal of the current source in the diagram belong to the same electrical node, connected by continuous ideal wire without passing through a component?","图中的电感的上端与图中的电流源的右端是否属于同一个电气节点（可由连续理想导线相连，且中间不经过元件）？","是","yes_no"
"qa_v7c_000321","img_0133","train__d1_autockt_-403_png.rf.9c28a52ffb8eb8f3136b54832bf06e2f","images/img_0133.jpg","connectivity","terminal_same_node","medium","Do the lower terminal of the inductor in the diagram and the lower terminal of the capacitor in the diagram belong to the same electrical node, connected by continuous ideal wire without passing through a component?","图中的电感的下端与图中的电容的下端是否属于同一个电气节点（可由连续理想导线相连，且中间不经过元件）？","否","yes_no"
"qa_v7c_000322","img_0191","train__d1_autockt_-407_png.rf.3416d51ea768d8fcefa78d8b96114377","images/img_0191.jpg","connectivity","terminal_same_node","medium","Do the right terminal of the capacitor in the diagram and the right terminal of the 2nd current source from the top belong to the same electrical node, connected by continuous ideal wire without passing through a component?","图中的电容的右端与从上到下第2个电流源的右端是否属于同一个电气节点（可由连续理想导线相连，且中间不经过元件）？","是","yes_no"
"qa_v7c_000323","img_0191","train__d1_autockt_-407_png.rf.3416d51ea768d8fcefa78d8b96114377","images/img_0191.jpg","connectivity","terminal_same_node","medium","Do the upper terminal of the inductor in the diagram and the right terminal of the 1st resistor from the left belong to the same electrical node, connected by continuous ideal wire without passing through a component?","图中的电感的上端与从左到右第1个电阻的右端是否属于同一个电气节点（可由连续理想导线相连，且中间不经过元件）？","否","yes_no"
"qa_v7c_000324","img_0166","train__d1_autockt_-412_png.rf.edfb98165ea242e0775bc00b9c69793f","images/img_0166.jpg","connectivity","terminal_same_node","medium","Do the upper terminal of the 1st resistor from the left and the left terminal of the 2nd resistor from the left belong to the same electrical node, connected by continuous ideal wire without passing through a component?","从左到右第1个电阻的上端与从左到右第2个电阻的左端是否属于同一个电气节点（可由连续理想导线相连，且中间不经过元件）？","是","yes_no"
"qa_v7c_000325","img_0166","train__d1_autockt_-412_png.rf.edfb98165ea242e0775bc00b9c69793f","images/img_0166.jpg","connectivity","terminal_same_node","medium","Do the lower terminal of the 1st resistor from the left and the lower terminal of the capacitor in the diagram belong to the same electrical node, connected by continuous ideal wire without passing through a component?","从左到右第1个电阻的下端与图中的电容的下端是否属于同一个电气节点（可由连续理想导线相连，且中间不经过元件）？","否","yes_no"
"qa_v7c_000326","img_0369","train__d1_autockt_-413_png.rf.7f0c7598d5a1530a22e4baafd6ed429f","images/img_0369.jpg","connectivity","terminal_same_node","medium","Do the lower terminal of the 1st resistor from the left and the upper terminal of the 3rd resistor from the left belong to the same electrical node, connected by continuous ideal wire without passing through a component?","从左到右第1个电阻的下端与从左到右第3个电阻的上端是否属于同一个电气节点（可由连续理想导线相连，且中间不经过元件）？","否","yes_no"
"qa_v7c_000327","img_0369","train__d1_autockt_-413_png.rf.7f0c7598d5a1530a22e4baafd6ed429f","images/img_0369.jpg","connectivity","terminal_same_node","medium","Do the upper terminal of the inductor in the diagram and the right terminal of the 2nd resistor from the left belong to the same electrical node, connected by continuous ideal wire without passing through a component?","图中的电感的上端与从左到右第2个电阻的右端是否属于同一个电气节点（可由连续理想导线相连，且中间不经过元件）？","是","yes_no"
"qa_v7c_000328","img_0320","train__d1_autockt_-414_png.rf.de58dde21eba2a54e7df9ebdc840867a","images/img_0320.jpg","connectivity","terminal_same_node","medium","Do the left terminal of the voltage source in the diagram and the right terminal of the inductor in the diagram belong to the same electrical node, connected by continuous ideal wire without passing through a component?","图中的电压源的左端与图中的电感的右端是否属于同一个电气节点（可由连续理想导线相连，且中间不经过元件）？","否","yes_no"
"qa_v7c_000329","img_0320","train__d1_autockt_-414_png.rf.de58dde21eba2a54e7df9ebdc840867a","images/img_0320.jpg","connectivity","terminal_same_node","medium","Do the left terminal of the inductor in the diagram and the upper terminal of the capacitor in the diagram belong to the same electrical node, connected by continuous ideal wire without passing through a component?","图中的电感的左端与图中的电容的上端是否属于同一个电气节点（可由连续理想导线相连，且中间不经过元件）？","是","yes_no"
"qa_v7c_000330","img_0077","train__d1_autockt_-417_png.rf.7bc46ed01c3dacaa21123fe04ea75494","images/img_0077.jpg","connectivity","terminal_same_node","medium","Do the upper terminal of the 2nd resistor from the left and the lower terminal of the 1st resistor from the left belong to the same electrical node, connected by continuous ideal wire without passing through a component?","从左到右第2个电阻的上端与从左到右第1个电阻的下端是否属于同一个电气节点（可由连续理想导线相连，且中间不经过元件）？","否","yes_no"
"qa_v7c_000331","img_0077","train__d1_autockt_-417_png.rf.7bc46ed01c3dacaa21123fe04ea75494","images/img_0077.jpg","connectivity","terminal_same_node","medium","Do the left terminal of the voltage source in the diagram and the lower terminal of the 1st resistor from the left belong to the same electrical node, connected by continuous ideal wire without passing through a component?","图中的电压源的左端与从左到右第1个电阻的下端是否属于同一个电气节点（可由连续理想导线相连，且中间不经过元件）？","是","yes_no"
"qa_v7c_000332","img_0360","train__d1_autockt_-418_png.rf.e2ba99310a487464c367bde390929131","images/img_0360.jpg","connectivity","terminal_same_node","medium","Do the left terminal of the voltage source in the diagram and the upper terminal of the 1st resistor from the left belong to the same electrical node, connected by continuous ideal wire without passing through a component?","图中的电压源的左端与从左到右第1个电阻的上端是否属于同一个电气节点（可由连续理想导线相连，且中间不经过元件）？","否","yes_no"
"qa_v7c_000333","img_0360","train__d1_autockt_-418_png.rf.e2ba99310a487464c367bde390929131","images/img_0360.jpg","connectivity","terminal_same_node","medium","Do the right terminal of the capacitor in the diagram and the left terminal of the 3rd resistor from the left belong to the same electrical node, connected by continuous ideal wire without passing through a component?","图中的电容的右端与从左到右第3个电阻的左端是否属于同一个电气节点（可由连续理想导线相连，且中间不经过元件）？","是","yes_no"
"qa_v7c_000334","img_0122","train__d1_autockt_-419_png.rf.724fe0542c06f76e876b26faaf1bc86a","images/img_0122.jpg","connectivity","terminal_same_node","medium","Do the upper terminal of the 1st inductor from the left and the left terminal of the 1st resistor from the left belong to the same electrical node, connected by continuous ideal wire without passing through a component?","从左到右第1个电感的上端与从左到右第1个电阻的左端是否属于同一个电气节点（可由连续理想导线相连，且中间不经过元件）？","否","yes_no"
"qa_v7c_000335","img_0122","train__d1_autockt_-419_png.rf.724fe0542c06f76e876b26faaf1bc86a","images/img_0122.jpg","connectivity","terminal_same_node","medium","Do the lower terminal of the 2nd resistor from the left and the right terminal of the 1st resistor from the left belong to the same electrical node, connected by continuous ideal wire without passing through a component?","从左到右第2个电阻的下端与从左到右第1个电阻的右端是否属于同一个电气节点（可由连续理想导线相连，且中间不经过元件）？","是","yes_no"
"qa_v7c_000336","img_0259","train__d1_autockt_-423_png.rf.fccb3bbb996179e9fea087ce07932901","images/img_0259.jpg","connectivity","terminal_same_node","medium","Do the upper terminal of the 1st resistor from the left and the lower terminal of the 2nd resistor from the left belong to the same electrical node, connected by continuous ideal wire without passing through a component?","从左到右第1个电阻的上端与从左到右第2个电阻的下端是否属于同一个电气节点（可由连续理想导线相连，且中间不经过元件）？","否","yes_no"
"qa_v7c_000337","img_0259","train__d1_autockt_-423_png.rf.fccb3bbb996179e9fea087ce07932901","images/img_0259.jpg","connectivity","terminal_same_node","medium","Do the upper terminal of the 1st resistor from the left and the left terminal of the inductor in the diagram belong to the same electrical node, connected by continuous ideal wire without passing through a component?","从左到右第1个电阻的上端与图中的电感的左端是否属于同一个电气节点（可由连续理想导线相连，且中间不经过元件）？","是","yes_no"
"qa_v7c_000338","img_0326","train__d1_autockt_-431_png.rf.41418e75a5e6bb8a0eb52209212a78b1","images/img_0326.jpg","connectivity","terminal_same_node","medium","Do the upper terminal of the 2nd inductor from the left and the lower terminal of the voltage source in the diagram belong to the same electrical node, connected by continuous ideal wire without passing through a component?","从左到右第2个电感的上端与图中的电压源的下端是否属于同一个电气节点（可由连续理想导线相连，且中间不经过元件）？","否","yes_no"
"qa_v7c_000339","img_0326","train__d1_autockt_-431_png.rf.41418e75a5e6bb8a0eb52209212a78b1","images/img_0326.jpg","connectivity","terminal_same_node","medium","Do the upper terminal of the voltage source in the diagram and the right terminal of the 1st resistor from the top belong to the same electrical node, connected by continuous ideal wire without passing through a component?","图中的电压源的上端与从上到下第1个电阻的右端是否属于同一个电气节点（可由连续理想导线相连，且中间不经过元件）？","是","yes_no"
"qa_v7c_000340","img_0026","train__d1_autockt_-435_png.rf.f8446e033be019cede7947993b824b98","images/img_0026.jpg","connectivity","terminal_same_node","medium","Do the upper terminal of the 1st resistor from the left and the lower terminal of the 2nd resistor from the left belong to the same electrical node, connected by continuous ideal wire without passing through a component?","从左到右第1个电阻的上端与从左到右第2个电阻的下端是否属于同一个电气节点（可由连续理想导线相连，且中间不经过元件）？","否","yes_no"
"qa_v7c_000341","img_0026","train__d1_autockt_-435_png.rf.f8446e033be019cede7947993b824b98","images/img_0026.jpg","connectivity","terminal_same_node","medium","Do the left terminal of the capacitor in the diagram and the upper terminal of the voltage source in the diagram belong to the same electrical node, connected by continuous ideal wire without passing through a component?","图中的电容的左端与图中的电压源的上端是否属于同一个电气节点（可由连续理想导线相连，且中间不经过元件）？","是","yes_no"
"qa_v7c_000342","img_0012","train__d1_autockt_-440_png.rf.66f06ce3967e198359be3ba51c0b947d","images/img_0012.jpg","connectivity","terminal_same_node","medium","Do the left terminal of the 1st capacitor from the left and the lower terminal of the 1st resistor from the left belong to the same electrical node, connected by continuous ideal wire without passing through a component?","从左到右第1个电容的左端与从左到右第1个电阻的下端是否属于同一个电气节点（可由连续理想导线相连，且中间不经过元件）？","是","yes_no"
"qa_v7c_000343","img_0032","train__d1_autockt_-448_png.rf.c3dfde43eece3ebdb656eb3db9d40038","images/img_0032.jpg","connectivity","terminal_same_node","medium","Do the lower terminal of the 1st resistor from the left and the left terminal of the 2nd resistor from the left belong to the same electrical node, connected by continuous ideal wire without passing through a component?","从左到右第1个电阻的下端与从左到右第2个电阻的左端是否属于同一个电气节点（可由连续理想导线相连，且中间不经过元件）？","是","yes_no"
"qa_v7c_000344","img_0032","train__d1_autockt_-448_png.rf.c3dfde43eece3ebdb656eb3db9d40038","images/img_0032.jpg","connectivity","terminal_same_node","medium","Do the lower terminal of the 2nd inductor from the left and the left terminal of the 2nd resistor from the left belong to the same electrical node, connected by continuous ideal wire without passing through a component?","从左到右第2个电感的下端与从左到右第2个电阻的左端是否属于同一个电气节点（可由连续理想导线相连，且中间不经过元件）？","否","yes_no"
"qa_v7c_000345","img_0340","train__d1_autockt_-449_png.rf.f435d79eb688d005d608f30898b0322f","images/img_0340.jpg","connectivity","terminal_same_node","medium","Do the right terminal of the 1st voltage source from the top and the right terminal of the 2nd inductor from the left belong to the same electrical node, connected by continuous ideal wire without passing through a component?","从上到下第1个电压源的右端与从左到右第2个电感的右端是否属于同一个电气节点（可由连续理想导线相连，且中间不经过元件）？","是","yes_no"
"qa_v7c_000346","img_0340","train__d1_autockt_-449_png.rf.f435d79eb688d005d608f30898b0322f","images/img_0340.jpg","connectivity","terminal_same_node","medium","Do the upper terminal of the 1st inductor from the left and the lower terminal of the 1st resistor from the left belong to the same electrical node, connected by continuous ideal wire without passing through a component?","从左到右第1个电感的上端与从左到右第1个电阻的下端是否属于同一个电气节点（可由连续理想导线相连，且中间不经过元件）？","否","yes_no"
"qa_v7c_000347","img_0261","train__d1_autockt_-451_png.rf.f37b42cdc9453ecbcf076999c10aad93","images/img_0261.jpg","connectivity","terminal_same_node","medium","Do the lower terminal of the inductor in the diagram and the left terminal of the capacitor in the diagram belong to the same electrical node, connected by continuous ideal wire without passing through a component?","图中的电感的下端与图中的电容的左端是否属于同一个电气节点（可由连续理想导线相连，且中间不经过元件）？","否","yes_no"
"qa_v7c_000348","img_0045","train__d1_autockt_-454_png.rf.c5fc966c9b852852a21b2d353dad8ad7","images/img_0045.jpg","connectivity","terminal_same_node","medium","Do the left terminal of the 1st capacitor from the left and the left terminal of the voltage source in the diagram belong to the same electrical node, connected by continuous ideal wire without passing through a component?","从左到右第1个电容的左端与图中的电压源的左端是否属于同一个电气节点（可由连续理想导线相连，且中间不经过元件）？","否","yes_no"
"qa_v7c_000349","img_0045","train__d1_autockt_-454_png.rf.c5fc966c9b852852a21b2d353dad8ad7","images/img_0045.jpg","connectivity","terminal_same_node","medium","Do the right terminal of the voltage source in the diagram and the upper terminal of the 3rd resistor from the left belong to the same electrical node, connected by continuous ideal wire without passing through a component?","图中的电压源的右端与从左到右第3个电阻的上端是否属于同一个电气节点（可由连续理想导线相连，且中间不经过元件）？","是","yes_no"
"qa_v7c_000350","img_0334","train__d1_autockt_-45_png.rf.51f3d72d221cc647bbfef272ef0e2879","images/img_0334.jpg","connectivity","terminal_same_node","medium","Do the upper terminal of the 1st capacitor from the left and the left terminal of the 1st resistor from the left belong to the same electrical node, connected by continuous ideal wire without passing through a component?","从左到右第1个电容的上端与从左到右第1个电阻的左端是否属于同一个电气节点（可由连续理想导线相连，且中间不经过元件）？","是","yes_no"
"qa_v7c_000351","img_0334","train__d1_autockt_-45_png.rf.51f3d72d221cc647bbfef272ef0e2879","images/img_0334.jpg","connectivity","terminal_same_node","medium","Do the right terminal of the voltage source in the diagram and the lower terminal of the 1st capacitor from the left belong to the same electrical node, connected by continuous ideal wire without passing through a component?","图中的电压源的右端与从左到右第1个电容的下端是否属于同一个电气节点（可由连续理想导线相连，且中间不经过元件）？","否","yes_no"
"qa_v7c_000352","img_0153","train__d1_autockt_-460_png.rf.9e0ece51cc84de8b3988a5c15706d71c","images/img_0153.jpg","connectivity","terminal_same_node","medium","Do the right terminal of the voltage source in the diagram and the right terminal of the capacitor in the diagram belong to the same electrical node, connected by continuous ideal wire without passing through a component?","图中的电压源的右端与图中的电容的右端是否属于同一个电气节点（可由连续理想导线相连，且中间不经过元件）？","否","yes_no"
"qa_v7c_000353","img_0153","train__d1_autockt_-460_png.rf.9e0ece51cc84de8b3988a5c15706d71c","images/img_0153.jpg","connectivity","terminal_same_node","medium","Do the right terminal of the voltage source in the diagram and the lower terminal of the inductor in the diagram belong to the same electrical node, connected by continuous ideal wire without passing through a component?","图中的电压源的右端与图中的电感的下端是否属于同一个电气节点（可由连续理想导线相连，且中间不经过元件）？","是","yes_no"
"qa_v7c_000354","img_0125","train__d1_autockt_-463_png.rf.befc30e9d6d0816fcddadeb5bbd18937","images/img_0125.jpg","connectivity","terminal_same_node","medium","Do the right terminal of the 1st inductor from the left and the lower terminal of the 2nd resistor from the left belong to the same electrical node, connected by continuous ideal wire without passing through a component?","从左到右第1个电感的右端与从左到右第2个电阻的下端是否属于同一个电气节点（可由连续理想导线相连，且中间不经过元件）？","是","yes_no"
"qa_v7c_000355","img_0125","train__d1_autockt_-463_png.rf.befc30e9d6d0816fcddadeb5bbd18937","images/img_0125.jpg","connectivity","terminal_same_node","medium","Do the lower terminal of the 2nd inductor from the left and the lower terminal of the 1st resistor from the left belong to the same electrical node, connected by continuous ideal wire without passing through a component?","从左到右第2个电感的下端与从左到右第1个电阻的下端是否属于同一个电气节点（可由连续理想导线相连，且中间不经过元件）？","否","yes_no"
"qa_v7c_000356","img_0009","train__d1_autockt_-465_png.rf.8fac8ad95079d2ef7e608fe2caeafa9d","images/img_0009.jpg","connectivity","terminal_same_node","medium","Do the left terminal of the 2nd resistor from the left and the lower terminal of the current source in the diagram belong to the same electrical node, connected by continuous ideal wire without passing through a component?","从左到右第2个电阻的左端与图中的电流源的下端是否属于同一个电气节点（可由连续理想导线相连，且中间不经过元件）？","是","yes_no"
"qa_v7c_000357","img_0009","train__d1_autockt_-465_png.rf.8fac8ad95079d2ef7e608fe2caeafa9d","images/img_0009.jpg","connectivity","terminal_same_node","medium","Do the left terminal of the inductor in the diagram and the upper terminal of the 3rd resistor from the left belong to the same electrical node, connected by continuous ideal wire without passing through a component?","图中的电感的左端与从左到右第3个电阻的上端是否属于同一个电气节点（可由连续理想导线相连，且中间不经过元件）？","否","yes_no"
"qa_v7c_000358","img_0204","train__d1_autockt_-471_png.rf.0f9b21fe1b17e784d8b1e3fb74f96af8","images/img_0204.jpg","connectivity","terminal_same_node","medium","Do the upper terminal of the 2nd inductor from the left and the left terminal of the 1st resistor from the left belong to the same electrical node, connected by continuous ideal wire without passing through a component?","从左到右第2个电感的上端与从左到右第1个电阻的左端是否属于同一个电气节点（可由连续理想导线相连，且中间不经过元件）？","否","yes_no"
"qa_v7c_000359","img_0204","train__d1_autockt_-471_png.rf.0f9b21fe1b17e784d8b1e3fb74f96af8","images/img_0204.jpg","connectivity","terminal_same_node","medium","Do the upper terminal of the voltage source in the diagram and the left terminal of the 1st resistor from the left belong to the same electrical node, connected by continuous ideal wire without passing through a component?","图中的电压源的上端与从左到右第1个电阻的左端是否属于同一个电气节点（可由连续理想导线相连，且中间不经过元件）？","是","yes_no"
"qa_v7c_000360","img_0118","train__d1_autockt_-472_png.rf.ff1921e9a801051dc67ec8c3a80df8f8","images/img_0118.jpg","connectivity","terminal_same_node","medium","Do the lower terminal of the 1st resistor from the left and the left terminal of the capacitor in the diagram belong to the same electrical node, connected by continuous ideal wire without passing through a component?","从左到右第1个电阻的下端与图中的电容的左端是否属于同一个电气节点（可由连续理想导线相连，且中间不经过元件）？","是","yes_no"
"qa_v7c_000361","img_0118","train__d1_autockt_-472_png.rf.ff1921e9a801051dc67ec8c3a80df8f8","images/img_0118.jpg","connectivity","terminal_same_node","medium","Do the right terminal of the capacitor in the diagram and the right terminal of the 2nd resistor from the left belong to the same electrical node, connected by continuous ideal wire without passing through a component?","图中的电容的右端与从左到右第2个电阻的右端是否属于同一个电气节点（可由连续理想导线相连，且中间不经过元件）？","否","yes_no"
"qa_v7c_000362","img_0096","train__d1_autockt_-473_png.rf.90412134f4599a57fff8d229cd77b1fc","images/img_0096.jpg","connectivity","terminal_same_node","medium","Do the lower terminal of the 1st inductor from the left and the left terminal of the 2nd resistor from the left belong to the same electrical node, connected by continuous ideal wire without passing through a component?","从左到右第1个电感的下端与从左到右第2个电阻的左端是否属于同一个电气节点（可由连续理想导线相连，且中间不经过元件）？","是","yes_no"
"qa_v7c_000363","img_0096","train__d1_autockt_-473_png.rf.90412134f4599a57fff8d229cd77b1fc","images/img_0096.jpg","connectivity","terminal_same_node","medium","Do the right terminal of the 2nd inductor from the left and the lower terminal of the 1st resistor from the left belong to the same electrical node, connected by continuous ideal wire without passing through a component?","从左到右第2个电感的右端与从左到右第1个电阻的下端是否属于同一个电气节点（可由连续理想导线相连，且中间不经过元件）？","否","yes_no"
"qa_v7c_000364","img_0232","train__d1_autockt_-481_png.rf.2709a59e78f86eb28d160132a282d50b","images/img_0232.jpg","connectivity","terminal_same_node","medium","Do the right terminal of the 1st inductor from the top and the right terminal of the 2nd inductor from the top belong to the same electrical node, connected by continuous ideal wire without passing through a component?","从上到下第1个电感的右端与从上到下第2个电感的右端是否属于同一个电气节点（可由连续理想导线相连，且中间不经过元件）？","是","yes_no"
"qa_v7c_000365","img_0232","train__d1_autockt_-481_png.rf.2709a59e78f86eb28d160132a282d50b","images/img_0232.jpg","connectivity","terminal_same_node","medium","Do the lower terminal of the 1st resistor from the left and the left terminal of the voltage source in the diagram belong to the same electrical node, connected by continuous ideal wire without passing through a component?","从左到右第1个电阻的下端与图中的电压源的左端是否属于同一个电气节点（可由连续理想导线相连，且中间不经过元件）？","否","yes_no"
"qa_v7c_000366","img_0205","train__d1_autockt_-484_png.rf.b27aeab8d49e3cb6b5d5f0cf628d9d25","images/img_0205.jpg","connectivity","terminal_same_node","medium","Do the right terminal of the 1st capacitor from the left and the lower terminal of the 1st resistor from the left belong to the same electrical node, connected by continuous ideal wire without passing through a component?","从左到右第1个电容的右端与从左到右第1个电阻的下端是否属于同一个电气节点（可由连续理想导线相连，且中间不经过元件）？","否","yes_no"
"qa_v7c_000367","img_0205","train__d1_autockt_-484_png.rf.b27aeab8d49e3cb6b5d5f0cf628d9d25","images/img_0205.jpg","connectivity","terminal_same_node","medium","Do the left terminal of the 2nd capacitor from the left and the right terminal of the 1st capacitor from the left belong to the same electrical node, connected by continuous ideal wire without passing through a component?","从左到右第2个电容的左端与从左到右第1个电容的右端是否属于同一个电气节点（可由连续理想导线相连，且中间不经过元件）？","是","yes_no"
"qa_v7c_000368","img_0309","train__d1_autockt_-487_png.rf.3b4abde3b8fcf0e86ef93e33ac8ba3bc","images/img_0309.jpg","connectivity","terminal_same_node","medium","Do the lower terminal of the voltage source in the diagram and the left terminal of the 2nd resistor from the left belong to the same electrical node, connected by continuous ideal wire without passing through a component?","图中的电压源的下端与从左到右第2个电阻的左端是否属于同一个电气节点（可由连续理想导线相连，且中间不经过元件）？","是","yes_no"
"qa_v7c_000369","img_0309","train__d1_autockt_-487_png.rf.3b4abde3b8fcf0e86ef93e33ac8ba3bc","images/img_0309.jpg","connectivity","terminal_same_node","medium","Do the right terminal of the capacitor in the diagram and the lower terminal of the 3rd resistor from the left belong to the same electrical node, connected by continuous ideal wire without passing through a component?","图中的电容的右端与从左到右第3个电阻的下端是否属于同一个电气节点（可由连续理想导线相连，且中间不经过元件）？","否","yes_no"
"qa_v7c_000370","img_0295","train__d1_autockt_-488_png.rf.304ca500af3dea19bf4afc717b46b25f","images/img_0295.jpg","connectivity","terminal_same_node","medium","Do the right terminal of the voltage source in the diagram and the lower terminal of the 2nd resistor from the top belong to the same electrical node, connected by continuous ideal wire without passing through a component?","图中的电压源的右端与从上到下第2个电阻的下端是否属于同一个电气节点（可由连续理想导线相连，且中间不经过元件）？","否","yes_no"
"qa_v7c_000371","img_0295","train__d1_autockt_-488_png.rf.304ca500af3dea19bf4afc717b46b25f","images/img_0295.jpg","connectivity","terminal_same_node","medium","Do the left terminal of the voltage source in the diagram and the upper terminal of the current source in the diagram belong to the same electrical node, connected by continuous ideal wire without passing through a component?","图中的电压源的左端与图中的电流源的上端是否属于同一个电气节点（可由连续理想导线相连，且中间不经过元件）？","是","yes_no"
"qa_v7c_000372","img_0054","train__d1_autockt_-496_png.rf.3857766abc4a8741b932c14b4ce1ccf2","images/img_0054.jpg","connectivity","terminal_same_node","medium","Do the upper terminal of the 1st resistor from the left and the left terminal of the current source in the diagram belong to the same electrical node, connected by continuous ideal wire without passing through a component?","从左到右第1个电阻的上端与图中的电流源的左端是否属于同一个电气节点（可由连续理想导线相连，且中间不经过元件）？","否","yes_no"
"qa_v7c_000373","img_0054","train__d1_autockt_-496_png.rf.3857766abc4a8741b932c14b4ce1ccf2","images/img_0054.jpg","connectivity","terminal_same_node","medium","Do the left terminal of the inductor in the diagram and the lower terminal of the 1st resistor from the left belong to the same electrical node, connected by continuous ideal wire without passing through a component?","图中的电感的左端与从左到右第1个电阻的下端是否属于同一个电气节点（可由连续理想导线相连，且中间不经过元件）？","是","yes_no"
"qa_v7c_000374","img_0112","train__d1_autockt_-497_png.rf.6781ee0e9dcf16ea6f1142267d01298d","images/img_0112.jpg","connectivity","terminal_same_node","medium","Do the lower terminal of the capacitor in the diagram and the right terminal of the 2nd resistor from the left belong to the same electrical node, connected by continuous ideal wire without passing through a component?","图中的电容的下端与从左到右第2个电阻的右端是否属于同一个电气节点（可由连续理想导线相连，且中间不经过元件）？","是","yes_no"
"qa_v7c_000375","img_0112","train__d1_autockt_-497_png.rf.6781ee0e9dcf16ea6f1142267d01298d","images/img_0112.jpg","connectivity","terminal_same_node","medium","Do the upper terminal of the inductor in the diagram and the lower terminal of the 1st resistor from the left belong to the same electrical node, connected by continuous ideal wire without passing through a component?","图中的电感的上端与从左到右第1个电阻的下端是否属于同一个电气节点（可由连续理想导线相连，且中间不经过元件）？","否","yes_no"
"qa_v7c_000376","img_0339","train__d1_autockt_-49_png.rf.7d0639fa22c051578ab82d8f1f4e2cf9","images/img_0339.jpg","connectivity","terminal_same_node","medium","Do the right terminal of the 1st capacitor from the left and the left terminal of the 2nd capacitor from the left belong to the same electrical node, connected by continuous ideal wire without passing through a component?","从左到右第1个电容的右端与从左到右第2个电容的左端是否属于同一个电气节点（可由连续理想导线相连，且中间不经过元件）？","是","yes_no"
"qa_v7c_000377","img_0147","train__d1_autockt_-502_png.rf.fbc5dea95acccca5927e3aed43e5fe2c","images/img_0147.jpg","connectivity","terminal_same_node","medium","Do the right terminal of the 1st resistor from the top and the left terminal of the 2nd resistor from the top belong to the same electrical node, connected by continuous ideal wire without passing through a component?","从上到下第1个电阻的右端与从上到下第2个电阻的左端是否属于同一个电气节点（可由连续理想导线相连，且中间不经过元件）？","否","yes_no"
"qa_v7c_000378","img_0147","train__d1_autockt_-502_png.rf.fbc5dea95acccca5927e3aed43e5fe2c","images/img_0147.jpg","connectivity","terminal_same_node","medium","Do the right terminal of the 1st resistor from the top and the upper terminal of the capacitor in the diagram belong to the same electrical node, connected by continuous ideal wire without passing through a component?","从上到下第1个电阻的右端与图中的电容的上端是否属于同一个电气节点（可由连续理想导线相连，且中间不经过元件）？","是","yes_no"
"qa_v7c_000379","img_0250","train__d1_autockt_-506_png.rf.e6677a083db0a858123450b0ca7c342c","images/img_0250.jpg","connectivity","terminal_same_node","medium","Do the right terminal of the voltage source in the diagram and the lower terminal of the capacitor in the diagram belong to the same electrical node, connected by continuous ideal wire without passing through a component?","图中的电压源的右端与图中的电容的下端是否属于同一个电气节点（可由连续理想导线相连，且中间不经过元件）？","是","yes_no"
"qa_v7c_000380","img_0121","train__d1_autockt_-507_png.rf.385d15eba96c4ea635398ce9db6529a5","images/img_0121.jpg","connectivity","terminal_same_node","medium","Do the lower terminal of the inductor in the diagram and the upper terminal of the capacitor in the diagram belong to the same electrical node, connected by continuous ideal wire without passing through a component?","图中的电感的下端与图中的电容的上端是否属于同一个电气节点（可由连续理想导线相连，且中间不经过元件）？","否","yes_no"
"qa_v7c_000381","img_0121","train__d1_autockt_-507_png.rf.385d15eba96c4ea635398ce9db6529a5","images/img_0121.jpg","connectivity","terminal_same_node","medium","Do the lower terminal of the current source in the diagram and the left terminal of the 3rd resistor from the left belong to the same electrical node, connected by continuous ideal wire without passing through a component?","图中的电流源的下端与从左到右第3个电阻的左端是否属于同一个电气节点（可由连续理想导线相连，且中间不经过元件）？","是","yes_no"
"qa_v7c_000382","img_0037","train__d1_autockt_-508_png.rf.9a8c1f8178dddd53d74d32f7c105055f","images/img_0037.jpg","connectivity","terminal_same_node","medium","Do the lower terminal of the 2nd resistor from the top and the left terminal of the 3rd resistor from the top belong to the same electrical node, connected by continuous ideal wire without passing through a component?","从上到下第2个电阻的下端与从上到下第3个电阻的左端是否属于同一个电气节点（可由连续理想导线相连，且中间不经过元件）？","否","yes_no"
"qa_v7c_000383","img_0037","train__d1_autockt_-508_png.rf.9a8c1f8178dddd53d74d32f7c105055f","images/img_0037.jpg","connectivity","terminal_same_node","medium","Do the lower terminal of the current source in the diagram and the right terminal of the 3rd resistor from the top belong to the same electrical node, connected by continuous ideal wire without passing through a component?","图中的电流源的下端与从上到下第3个电阻的右端是否属于同一个电气节点（可由连续理想导线相连，且中间不经过元件）？","是","yes_no"
"qa_v7c_000384","img_0135","train__d1_autockt_-514_png.rf.f3e0d72fa9948e88072570fb7683f175","images/img_0135.jpg","connectivity","terminal_same_node","medium","Do the left terminal of the 1st inductor from the top and the upper terminal of the 1st resistor from the left belong to the same electrical node, connected by continuous ideal wire without passing through a component?","从上到下第1个电感的左端与从左到右第1个电阻的上端是否属于同一个电气节点（可由连续理想导线相连，且中间不经过元件）？","是","yes_no"
"qa_v7c_000385","img_0135","train__d1_autockt_-514_png.rf.f3e0d72fa9948e88072570fb7683f175","images/img_0135.jpg","connectivity","terminal_same_node","medium","Do the lower terminal of the 1st resistor from the left and the left terminal of the 2nd resistor from the left belong to the same electrical node, connected by continuous ideal wire without passing through a component?","从左到右第1个电阻的下端与从左到右第2个电阻的左端是否属于同一个电气节点（可由连续理想导线相连，且中间不经过元件）？","否","yes_no"
"qa_v7c_000386","img_0234","train__d1_autockt_-515_png.rf.b6bc962b2a68545c50e486277ef4d8f5","images/img_0234.jpg","connectivity","terminal_same_node","medium","Do the right terminal of the 1st inductor from the left and the lower terminal of the 2nd resistor from the left belong to the same electrical node, connected by continuous ideal wire without passing through a component?","从左到右第1个电感的右端与从左到右第2个电阻的下端是否属于同一个电气节点（可由连续理想导线相连，且中间不经过元件）？","是","yes_no"
"qa_v7c_000387","img_0234","train__d1_autockt_-515_png.rf.b6bc962b2a68545c50e486277ef4d8f5","images/img_0234.jpg","connectivity","terminal_same_node","medium","Do the lower terminal of the 2nd inductor from the left and the lower terminal of the current source in the diagram belong to the same electrical node, connected by continuous ideal wire without passing through a component?","从左到右第2个电感的下端与图中的电流源的下端是否属于同一个电气节点（可由连续理想导线相连，且中间不经过元件）？","否","yes_no"
"qa_v7c_000388","img_0063","train__d1_autockt_-520_png.rf.b8e3e853af5b921647cdc0ed5fb21308","images/img_0063.jpg","connectivity","terminal_same_node","medium","Do the lower terminal of the 3rd resistor from the left and the right terminal of the 1st resistor from the left belong to the same electrical node, connected by continuous ideal wire without passing through a component?","从左到右第3个电阻的下端与从左到右第1个电阻的右端是否属于同一个电气节点（可由连续理想导线相连，且中间不经过元件）？","是","yes_no"
"qa_v7c_000389","img_0063","train__d1_autockt_-520_png.rf.b8e3e853af5b921647cdc0ed5fb21308","images/img_0063.jpg","connectivity","terminal_same_node","medium","Do the left terminal of the current source in the diagram and the right terminal of the 2nd resistor from the left belong to the same electrical node, connected by continuous ideal wire without passing through a component?","图中的电流源的左端与从左到右第2个电阻的右端是否属于同一个电气节点（可由连续理想导线相连，且中间不经过元件）？","否","yes_no"
"qa_v7c_000390","img_0342","train__d1_autockt_-522_png.rf.198b484cab8511aa4ba12a4ee9ba99a9","images/img_0342.jpg","connectivity","terminal_same_node","medium","Do the left terminal of the voltage source in the diagram and the upper terminal of the 1st inductor from the top belong to the same electrical node, connected by continuous ideal wire without passing through a component?","图中的电压源的左端与从上到下第1个电感的上端是否属于同一个电气节点（可由连续理想导线相连，且中间不经过元件）？","否","yes_no"
"qa_v7c_000391","img_0342","train__d1_autockt_-522_png.rf.198b484cab8511aa4ba12a4ee9ba99a9","images/img_0342.jpg","connectivity","terminal_same_node","medium","Do the left terminal of the voltage source in the diagram and the left terminal of the 3rd resistor from the top belong to the same electrical node, connected by continuous ideal wire without passing through a component?","图中的电压源的左端与从上到下第3个电阻的左端是否属于同一个电气节点（可由连续理想导线相连，且中间不经过元件）？","是","yes_no"
"qa_v7c_000392","img_0091","train__d1_autockt_-526_png.rf.972c85876b6e2ef1bcb8234f3b87aec3","images/img_0091.jpg","connectivity","terminal_same_node","medium","Do the right terminal of the inductor in the diagram and the lower terminal of the capacitor in the diagram belong to the same electrical node, connected by continuous ideal wire without passing through a component?","图中的电感的右端与图中的电容的下端是否属于同一个电气节点（可由连续理想导线相连，且中间不经过元件）？","否","yes_no"
"qa_v7c_000393","img_0195","train__d1_autockt_-529_png.rf.6f7b1413eb298cbf4a8d1d7480b71b46","images/img_0195.jpg","connectivity","terminal_same_node","medium","Do the right terminal of the 1st resistor from the top and the right terminal of the 3rd resistor from the top belong to the same electrical node, connected by continuous ideal wire without passing through a component?","从上到下第1个电阻的右端与从上到下第3个电阻的右端是否属于同一个电气节点（可由连续理想导线相连，且中间不经过元件）？","是","yes_no"
"qa_v7c_000394","img_0195","train__d1_autockt_-529_png.rf.6f7b1413eb298cbf4a8d1d7480b71b46","images/img_0195.jpg","connectivity","terminal_same_node","medium","Do the left terminal of the inductor in the diagram and the right terminal of the 3rd resistor from the top belong to the same electrical node, connected by continuous ideal wire without passing through a component?","图中的电感的左端与从上到下第3个电阻的右端是否属于同一个电气节点（可由连续理想导线相连，且中间不经过元件）？","否","yes_no"
"qa_v7c_000395","img_0218","train__d1_autockt_-530_png.rf.372fa3f0ed5af7b9ef57e620223aaef1","images/img_0218.jpg","connectivity","terminal_same_node","medium","Do the left terminal of the capacitor in the diagram and the left terminal of the 2nd resistor from the left belong to the same electrical node, connected by continuous ideal wire without passing through a component?","图中的电容的左端与从左到右第2个电阻的左端是否属于同一个电气节点（可由连续理想导线相连，且中间不经过元件）？","否","yes_no"
"qa_v7c_000396","img_0218","train__d1_autockt_-530_png.rf.372fa3f0ed5af7b9ef57e620223aaef1","images/img_0218.jpg","connectivity","terminal_same_node","medium","Do the right terminal of the inductor in the diagram and the right terminal of the voltage source in the diagram belong to the same electrical node, connected by continuous ideal wire without passing through a component?","图中的电感的右端与图中的电压源的右端是否属于同一个电气节点（可由连续理想导线相连，且中间不经过元件）？","是","yes_no"
"qa_v7c_000397","img_0106","train__d1_autockt_-535_png.rf.9153b1dc9dda171b9a0812795e7e719e","images/img_0106.jpg","connectivity","terminal_same_node","medium","Do the upper terminal of the 1st resistor from the left and the right terminal of the capacitor in the diagram belong to the same electrical node, connected by continuous ideal wire without passing through a component?","从左到右第1个电阻的上端与图中的电容的右端是否属于同一个电气节点（可由连续理想导线相连，且中间不经过元件）？","否","yes_no"
"qa_v7c_000398","img_0106","train__d1_autockt_-535_png.rf.9153b1dc9dda171b9a0812795e7e719e","images/img_0106.jpg","connectivity","terminal_same_node","medium","Do the right terminal of the capacitor in the diagram and the upper terminal of the 2nd current source from the left belong to the same electrical node, connected by continuous ideal wire without passing through a component?","图中的电容的右端与从左到右第2个电流源的上端是否属于同一个电气节点（可由连续理想导线相连，且中间不经过元件）？","是","yes_no"
"qa_v7c_000399","img_0367","train__d1_autockt_-537_png.rf.6ee6497275122beda6a37704f5429c2e","images/img_0367.jpg","connectivity","terminal_same_node","medium","Do the lower terminal of the capacitor in the diagram and the left terminal of the current source in the diagram belong to the same electrical node, connected by continuous ideal wire without passing through a component?","图中的电容的下端与图中的电流源的左端是否属于同一个电气节点（可由连续理想导线相连，且中间不经过元件）？","否","yes_no"
"qa_v7c_000400","img_0367","train__d1_autockt_-537_png.rf.6ee6497275122beda6a37704f5429c2e","images/img_0367.jpg","connectivity","terminal_same_node","medium","Do the right terminal of the inductor in the diagram and the right terminal of the 2nd resistor from the left belong to the same electrical node, connected by continuous ideal wire without passing through a component?","图中的电感的右端与从左到右第2个电阻的右端是否属于同一个电气节点（可由连续理想导线相连，且中间不经过元件）？","是","yes_no"
"qa_v7c_000401","img_0288","train__d1_autockt_-547_png.rf.f0472340e4dc77478687a06623d1f513","images/img_0288.jpg","connectivity","terminal_same_node","medium","Do the upper terminal of the 2nd resistor from the left and the right terminal of the 1st resistor from the left belong to the same electrical node, connected by continuous ideal wire without passing through a component?","从左到右第2个电阻的上端与从左到右第1个电阻的右端是否属于同一个电气节点（可由连续理想导线相连，且中间不经过元件）？","是","yes_no"
"qa_v7c_000402","img_0288","train__d1_autockt_-547_png.rf.f0472340e4dc77478687a06623d1f513","images/img_0288.jpg","connectivity","terminal_same_node","medium","Do the upper terminal of the 2nd resistor from the left and the left terminal of the 1st resistor from the left belong to the same electrical node, connected by continuous ideal wire without passing through a component?","从左到右第2个电阻的上端与从左到右第1个电阻的左端是否属于同一个电气节点（可由连续理想导线相连，且中间不经过元件）？","否","yes_no"
"qa_v7c_000403","img_0126","train__d1_autockt_-554_png.rf.4cccaa0ae853ff949527efe4e1892456","images/img_0126.jpg","connectivity","terminal_same_node","medium","Do the left terminal of the 1st inductor from the top and the left terminal of the 1st resistor from the top belong to the same electrical node, connected by continuous ideal wire without passing through a component?","从上到下第1个电感的左端与从上到下第1个电阻的左端是否属于同一个电气节点（可由连续理想导线相连，且中间不经过元件）？","否","yes_no"
"qa_v7c_000404","img_0126","train__d1_autockt_-554_png.rf.4cccaa0ae853ff949527efe4e1892456","images/img_0126.jpg","connectivity","terminal_same_node","medium","Do the lower terminal of the voltage source in the diagram and the left terminal of the 3rd resistor from the top belong to the same electrical node, connected by continuous ideal wire without passing through a component?","图中的电压源的下端与从上到下第3个电阻的左端是否属于同一个电气节点（可由连续理想导线相连，且中间不经过元件）？","是","yes_no"
"qa_v7c_000405","img_0228","train__d1_autockt_-560_png.rf.5f86c26b11af110f8b145b2b72249dcf","images/img_0228.jpg","connectivity","terminal_same_node","medium","Do the lower terminal of the current source in the diagram and the right terminal of the 2nd resistor from the left belong to the same electrical node, connected by continuous ideal wire without passing through a component?","图中的电流源的下端与从左到右第2个电阻的右端是否属于同一个电气节点（可由连续理想导线相连，且中间不经过元件）？","是","yes_no"
"qa_v7c_000406","img_0228","train__d1_autockt_-560_png.rf.5f86c26b11af110f8b145b2b72249dcf","images/img_0228.jpg","connectivity","terminal_same_node","medium","Do the lower terminal of the current source in the diagram and the left terminal of the 2nd resistor from the left belong to the same electrical node, connected by continuous ideal wire without passing through a component?","图中的电流源的下端与从左到右第2个电阻的左端是否属于同一个电气节点（可由连续理想导线相连，且中间不经过元件）？","否","yes_no"
"qa_v7c_000407","img_0041","train__d1_autockt_-562_png.rf.93022514a29bfd12d7159b1e68671744","images/img_0041.jpg","connectivity","terminal_same_node","medium","Do the right terminal of the 1st inductor from the top and the right terminal of the 1st resistor from the top belong to the same electrical node, connected by continuous ideal wire without passing through a component?","从上到下第1个电感的右端与从上到下第1个电阻的右端是否属于同一个电气节点（可由连续理想导线相连，且中间不经过元件）？","否","yes_no"
"qa_v7c_000408","img_0041","train__d1_autockt_-562_png.rf.93022514a29bfd12d7159b1e68671744","images/img_0041.jpg","connectivity","terminal_same_node","medium","Do the left terminal of the 1st inductor from the top and the left terminal of the 2nd resistor from the top belong to the same electrical node, connected by continuous ideal wire without passing through a component?","从上到下第1个电感的左端与从上到下第2个电阻的左端是否属于同一个电气节点（可由连续理想导线相连，且中间不经过元件）？","是","yes_no"
"qa_v7c_000409","img_0382","train__d1_autockt_-566_png.rf.b6d4d71ca20087885e39423cd20ee90e","images/img_0382.jpg","connectivity","terminal_same_node","medium","Do the upper terminal of the 1st inductor from the left and the left terminal of the 2nd resistor from the left belong to the same electrical node, connected by continuous ideal wire without passing through a component?","从左到右第1个电感的上端与从左到右第2个电阻的左端是否属于同一个电气节点（可由连续理想导线相连，且中间不经过元件）？","否","yes_no"
"qa_v7c_000410","img_0382","train__d1_autockt_-566_png.rf.b6d4d71ca20087885e39423cd20ee90e","images/img_0382.jpg","connectivity","terminal_same_node","medium","Do the lower terminal of the 1st inductor from the left and the lower terminal of the 3rd resistor from the left belong to the same electrical node, connected by continuous ideal wire without passing through a component?","从左到右第1个电感的下端与从左到右第3个电阻的下端是否属于同一个电气节点（可由连续理想导线相连，且中间不经过元件）？","是","yes_no"
"qa_v7c_000411","img_0184","train__d1_autockt_-567_png.rf.37966f21a58066fa87670790cd733f17","images/img_0184.jpg","connectivity","terminal_same_node","medium","Do the right terminal of the 1st capacitor from the left and the lower terminal of the 2nd capacitor from the left belong to the same electrical node, connected by continuous ideal wire without passing through a component?","从左到右第1个电容的右端与从左到右第2个电容的下端是否属于同一个电气节点（可由连续理想导线相连，且中间不经过元件）？","是","yes_no"
"qa_v7c_000412","img_0184","train__d1_autockt_-567_png.rf.37966f21a58066fa87670790cd733f17","images/img_0184.jpg","connectivity","terminal_same_node","medium","Do the right terminal of the voltage source in the diagram and the lower terminal of the 2nd capacitor from the left belong to the same electrical node, connected by continuous ideal wire without passing through a component?","图中的电压源的右端与从左到右第2个电容的下端是否属于同一个电气节点（可由连续理想导线相连，且中间不经过元件）？","否","yes_no"
"qa_v7c_000413","img_0002","train__d1_autockt_-569_png.rf.f0a8e9cd979e186d476c0253a3334b23","images/img_0002.jpg","connectivity","terminal_same_node","medium","Do the upper terminal of the 2nd resistor from the top and the right terminal of the 1st resistor from the top belong to the same electrical node, connected by continuous ideal wire without passing through a component?","从上到下第2个电阻的上端与从上到下第1个电阻的右端是否属于同一个电气节点（可由连续理想导线相连，且中间不经过元件）？","否","yes_no"
"qa_v7c_000414","img_0002","train__d1_autockt_-569_png.rf.f0a8e9cd979e186d476c0253a3334b23","images/img_0002.jpg","connectivity","terminal_same_node","medium","Do the right terminal of the 2nd inductor from the left and the right terminal of the 1st resistor from the top belong to the same electrical node, connected by continuous ideal wire without passing through a component?","从左到右第2个电感的右端与从上到下第1个电阻的右端是否属于同一个电气节点（可由连续理想导线相连，且中间不经过元件）？","是","yes_no"
"qa_v7c_000415","img_0226","train__d1_autockt_-56_png.rf.995fbba5660beea0bb9d526bc4564da7","images/img_0226.jpg","connectivity","terminal_same_node","medium","Do the right terminal of the 1st resistor from the top and the upper terminal of the capacitor in the diagram belong to the same electrical node, connected by continuous ideal wire without passing through a component?","从上到下第1个电阻的右端与图中的电容的上端是否属于同一个电气节点（可由连续理想导线相连，且中间不经过元件）？","否","yes_no"
"qa_v7c_000416","img_0226","train__d1_autockt_-56_png.rf.995fbba5660beea0bb9d526bc4564da7","images/img_0226.jpg","connectivity","terminal_same_node","medium","Do the left terminal of the 2nd resistor from the top and the lower terminal of the capacitor in the diagram belong to the same electrical node, connected by continuous ideal wire without passing through a component?","从上到下第2个电阻的左端与图中的电容的下端是否属于同一个电气节点（可由连续理想导线相连，且中间不经过元件）？","是","yes_no"
"qa_v7c_000417","img_0242","train__d1_autockt_-570_png.rf.d3b32a9969421d4a429cd85f709b45ab","images/img_0242.jpg","connectivity","terminal_same_node","medium","Do the lower terminal of the inductor in the diagram and the left terminal of the 2nd voltage source from the top belong to the same electrical node, connected by continuous ideal wire without passing through a component?","图中的电感的下端与从上到下第2个电压源的左端是否属于同一个电气节点（可由连续理想导线相连，且中间不经过元件）？","是","yes_no"
"qa_v7c_000418","img_0242","train__d1_autockt_-570_png.rf.d3b32a9969421d4a429cd85f709b45ab","images/img_0242.jpg","connectivity","terminal_same_node","medium","Do the lower terminal of the inductor in the diagram and the upper terminal of the 1st resistor from the left belong to the same electrical node, connected by continuous ideal wire without passing through a component?","图中的电感的下端与从左到右第1个电阻的上端是否属于同一个电气节点（可由连续理想导线相连，且中间不经过元件）？","否","yes_no"
"qa_v7c_000419","img_0351","train__d1_autockt_-573_png.rf.b87b3e4358d99547312a456567426c7b","images/img_0351.jpg","connectivity","terminal_same_node","medium","Do the lower terminal of the 1st current source from the left and the left terminal of the 2nd current source from the left belong to the same electrical node, connected by continuous ideal wire without passing through a component?","从左到右第1个电流源的下端与从左到右第2个电流源的左端是否属于同一个电气节点（可由连续理想导线相连，且中间不经过元件）？","否","yes_no"
"qa_v7c_000420","img_0351","train__d1_autockt_-573_png.rf.b87b3e4358d99547312a456567426c7b","images/img_0351.jpg","connectivity","terminal_same_node","medium","Do the lower terminal of the 2nd capacitor from the left and the right terminal of the 2nd resistor from the left belong to the same electrical node, connected by continuous ideal wire without passing through a component?","从左到右第2个电容的下端与从左到右第2个电阻的右端是否属于同一个电气节点（可由连续理想导线相连，且中间不经过元件）？","是","yes_no"
"qa_v7c_000421","img_0383","train__d1_autockt_-584_png.rf.4a4c1f207fda4cb0792f6c58704bfc87","images/img_0383.jpg","connectivity","terminal_same_node","medium","Do the upper terminal of the 1st resistor from the left and the lower terminal of the capacitor in the diagram belong to the same electrical node, connected by continuous ideal wire without passing through a component?","从左到右第1个电阻的上端与图中的电容的下端是否属于同一个电气节点（可由连续理想导线相连，且中间不经过元件）？","否","yes_no"
"qa_v7c_000422","img_0383","train__d1_autockt_-584_png.rf.4a4c1f207fda4cb0792f6c58704bfc87","images/img_0383.jpg","connectivity","terminal_same_node","medium","Do the upper terminal of the 1st resistor from the left and the left terminal of the current source in the diagram belong to the same electrical node, connected by continuous ideal wire without passing through a component?","从左到右第1个电阻的上端与图中的电流源的左端是否属于同一个电气节点（可由连续理想导线相连，且中间不经过元件）？","是","yes_no"
"qa_v7c_000423","img_0312","train__d1_autockt_-586_png.rf.eede6b9ddd49409a04702fc750a73a60","images/img_0312.jpg","connectivity","terminal_same_node","medium","Do the lower terminal of the 1st voltage source from the top and the upper terminal of the 1st inductor from the left belong to the same electrical node, connected by continuous ideal wire without passing through a component?","从上到下第1个电压源的下端与从左到右第1个电感的上端是否属于同一个电气节点（可由连续理想导线相连，且中间不经过元件）？","否","yes_no"
"qa_v7c_000424","img_0312","train__d1_autockt_-586_png.rf.eede6b9ddd49409a04702fc750a73a60","images/img_0312.jpg","connectivity","terminal_same_node","medium","Do the upper terminal of the 2nd resistor from the left and the right terminal of the 1st resistor from the left belong to the same electrical node, connected by continuous ideal wire without passing through a component?","从左到右第2个电阻的上端与从左到右第1个电阻的右端是否属于同一个电气节点（可由连续理想导线相连，且中间不经过元件）？","是","yes_no"
"qa_v7c_000425","img_0379","train__d1_autockt_-589_png.rf.caaed650862b4f58056578a57dcd0d65","images/img_0379.jpg","connectivity","terminal_same_node","medium","Do the lower terminal of the 1st resistor from the left and the lower terminal of the capacitor in the diagram belong to the same electrical node, connected by continuous ideal wire without passing through a component?","从左到右第1个电阻的下端与图中的电容的下端是否属于同一个电气节点（可由连续理想导线相连，且中间不经过元件）？","否","yes_no"
"qa_v7c_000426","img_0379","train__d1_autockt_-589_png.rf.caaed650862b4f58056578a57dcd0d65","images/img_0379.jpg","connectivity","terminal_same_node","medium","Do the left terminal of the inductor in the diagram and the upper terminal of the 1st resistor from the left belong to the same electrical node, connected by continuous ideal wire without passing through a component?","图中的电感的左端与从左到右第1个电阻的上端是否属于同一个电气节点（可由连续理想导线相连，且中间不经过元件）？","是","yes_no"
"qa_v7c_000427","img_0331","train__d1_autockt_-58_png.rf.ec0414ed0e8e6c0b0a8ca10b34ac3422","images/img_0331.jpg","connectivity","terminal_same_node","medium","Do the right terminal of the 2nd inductor from the top and the left terminal of the 1st inductor from the top belong to the same electrical node, connected by continuous ideal wire without passing through a component?","从上到下第2个电感的右端与从上到下第1个电感的左端是否属于同一个电气节点（可由连续理想导线相连，且中间不经过元件）？","否","yes_no"
"qa_v7c_000428","img_0331","train__d1_autockt_-58_png.rf.ec0414ed0e8e6c0b0a8ca10b34ac3422","images/img_0331.jpg","connectivity","terminal_same_node","medium","Do the upper terminal of the 1st resistor from the left and the left terminal of the 1st inductor from the top belong to the same electrical node, connected by continuous ideal wire without passing through a component?","从左到右第1个电阻的上端与从上到下第1个电感的左端是否属于同一个电气节点（可由连续理想导线相连，且中间不经过元件）？","是","yes_no"
"qa_v7c_000429","img_0146","train__d1_autockt_-590_png.rf.abffb237d50d5da270ea5d7ada455339","images/img_0146.jpg","connectivity","terminal_same_node","medium","Do the right terminal of the 2nd capacitor from the left and the upper terminal of the 2nd resistor from the left belong to the same electrical node, connected by continuous ideal wire without passing through a component?","从左到右第2个电容的右端与从左到右第2个电阻的上端是否属于同一个电气节点（可由连续理想导线相连，且中间不经过元件）？","是","yes_no"
"qa_v7c_000430","img_0146","train__d1_autockt_-590_png.rf.abffb237d50d5da270ea5d7ada455339","images/img_0146.jpg","connectivity","terminal_same_node","medium","Do the lower terminal of the 2nd resistor from the left and the left terminal of the 1st resistor from the left belong to the same electrical node, connected by continuous ideal wire without passing through a component?","从左到右第2个电阻的下端与从左到右第1个电阻的左端是否属于同一个电气节点（可由连续理想导线相连，且中间不经过元件）？","否","yes_no"
"qa_v7c_000431","img_0363","train__d1_autockt_-593_png.rf.69902997caa97a0aea7c67371595792e","images/img_0363.jpg","connectivity","terminal_same_node","medium","Do the left terminal of the 1st voltage source from the left and the lower terminal of the 1st resistor from the left belong to the same electrical node, connected by continuous ideal wire without passing through a component?","从左到右第1个电压源的左端与从左到右第1个电阻的下端是否属于同一个电气节点（可由连续理想导线相连，且中间不经过元件）？","否","yes_no"
"qa_v7c_000432","img_0363","train__d1_autockt_-593_png.rf.69902997caa97a0aea7c67371595792e","images/img_0363.jpg","connectivity","terminal_same_node","medium","Do the upper terminal of the 2nd voltage source from the left and the right terminal of the 1st voltage source from the left belong to the same electrical node, connected by continuous ideal wire without passing through a component?","从左到右第2个电压源的上端与从左到右第1个电压源的右端是否属于同一个电气节点（可由连续理想导线相连，且中间不经过元件）？","是","yes_no"
"qa_v7c_000433","img_0350","train__d1_autockt_-598_png.rf.ed60f5aea7e7a7e5df5f0ed31540fc9b","images/img_0350.jpg","connectivity","terminal_same_node","medium","Do the right terminal of the capacitor in the diagram and the left terminal of the 3rd resistor from the top belong to the same electrical node, connected by continuous ideal wire without passing through a component?","图中的电容的右端与从上到下第3个电阻的左端是否属于同一个电气节点（可由连续理想导线相连，且中间不经过元件）？","是","yes_no"
"qa_v7c_000434","img_0279","train__d1_autockt_-59_png.rf.eb73882aaa702e2740dc17a77ec4be94","images/img_0279.jpg","connectivity","terminal_same_node","medium","Do the lower terminal of the 1st resistor from the left and the left terminal of the 2nd inductor from the top belong to the same electrical node, connected by continuous ideal wire without passing through a component?","从左到右第1个电阻的下端与从上到下第2个电感的左端是否属于同一个电气节点（可由连续理想导线相连，且中间不经过元件）？","是","yes_no"
"qa_v7c_000435","img_0279","train__d1_autockt_-59_png.rf.eb73882aaa702e2740dc17a77ec4be94","images/img_0279.jpg","connectivity","terminal_same_node","medium","Do the upper terminal of the 3rd resistor from the left and the right terminal of the 2nd inductor from the top belong to the same electrical node, connected by continuous ideal wire without passing through a component?","从左到右第3个电阻的上端与从上到下第2个电感的右端是否属于同一个电气节点（可由连续理想导线相连，且中间不经过元件）？","否","yes_no"
"qa_v7c_000436","img_0177","train__d1_autockt_-5_png.rf.f26be4c75564be0baf89f068d848252c","images/img_0177.jpg","connectivity","terminal_same_node","medium","Do the left terminal of the 1st inductor from the left and the right terminal of the 2nd resistor from the left belong to the same electrical node, connected by continuous ideal wire without passing through a component?","从左到右第1个电感的左端与从左到右第2个电阻的右端是否属于同一个电气节点（可由连续理想导线相连，且中间不经过元件）？","否","yes_no"
"qa_v7c_000437","img_0177","train__d1_autockt_-5_png.rf.f26be4c75564be0baf89f068d848252c","images/img_0177.jpg","connectivity","terminal_same_node","medium","Do the lower terminal of the 2nd inductor from the left and the right terminal of the 2nd resistor from the left belong to the same electrical node, connected by continuous ideal wire without passing through a component?","从左到右第2个电感的下端与从左到右第2个电阻的右端是否属于同一个电气节点（可由连续理想导线相连，且中间不经过元件）？","是","yes_no"
"qa_v7c_000438","img_0354","train__d1_autockt_-603_png.rf.daa74e3fb5b07e74bc8b4c761ece1873","images/img_0354.jpg","connectivity","terminal_same_node","medium","Do the left terminal of the inductor in the diagram and the lower terminal of the 2nd resistor from the top belong to the same electrical node, connected by continuous ideal wire without passing through a component?","图中的电感的左端与从上到下第2个电阻的下端是否属于同一个电气节点（可由连续理想导线相连，且中间不经过元件）？","是","yes_no"
"qa_v7c_000439","img_0354","train__d1_autockt_-603_png.rf.daa74e3fb5b07e74bc8b4c761ece1873","images/img_0354.jpg","connectivity","terminal_same_node","medium","Do the left terminal of the inductor in the diagram and the upper terminal of the 2nd current source from the left belong to the same electrical node, connected by continuous ideal wire without passing through a component?","图中的电感的左端与从左到右第2个电流源的上端是否属于同一个电气节点（可由连续理想导线相连，且中间不经过元件）？","否","yes_no"
"qa_v7c_000440","img_0357","train__d1_autockt_-607_png.rf.29032d4095f1ee1f868e2891398d725c","images/img_0357.jpg","connectivity","terminal_same_node","medium","Do the upper terminal of the 2nd current source from the left and the right terminal of the 1st current source from the left belong to the same electrical node, connected by continuous ideal wire without passing through a component?","从左到右第2个电流源的上端与从左到右第1个电流源的右端是否属于同一个电气节点（可由连续理想导线相连，且中间不经过元件）？","是","yes_no"
"qa_v7c_000441","img_0357","train__d1_autockt_-607_png.rf.29032d4095f1ee1f868e2891398d725c","images/img_0357.jpg","connectivity","terminal_same_node","medium","Do the left terminal of the 2nd resistor from the left and the lower terminal of the capacitor in the diagram belong to the same electrical node, connected by continuous ideal wire without passing through a component?","从左到右第2个电阻的左端与图中的电容的下端是否属于同一个电气节点（可由连续理想导线相连，且中间不经过元件）？","否","yes_no"
"qa_v7c_000442","img_0290","train__d1_autockt_-608_png.rf.d4536404b5f4deb142fe6f13e68b7a3c","images/img_0290.jpg","connectivity","terminal_same_node","medium","Do the right terminal of the 1st inductor from the left and the upper terminal of the 1st resistor from the left belong to the same electrical node, connected by continuous ideal wire without passing through a component?","从左到右第1个电感的右端与从左到右第1个电阻的上端是否属于同一个电气节点（可由连续理想导线相连，且中间不经过元件）？","否","yes_no"
"qa_v7c_000443","img_0290","train__d1_autockt_-608_png.rf.d4536404b5f4deb142fe6f13e68b7a3c","images/img_0290.jpg","connectivity","terminal_same_node","medium","Do the upper terminal of the 2nd inductor from the left and the right terminal of the 1st inductor from the left belong to the same electrical node, connected by continuous ideal wire without passing through a component?","从左到右第2个电感的上端与从左到右第1个电感的右端是否属于同一个电气节点（可由连续理想导线相连，且中间不经过元件）？","是","yes_no"
"qa_v7c_000444","img_0040","train__d1_autockt_-610_png.rf.d917fc8585b44bdf2623a33d30bf32b6","images/img_0040.jpg","connectivity","terminal_same_node","medium","Do the upper terminal of the 1st voltage source from the left and the right terminal of the 1st resistor from the top belong to the same electrical node, connected by continuous ideal wire without passing through a component?","从左到右第1个电压源的上端与从上到下第1个电阻的右端是否属于同一个电气节点（可由连续理想导线相连，且中间不经过元件）？","否","yes_no"
"qa_v7c_000445","img_0040","train__d1_autockt_-610_png.rf.d917fc8585b44bdf2623a33d30bf32b6","images/img_0040.jpg","connectivity","terminal_same_node","medium","Do the upper terminal of the 1st voltage source from the left and the left terminal of the 1st resistor from the top belong to the same electrical node, connected by continuous ideal wire without passing through a component?","从左到右第1个电压源的上端与从上到下第1个电阻的左端是否属于同一个电气节点（可由连续理想导线相连，且中间不经过元件）？","是","yes_no"
"qa_v7c_000446","img_0167","train__d1_autockt_-611_png.rf.09421c84d8743f1bc6498abcb5acafb4","images/img_0167.jpg","connectivity","terminal_same_node","medium","Do the left terminal of the 1st inductor from the top and the right terminal of the 2nd resistor from the top belong to the same electrical node, connected by continuous ideal wire without passing through a component?","从上到下第1个电感的左端与从上到下第2个电阻的右端是否属于同一个电气节点（可由连续理想导线相连，且中间不经过元件）？","是","yes_no"
"qa_v7c_000447","img_0335","train__d1_autockt_-613_png.rf.f91e6aa9b3dff67e1eb5a47442543efe","images/img_0335.jpg","connectivity","terminal_same_node","medium","Do the right terminal of the capacitor in the diagram and the right terminal of the 3rd resistor from the left belong to the same electrical node, connected by continuous ideal wire without passing through a component?","图中的电容的右端与从左到右第3个电阻的右端是否属于同一个电气节点（可由连续理想导线相连，且中间不经过元件）？","是","yes_no"
"qa_v7c_000448","img_0335","train__d1_autockt_-613_png.rf.f91e6aa9b3dff67e1eb5a47442543efe","images/img_0335.jpg","connectivity","terminal_same_node","medium","Do the left terminal of the capacitor in the diagram and the right terminal of the 3rd resistor from the left belong to the same electrical node, connected by continuous ideal wire without passing through a component?","图中的电容的左端与从左到右第3个电阻的右端是否属于同一个电气节点（可由连续理想导线相连，且中间不经过元件）？","否","yes_no"
"qa_v7c_000449","img_0239","train__d1_autockt_-616_png.rf.11684f6b5f1338b0fc11f4971f4fdaf5","images/img_0239.jpg","connectivity","terminal_same_node","medium","Do the left terminal of the 1st capacitor from the left and the upper terminal of the 2nd capacitor from the left belong to the same electrical node, connected by continuous ideal wire without passing through a component?","从左到右第1个电容的左端与从左到右第2个电容的上端是否属于同一个电气节点（可由连续理想导线相连，且中间不经过元件）？","否","yes_no"
"qa_v7c_000450","img_0239","train__d1_autockt_-616_png.rf.11684f6b5f1338b0fc11f4971f4fdaf5","images/img_0239.jpg","connectivity","terminal_same_node","medium","Do the lower terminal of the 1st resistor from the left and the left terminal of the current source in the diagram belong to the same electrical node, connected by continuous ideal wire without passing through a component?","从左到右第1个电阻的下端与图中的电流源的左端是否属于同一个电气节点（可由连续理想导线相连，且中间不经过元件）？","是","yes_no"
"qa_v7c_000451","img_0152","train__d1_autockt_-622_png.rf.3c1aee5138f5571d5adf98db26c6b904","images/img_0152.jpg","connectivity","terminal_same_node","medium","Do the lower terminal of the 1st resistor from the left and the lower terminal of the capacitor in the diagram belong to the same electrical node, connected by continuous ideal wire without passing through a component?","从左到右第1个电阻的下端与图中的电容的下端是否属于同一个电气节点（可由连续理想导线相连，且中间不经过元件）？","是","yes_no"
"qa_v7c_000452","img_0152","train__d1_autockt_-622_png.rf.3c1aee5138f5571d5adf98db26c6b904","images/img_0152.jpg","connectivity","terminal_same_node","medium","Do the lower terminal of the 2nd resistor from the left and the lower terminal of the 1st resistor from the left belong to the same electrical node, connected by continuous ideal wire without passing through a component?","从左到右第2个电阻的下端与从左到右第1个电阻的下端是否属于同一个电气节点（可由连续理想导线相连，且中间不经过元件）？","否","yes_no"
"qa_v7c_000453","img_0293","train__d1_autockt_-626_png.rf.e6e866f36ef79e0005845a6dc5186d98","images/img_0293.jpg","connectivity","terminal_same_node","medium","Do the left terminal of the 2nd resistor from the left and the right terminal of the 1st resistor from the left belong to the same electrical node, connected by continuous ideal wire without passing through a component?","从左到右第2个电阻的左端与从左到右第1个电阻的右端是否属于同一个电气节点（可由连续理想导线相连，且中间不经过元件）？","是","yes_no"
"qa_v7c_000454","img_0293","train__d1_autockt_-626_png.rf.e6e866f36ef79e0005845a6dc5186d98","images/img_0293.jpg","connectivity","terminal_same_node","medium","Do the left terminal of the inductor in the diagram and the left terminal of the 2nd resistor from the left belong to the same electrical node, connected by continuous ideal wire without passing through a component?","图中的电感的左端与从左到右第2个电阻的左端是否属于同一个电气节点（可由连续理想导线相连，且中间不经过元件）？","否","yes_no"
"qa_v7c_000455","img_0033","train__d1_autockt_-627_png.rf.f352481c5c1f24e9a007401464db97de","images/img_0033.jpg","connectivity","terminal_same_node","medium","Do the right terminal of the 2nd resistor from the top and the left terminal of the 1st resistor from the top belong to the same electrical node, connected by continuous ideal wire without passing through a component?","从上到下第2个电阻的右端与从上到下第1个电阻的左端是否属于同一个电气节点（可由连续理想导线相连，且中间不经过元件）？","否","yes_no"
"qa_v7c_000456","img_0033","train__d1_autockt_-627_png.rf.f352481c5c1f24e9a007401464db97de","images/img_0033.jpg","connectivity","terminal_same_node","medium","Do the right terminal of the inductor in the diagram and the right terminal of the capacitor in the diagram belong to the same electrical node, connected by continuous ideal wire without passing through a component?","图中的电感的右端与图中的电容的右端是否属于同一个电气节点（可由连续理想导线相连，且中间不经过元件）？","是","yes_no"
"qa_v7c_000457","img_0127","train__d1_autockt_-631_png.rf.dd7d2726723802bd9e44573fe4c4c83c","images/img_0127.jpg","connectivity","terminal_same_node","medium","Do the left terminal of the 1st resistor from the left and the upper terminal of the 1st current source from the left belong to the same electrical node, connected by continuous ideal wire without passing through a component?","从左到右第1个电阻的左端与从左到右第1个电流源的上端是否属于同一个电气节点（可由连续理想导线相连，且中间不经过元件）？","是","yes_no"
"qa_v7c_000458","img_0127","train__d1_autockt_-631_png.rf.dd7d2726723802bd9e44573fe4c4c83c","images/img_0127.jpg","connectivity","terminal_same_node","medium","Do the upper terminal of the inductor in the diagram and the left terminal of the capacitor in the diagram belong to the same electrical node, connected by continuous ideal wire without passing through a component?","图中的电感的上端与图中的电容的左端是否属于同一个电气节点（可由连续理想导线相连，且中间不经过元件）？","否","yes_no"
"qa_v7c_000459","img_0374","train__d1_autockt_-636_png.rf.6a5629c2a46937877433729f268d68ba","images/img_0374.jpg","connectivity","terminal_same_node","medium","Do the lower terminal of the 2nd inductor from the left and the left terminal of the 1st inductor from the left belong to the same electrical node, connected by continuous ideal wire without passing through a component?","从左到右第2个电感的下端与从左到右第1个电感的左端是否属于同一个电气节点（可由连续理想导线相连，且中间不经过元件）？","否","yes_no"
"qa_v7c_000460","img_0059","train__d1_autockt_-645_png.rf.a2fee8c343708104084a2fab94c09205","images/img_0059.jpg","connectivity","terminal_same_node","medium","Do the upper terminal of the 1st resistor from the top and the upper terminal of the 1st capacitor from the left belong to the same electrical node, connected by continuous ideal wire without passing through a component?","从上到下第1个电阻的上端与从左到右第1个电容的上端是否属于同一个电气节点（可由连续理想导线相连，且中间不经过元件）？","否","yes_no"
"qa_v7c_000461","img_0059","train__d1_autockt_-645_png.rf.a2fee8c343708104084a2fab94c09205","images/img_0059.jpg","connectivity","terminal_same_node","medium","Do the left terminal of the 2nd capacitor from the left and the upper terminal of the 1st capacitor from the left belong to the same electrical node, connected by continuous ideal wire without passing through a component?","从左到右第2个电容的左端与从左到右第1个电容的上端是否属于同一个电气节点（可由连续理想导线相连，且中间不经过元件）？","是","yes_no"
"qa_v7c_000462","img_0282","train__d1_autockt_-646_png.rf.14eb0c6003fb45f8dda4c1bc4ff2533e","images/img_0282.jpg","connectivity","terminal_same_node","medium","Do the lower terminal of the 1st resistor from the left and the left terminal of the 2nd resistor from the left belong to the same electrical node, connected by continuous ideal wire without passing through a component?","从左到右第1个电阻的下端与从左到右第2个电阻的左端是否属于同一个电气节点（可由连续理想导线相连，且中间不经过元件）？","是","yes_no"
"qa_v7c_000463","img_0282","train__d1_autockt_-646_png.rf.14eb0c6003fb45f8dda4c1bc4ff2533e","images/img_0282.jpg","connectivity","terminal_same_node","medium","Do the right terminal of the inductor in the diagram and the right terminal of the 3rd resistor from the left belong to the same electrical node, connected by continuous ideal wire without passing through a component?","图中的电感的右端与从左到右第3个电阻的右端是否属于同一个电气节点（可由连续理想导线相连，且中间不经过元件）？","否","yes_no"
"qa_v7c_000464","img_0248","train__d1_autockt_-649_png.rf.f58569e65fcbde66f8f12b4c4c6747f5","images/img_0248.jpg","connectivity","terminal_same_node","medium","Do the lower terminal of the 1st resistor from the left and the left terminal of the capacitor in the diagram belong to the same electrical node, connected by continuous ideal wire without passing through a component?","从左到右第1个电阻的下端与图中的电容的左端是否属于同一个电气节点（可由连续理想导线相连，且中间不经过元件）？","是","yes_no"
"qa_v7c_000465","img_0248","train__d1_autockt_-649_png.rf.f58569e65fcbde66f8f12b4c4c6747f5","images/img_0248.jpg","connectivity","terminal_same_node","medium","Do the upper terminal of the 2nd resistor from the left and the left terminal of the capacitor in the diagram belong to the same electrical node, connected by continuous ideal wire without passing through a component?","从左到右第2个电阻的上端与图中的电容的左端是否属于同一个电气节点（可由连续理想导线相连，且中间不经过元件）？","否","yes_no"
"qa_v7c_000466","img_0386","train__d1_autockt_-652_png.rf.4806a9662f7547999d1c8850a7994044","images/img_0386.jpg","connectivity","terminal_same_node","medium","Do the right terminal of the inductor in the diagram and the right terminal of the capacitor in the diagram belong to the same electrical node, connected by continuous ideal wire without passing through a component?","图中的电感的右端与图中的电容的右端是否属于同一个电气节点（可由连续理想导线相连，且中间不经过元件）？","否","yes_no"
"qa_v7c_000467","img_0386","train__d1_autockt_-652_png.rf.4806a9662f7547999d1c8850a7994044","images/img_0386.jpg","connectivity","terminal_same_node","medium","Do the left terminal of the inductor in the diagram and the right terminal of the capacitor in the diagram belong to the same electrical node, connected by continuous ideal wire without passing through a component?","图中的电感的左端与图中的电容的右端是否属于同一个电气节点（可由连续理想导线相连，且中间不经过元件）？","是","yes_no"
"qa_v7c_000468","img_0192","train__d1_autockt_-660_png.rf.7433472eba4ad158368886c055bc7d16","images/img_0192.jpg","connectivity","terminal_same_node","medium","Do the right terminal of the capacitor in the diagram and the lower terminal of the 3rd resistor from the left belong to the same electrical node, connected by continuous ideal wire without passing through a component?","图中的电容的右端与从左到右第3个电阻的下端是否属于同一个电气节点（可由连续理想导线相连，且中间不经过元件）？","是","yes_no"
"qa_v7c_000469","img_0192","train__d1_autockt_-660_png.rf.7433472eba4ad158368886c055bc7d16","images/img_0192.jpg","connectivity","terminal_same_node","medium","Do the left terminal of the inductor in the diagram and the lower terminal of the 2nd resistor from the left belong to the same electrical node, connected by continuous ideal wire without passing through a component?","图中的电感的左端与从左到右第2个电阻的下端是否属于同一个电气节点（可由连续理想导线相连，且中间不经过元件）？","否","yes_no"
"qa_v7c_000470","img_0078","train__d1_autockt_-670_png.rf.0af9a0249e4387fc494bd06c63e625e6","images/img_0078.jpg","connectivity","terminal_same_node","medium","Do the upper terminal of the 1st voltage source from the left and the right terminal of the 1st resistor from the left belong to the same electrical node, connected by continuous ideal wire without passing through a component?","从左到右第1个电压源的上端与从左到右第1个电阻的右端是否属于同一个电气节点（可由连续理想导线相连，且中间不经过元件）？","否","yes_no"
"qa_v7c_000471","img_0078","train__d1_autockt_-670_png.rf.0af9a0249e4387fc494bd06c63e625e6","images/img_0078.jpg","connectivity","terminal_same_node","medium","Do the left terminal of the capacitor in the diagram and the right terminal of the 1st resistor from the left belong to the same electrical node, connected by continuous ideal wire without passing through a component?","图中的电容的左端与从左到右第1个电阻的右端是否属于同一个电气节点（可由连续理想导线相连，且中间不经过元件）？","是","yes_no"
"qa_v7c_000472","img_0175","train__d1_autockt_-671_png.rf.68810c22cbb0e14bcd555726b818b895","images/img_0175.jpg","connectivity","terminal_same_node","medium","Do the left terminal of the inductor in the diagram and the left terminal of the capacitor in the diagram belong to the same electrical node, connected by continuous ideal wire without passing through a component?","图中的电感的左端与图中的电容的左端是否属于同一个电气节点（可由连续理想导线相连，且中间不经过元件）？","否","yes_no"
"qa_v7c_000473","img_0060","train__d1_autockt_-675_png.rf.e30b4262e37cbed84b8bf43739730fb8","images/img_0060.jpg","connectivity","terminal_same_node","medium","Do the upper terminal of the inductor in the diagram and the right terminal of the 1st resistor from the top belong to the same electrical node, connected by continuous ideal wire without passing through a component?","图中的电感的上端与从上到下第1个电阻的右端是否属于同一个电气节点（可由连续理想导线相连，且中间不经过元件）？","否","yes_no"
"qa_v7c_000474","img_0060","train__d1_autockt_-675_png.rf.e30b4262e37cbed84b8bf43739730fb8","images/img_0060.jpg","connectivity","terminal_same_node","medium","Do the lower terminal of the inductor in the diagram and the left terminal of the 2nd resistor from the top belong to the same electrical node, connected by continuous ideal wire without passing through a component?","图中的电感的下端与从上到下第2个电阻的左端是否属于同一个电气节点（可由连续理想导线相连，且中间不经过元件）？","是","yes_no"
"qa_v7c_000475","img_0038","train__d1_autockt_-678_png.rf.1386f8a3074f7a42f985a2d2f4e7e1ee","images/img_0038.jpg","connectivity","terminal_same_node","medium","Do the right terminal of the 1st capacitor from the top and the upper terminal of the 1st resistor from the left belong to the same electrical node, connected by continuous ideal wire without passing through a component?","从上到下第1个电容的右端与从左到右第1个电阻的上端是否属于同一个电气节点（可由连续理想导线相连，且中间不经过元件）？","否","yes_no"
"qa_v7c_000476","img_0038","train__d1_autockt_-678_png.rf.1386f8a3074f7a42f985a2d2f4e7e1ee","images/img_0038.jpg","connectivity","terminal_same_node","medium","Do the left terminal of the 1st capacitor from the top and the upper terminal of the 1st resistor from the left belong to the same electrical node, connected by continuous ideal wire without passing through a component?","从上到下第1个电容的左端与从左到右第1个电阻的上端是否属于同一个电气节点（可由连续理想导线相连，且中间不经过元件）？","是","yes_no"
"qa_v7c_000477","img_0155","train__d1_autockt_-682_png.rf.fc8e30843d270c8e5e964b27fc0b7eeb","images/img_0155.jpg","connectivity","terminal_same_node","medium","Do the left terminal of the 2nd voltage source from the top and the left terminal of the 1st resistor from the left belong to the same electrical node, connected by continuous ideal wire without passing through a component?","从上到下第2个电压源的左端与从左到右第1个电阻的左端是否属于同一个电气节点（可由连续理想导线相连，且中间不经过元件）？","是","yes_no"
"qa_v7c_000478","img_0155","train__d1_autockt_-682_png.rf.fc8e30843d270c8e5e964b27fc0b7eeb","images/img_0155.jpg","connectivity","terminal_same_node","medium","Do the right terminal of the inductor in the diagram and the upper terminal of the capacitor in the diagram belong to the same electrical node, connected by continuous ideal wire without passing through a component?","图中的电感的右端与图中的电容的上端是否属于同一个电气节点（可由连续理想导线相连，且中间不经过元件）？","否","yes_no"
"qa_v7c_000479","img_0068","train__d1_autockt_-684_png.rf.23f3199343ace523f76d7bc836d3a307","images/img_0068.jpg","connectivity","terminal_same_node","medium","Do the left terminal of the 1st inductor from the top and the upper terminal of the 1st resistor from the left belong to the same electrical node, connected by continuous ideal wire without passing through a component?","从上到下第1个电感的左端与从左到右第1个电阻的上端是否属于同一个电气节点（可由连续理想导线相连，且中间不经过元件）？","是","yes_no"
"qa_v7c_000480","img_0068","train__d1_autockt_-684_png.rf.23f3199343ace523f76d7bc836d3a307","images/img_0068.jpg","connectivity","terminal_same_node","medium","Do the upper terminal of the 2nd inductor from the top and the right terminal of the 3rd resistor from the left belong to the same electrical node, connected by continuous ideal wire without passing through a component?","从上到下第2个电感的上端与从左到右第3个电阻的右端是否属于同一个电气节点（可由连续理想导线相连，且中间不经过元件）？","否","yes_no"
"qa_v7c_000481","img_0024","train__d1_autockt_-690_png.rf.55ca987d2104780c578d08a016fe5d16","images/img_0024.jpg","connectivity","terminal_same_node","medium","Do the right terminal of the 1st voltage source from the left and the upper terminal of the 2nd resistor from the left belong to the same electrical node, connected by continuous ideal wire without passing through a component?","从左到右第1个电压源的右端与从左到右第2个电阻的上端是否属于同一个电气节点（可由连续理想导线相连，且中间不经过元件）？","否","yes_no"
"qa_v7c_000482","img_0024","train__d1_autockt_-690_png.rf.55ca987d2104780c578d08a016fe5d16","images/img_0024.jpg","connectivity","terminal_same_node","medium","Do the lower terminal of the 2nd voltage source from the left and the right terminal of the 1st inductor from the left belong to the same electrical node, connected by continuous ideal wire without passing through a component?","从左到右第2个电压源的下端与从左到右第1个电感的右端是否属于同一个电气节点（可由连续理想导线相连，且中间不经过元件）？","是","yes_no"
"qa_v7c_000483","img_0378","train__d1_autockt_-696_png.rf.eca467d4998e91f6c0968e69a46355d3","images/img_0378.jpg","connectivity","terminal_same_node","medium","Do the upper terminal of the inductor in the diagram and the left terminal of the current source in the diagram belong to the same electrical node, connected by continuous ideal wire without passing through a component?","图中的电感的上端与图中的电流源的左端是否属于同一个电气节点（可由连续理想导线相连，且中间不经过元件）？","是","yes_no"
"qa_v7c_000484","img_0378","train__d1_autockt_-696_png.rf.eca467d4998e91f6c0968e69a46355d3","images/img_0378.jpg","connectivity","terminal_same_node","medium","Do the lower terminal of the inductor in the diagram and the right terminal of the current source in the diagram belong to the same electrical node, connected by continuous ideal wire without passing through a component?","图中的电感的下端与图中的电流源的右端是否属于同一个电气节点（可由连续理想导线相连，且中间不经过元件）？","否","yes_no"
"qa_v7c_000485","img_0304","train__d1_autockt_-6_png.rf.c6853f2f2a35f07baa944b302756e7c0","images/img_0304.jpg","connectivity","terminal_same_node","medium","Do the left terminal of the capacitor in the diagram and the lower terminal of the 1st resistor from the left belong to the same electrical node, connected by continuous ideal wire without passing through a component?","图中的电容的左端与从左到右第1个电阻的下端是否属于同一个电气节点（可由连续理想导线相连，且中间不经过元件）？","是","yes_no"
"qa_v7c_000486","img_0304","train__d1_autockt_-6_png.rf.c6853f2f2a35f07baa944b302756e7c0","images/img_0304.jpg","connectivity","terminal_same_node","medium","Do the left terminal of the inductor in the diagram and the upper terminal of the 2nd resistor from the left belong to the same electrical node, connected by continuous ideal wire without passing through a component?","图中的电感的左端与从左到右第2个电阻的上端是否属于同一个电气节点（可由连续理想导线相连，且中间不经过元件）？","否","yes_no"
"qa_v7c_000487","img_0128","train__d1_autockt_-711_png.rf.2e786c946e4ebdb33293cf2644e3bbb2","images/img_0128.jpg","connectivity","terminal_same_node","medium","Do the left terminal of the 1st inductor from the left and the upper terminal of the 1st resistor from the left belong to the same electrical node, connected by continuous ideal wire without passing through a component?","从左到右第1个电感的左端与从左到右第1个电阻的上端是否属于同一个电气节点（可由连续理想导线相连，且中间不经过元件）？","是","yes_no"
"qa_v7c_000488","img_0073","train__d1_autockt_-717_png.rf.02eafd216d648fdb52bdadbafe1dc721","images/img_0073.jpg","connectivity","terminal_same_node","medium","Do the left terminal of the 2nd inductor from the left and the lower terminal of the 1st resistor from the left belong to the same electrical node, connected by continuous ideal wire without passing through a component?","从左到右第2个电感的左端与从左到右第1个电阻的下端是否属于同一个电气节点（可由连续理想导线相连，且中间不经过元件）？","否","yes_no"
"qa_v7c_000489","img_0073","train__d1_autockt_-717_png.rf.02eafd216d648fdb52bdadbafe1dc721","images/img_0073.jpg","connectivity","terminal_same_node","medium","Do the right terminal of the voltage source in the diagram and the right terminal of the 3rd resistor from the left belong to the same electrical node, connected by continuous ideal wire without passing through a component?","图中的电压源的右端与从左到右第3个电阻的右端是否属于同一个电气节点（可由连续理想导线相连，且中间不经过元件）？","是","yes_no"
"qa_v7c_000490","img_0132","train__d1_autockt_-720_png.rf.6057a7b5360538ad64864272bf44eaff","images/img_0132.jpg","connectivity","terminal_same_node","medium","Do the right terminal of the 1st capacitor from the left and the left terminal of the 2nd capacitor from the left belong to the same electrical node, connected by continuous ideal wire without passing through a component?","从左到右第1个电容的右端与从左到右第2个电容的左端是否属于同一个电气节点（可由连续理想导线相连，且中间不经过元件）？","是","yes_no"
"qa_v7c_000491","img_0132","train__d1_autockt_-720_png.rf.6057a7b5360538ad64864272bf44eaff","images/img_0132.jpg","connectivity","terminal_same_node","medium","Do the left terminal of the 1st capacitor from the left and the left terminal of the 1st resistor from the top belong to the same electrical node, connected by continuous ideal wire without passing through a component?","从左到右第1个电容的左端与从上到下第1个电阻的左端是否属于同一个电气节点（可由连续理想导线相连，且中间不经过元件）？","否","yes_no"
"qa_v7c_000492","img_0271","train__d1_autockt_-724_png.rf.b5dc02db4f3b6f5cc8dba90695fb92e7","images/img_0271.jpg","connectivity","terminal_same_node","medium","Do the right terminal of the 1st inductor from the top and the upper terminal of the 2nd resistor from the top belong to the same electrical node, connected by continuous ideal wire without passing through a component?","从上到下第1个电感的右端与从上到下第2个电阻的上端是否属于同一个电气节点（可由连续理想导线相连，且中间不经过元件）？","否","yes_no"
"qa_v7c_000493","img_0271","train__d1_autockt_-724_png.rf.b5dc02db4f3b6f5cc8dba90695fb92e7","images/img_0271.jpg","connectivity","terminal_same_node","medium","Do the upper terminal of the 2nd resistor from the top and the right terminal of the 1st resistor from the top belong to the same electrical node, connected by continuous ideal wire without passing through a component?","从上到下第2个电阻的上端与从上到下第1个电阻的右端是否属于同一个电气节点（可由连续理想导线相连，且中间不经过元件）？","是","yes_no"
"qa_v7c_000494","img_0321","train__d1_autockt_-727_png.rf.19345d5a3f780e26264e80b25223c957","images/img_0321.jpg","connectivity","terminal_same_node","medium","Do the left terminal of the 1st inductor from the left and the right terminal of the 3rd resistor from the left belong to the same electrical node, connected by continuous ideal wire without passing through a component?","从左到右第1个电感的左端与从左到右第3个电阻的右端是否属于同一个电气节点（可由连续理想导线相连，且中间不经过元件）？","否","yes_no"
"qa_v7c_000495","img_0321","train__d1_autockt_-727_png.rf.19345d5a3f780e26264e80b25223c957","images/img_0321.jpg","connectivity","terminal_same_node","medium","Do the right terminal of the 1st resistor from the left and the left terminal of the 3rd resistor from the left belong to the same electrical node, connected by continuous ideal wire without passing through a component?","从左到右第1个电阻的右端与从左到右第3个电阻的左端是否属于同一个电气节点（可由连续理想导线相连，且中间不经过元件）？","是","yes_no"
"qa_v7c_000496","img_0329","train__d1_autockt_-728_png.rf.7add843d3f3ef3b0810ed7bf00dde668","images/img_0329.jpg","connectivity","terminal_same_node","medium","Do the lower terminal of the 1st capacitor from the left and the left terminal of the 1st resistor from the left belong to the same electrical node, connected by continuous ideal wire without passing through a component?","从左到右第1个电容的下端与从左到右第1个电阻的左端是否属于同一个电气节点（可由连续理想导线相连，且中间不经过元件）？","是","yes_no"
"qa_v7c_000497","img_0329","train__d1_autockt_-728_png.rf.7add843d3f3ef3b0810ed7bf00dde668","images/img_0329.jpg","connectivity","terminal_same_node","medium","Do the right terminal of the 2nd capacitor from the left and the left terminal of the 1st current source from the top belong to the same electrical node, connected by continuous ideal wire without passing through a component?","从左到右第2个电容的右端与从上到下第1个电流源的左端是否属于同一个电气节点（可由连续理想导线相连，且中间不经过元件）？","否","yes_no"
"qa_v7c_000498","img_0356","train__d1_autockt_-732_png.rf.5a8295e164ba8250c7032030e0c42cc2","images/img_0356.jpg","connectivity","terminal_same_node","medium","Do the upper terminal of the inductor in the diagram and the right terminal of the 1st resistor from the top belong to the same electrical node, connected by continuous ideal wire without passing through a component?","图中的电感的上端与从上到下第1个电阻的右端是否属于同一个电气节点（可由连续理想导线相连，且中间不经过元件）？","否","yes_no"
"qa_v7c_000499","img_0356","train__d1_autockt_-732_png.rf.5a8295e164ba8250c7032030e0c42cc2","images/img_0356.jpg","connectivity","terminal_same_node","medium","Do the lower terminal of the inductor in the diagram and the right terminal of the 2nd resistor from the top belong to the same electrical node, connected by continuous ideal wire without passing through a component?","图中的电感的下端与从上到下第2个电阻的右端是否属于同一个电气节点（可由连续理想导线相连，且中间不经过元件）？","是","yes_no"
"qa_v7c_000500","img_0092","train__d1_autockt_-735_png.rf.7a41883eb27b8a8b1c4d1ef58d926a76","images/img_0092.jpg","connectivity","terminal_same_node","medium","Do the left terminal of the voltage source in the diagram and the left terminal of the 2nd resistor from the top belong to the same electrical node, connected by continuous ideal wire without passing through a component?","图中的电压源的左端与从上到下第2个电阻的左端是否属于同一个电气节点（可由连续理想导线相连，且中间不经过元件）？","是","yes_no"
"qa_v7c_000501","img_0092","train__d1_autockt_-735_png.rf.7a41883eb27b8a8b1c4d1ef58d926a76","images/img_0092.jpg","connectivity","terminal_same_node","medium","Do the upper terminal of the capacitor in the diagram and the right terminal of the current source in the diagram belong to the same electrical node, connected by continuous ideal wire without passing through a component?","图中的电容的上端与图中的电流源的右端是否属于同一个电气节点（可由连续理想导线相连，且中间不经过元件）？","否","yes_no"
"qa_v7c_000502","img_0154","train__d1_autockt_-73_png.rf.01182c185cac342e87a0732c917f67cf","images/img_0154.jpg","connectivity","terminal_same_node","medium","Do the right terminal of the capacitor in the diagram and the upper terminal of the 2nd resistor from the left belong to the same electrical node, connected by continuous ideal wire without passing through a component?","图中的电容的右端与从左到右第2个电阻的上端是否属于同一个电气节点（可由连续理想导线相连，且中间不经过元件）？","否","yes_no"
"qa_v7c_000503","img_0154","train__d1_autockt_-73_png.rf.01182c185cac342e87a0732c917f67cf","images/img_0154.jpg","connectivity","terminal_same_node","medium","Do the right terminal of the capacitor in the diagram and the lower terminal of the 3rd resistor from the left belong to the same electrical node, connected by continuous ideal wire without passing through a component?","图中的电容的右端与从左到右第3个电阻的下端是否属于同一个电气节点（可由连续理想导线相连，且中间不经过元件）？","是","yes_no"
"qa_v7c_000504","img_0214","train__d1_autockt_-747_png.rf.fe0d065845c19d8733d567dc029eb9a1","images/img_0214.jpg","connectivity","terminal_same_node","medium","Do the right terminal of the voltage source in the diagram and the upper terminal of the 2nd resistor from the left belong to the same electrical node, connected by continuous ideal wire without passing through a component?","图中的电压源的右端与从左到右第2个电阻的上端是否属于同一个电气节点（可由连续理想导线相连，且中间不经过元件）？","是","yes_no"
"qa_v7c_000505","img_0214","train__d1_autockt_-747_png.rf.fe0d065845c19d8733d567dc029eb9a1","images/img_0214.jpg","connectivity","terminal_same_node","medium","Do the lower terminal of the inductor in the diagram and the lower terminal of the 1st resistor from the left belong to the same electrical node, connected by continuous ideal wire without passing through a component?","图中的电感的下端与从左到右第1个电阻的下端是否属于同一个电气节点（可由连续理想导线相连，且中间不经过元件）？","否","yes_no"
"qa_v7c_000506","img_0124","train__d1_autockt_-748_png.rf.cdbc08a26ada448cb2463c51e6e2e333","images/img_0124.jpg","connectivity","terminal_same_node","medium","Do the left terminal of the 2nd inductor from the top and the left terminal of the 1st inductor from the top belong to the same electrical node, connected by continuous ideal wire without passing through a component?","从上到下第2个电感的左端与从上到下第1个电感的左端是否属于同一个电气节点（可由连续理想导线相连，且中间不经过元件）？","否","yes_no"
"qa_v7c_000507","img_0124","train__d1_autockt_-748_png.rf.cdbc08a26ada448cb2463c51e6e2e333","images/img_0124.jpg","connectivity","terminal_same_node","medium","Do the left terminal of the 2nd inductor from the top and the lower terminal of the 1st resistor from the left belong to the same electrical node, connected by continuous ideal wire without passing through a component?","从上到下第2个电感的左端与从左到右第1个电阻的下端是否属于同一个电气节点（可由连续理想导线相连，且中间不经过元件）？","是","yes_no"
"qa_v7c_000508","img_0276","train__d1_autockt_-753_png.rf.9e5bac4f4235a09ddc8b0aa106f1b4e1","images/img_0276.jpg","connectivity","terminal_same_node","medium","Do the lower terminal of the voltage source in the diagram and the left terminal of the 2nd resistor from the left belong to the same electrical node, connected by continuous ideal wire without passing through a component?","图中的电压源的下端与从左到右第2个电阻的左端是否属于同一个电气节点（可由连续理想导线相连，且中间不经过元件）？","否","yes_no"
"qa_v7c_000509","img_0276","train__d1_autockt_-753_png.rf.9e5bac4f4235a09ddc8b0aa106f1b4e1","images/img_0276.jpg","connectivity","terminal_same_node","medium","Do the right terminal of the capacitor in the diagram and the upper terminal of the voltage source in the diagram belong to the same electrical node, connected by continuous ideal wire without passing through a component?","图中的电容的右端与图中的电压源的上端是否属于同一个电气节点（可由连续理想导线相连，且中间不经过元件）？","是","yes_no"
"qa_v7c_000510","img_0297","train__d1_autockt_-754_png.rf.0aa2a32bc3f43708d8fb2bcfa6c6a70f","images/img_0297.jpg","connectivity","terminal_same_node","medium","Do the upper terminal of the 1st current source from the left and the left terminal of the 1st resistor from the left belong to the same electrical node, connected by continuous ideal wire without passing through a component?","从左到右第1个电流源的上端与从左到右第1个电阻的左端是否属于同一个电气节点（可由连续理想导线相连，且中间不经过元件）？","是","yes_no"
"qa_v7c_000511","img_0297","train__d1_autockt_-754_png.rf.0aa2a32bc3f43708d8fb2bcfa6c6a70f","images/img_0297.jpg","connectivity","terminal_same_node","medium","Do the lower terminal of the 1st current source from the left and the upper terminal of the capacitor in the diagram belong to the same electrical node, connected by continuous ideal wire without passing through a component?","从左到右第1个电流源的下端与图中的电容的上端是否属于同一个电气节点（可由连续理想导线相连，且中间不经过元件）？","否","yes_no"
"qa_v7c_000512","img_0180","train__d1_autockt_-755_png.rf.69c7026cc61de9115b50a1784364103f","images/img_0180.jpg","connectivity","terminal_same_node","medium","Do the lower terminal of the 1st inductor from the left and the left terminal of the current source in the diagram belong to the same electrical node, connected by continuous ideal wire without passing through a component?","从左到右第1个电感的下端与图中的电流源的左端是否属于同一个电气节点（可由连续理想导线相连，且中间不经过元件）？","是","yes_no"
"qa_v7c_000513","img_0180","train__d1_autockt_-755_png.rf.69c7026cc61de9115b50a1784364103f","images/img_0180.jpg","connectivity","terminal_same_node","medium","Do the upper terminal of the 2nd inductor from the left and the left terminal of the current source in the diagram belong to the same electrical node, connected by continuous ideal wire without passing through a component?","从左到右第2个电感的上端与图中的电流源的左端是否属于同一个电气节点（可由连续理想导线相连，且中间不经过元件）？","否","yes_no"
"qa_v7c_000514","img_0080","train__d1_autockt_-757_png.rf.4d371d12a971514e0cdafbaa27efb08a","images/img_0080.jpg","connectivity","terminal_same_node","medium","Do the upper terminal of the 2nd inductor from the left and the left terminal of the 1st resistor from the left belong to the same electrical node, connected by continuous ideal wire without passing through a component?","从左到右第2个电感的上端与从左到右第1个电阻的左端是否属于同一个电气节点（可由连续理想导线相连，且中间不经过元件）？","否","yes_no"
"qa_v7c_000515","img_0080","train__d1_autockt_-757_png.rf.4d371d12a971514e0cdafbaa27efb08a","images/img_0080.jpg","connectivity","terminal_same_node","medium","Do the upper terminal of the 3rd resistor from the left and the right terminal of the 2nd resistor from the left belong to the same electrical node, connected by continuous ideal wire without passing through a component?","从左到右第3个电阻的上端与从左到右第2个电阻的右端是否属于同一个电气节点（可由连续理想导线相连，且中间不经过元件）？","是","yes_no"
"qa_v7c_000516","img_0216","train__d1_autockt_-758_png.rf.dc5f810200fd7426e7081a6e55cd130a","images/img_0216.jpg","connectivity","terminal_same_node","medium","Do the upper terminal of the 2nd resistor from the left and the upper terminal of the 1st resistor from the left belong to the same electrical node, connected by continuous ideal wire without passing through a component?","从左到右第2个电阻的上端与从左到右第1个电阻的上端是否属于同一个电气节点（可由连续理想导线相连，且中间不经过元件）？","否","yes_no"
"qa_v7c_000517","img_0216","train__d1_autockt_-758_png.rf.dc5f810200fd7426e7081a6e55cd130a","images/img_0216.jpg","connectivity","terminal_same_node","medium","Do the right terminal of the voltage source in the diagram and the right terminal of the 2nd capacitor from the left belong to the same electrical node, connected by continuous ideal wire without passing through a component?","图中的电压源的右端与从左到右第2个电容的右端是否属于同一个电气节点（可由连续理想导线相连，且中间不经过元件）？","是","yes_no"
"qa_v7c_000518","img_0108","train__d1_autockt_-763_png.rf.b244bbdeb84cebce1b80b7aeb2784b9e","images/img_0108.jpg","connectivity","terminal_same_node","medium","Do the right terminal of the 2nd resistor from the top and the left terminal of the 1st current source from the left belong to the same electrical node, connected by continuous ideal wire without passing through a component?","从上到下第2个电阻的右端与从左到右第1个电流源的左端是否属于同一个电气节点（可由连续理想导线相连，且中间不经过元件）？","否","yes_no"
"qa_v7c_000519","img_0108","train__d1_autockt_-763_png.rf.b244bbdeb84cebce1b80b7aeb2784b9e","images/img_0108.jpg","connectivity","terminal_same_node","medium","Do the right terminal of the capacitor in the diagram and the left terminal of the 2nd resistor from the top belong to the same electrical node, connected by continuous ideal wire without passing through a component?","图中的电容的右端与从上到下第2个电阻的左端是否属于同一个电气节点（可由连续理想导线相连，且中间不经过元件）？","是","yes_no"
"qa_v7c_000520","img_0145","train__d1_autockt_-770_png.rf.787c27df076acd404098a75281122857","images/img_0145.jpg","connectivity","terminal_same_node","medium","Do the right terminal of the 2nd current source from the top and the left terminal of the 2nd resistor from the left belong to the same electrical node, connected by continuous ideal wire without passing through a component?","从上到下第2个电流源的右端与从左到右第2个电阻的左端是否属于同一个电气节点（可由连续理想导线相连，且中间不经过元件）？","否","yes_no"
"qa_v7c_000521","img_0145","train__d1_autockt_-770_png.rf.787c27df076acd404098a75281122857","images/img_0145.jpg","connectivity","terminal_same_node","medium","Do the left terminal of the 2nd resistor from the left and the upper terminal of the capacitor in the diagram belong to the same electrical node, connected by continuous ideal wire without passing through a component?","从左到右第2个电阻的左端与图中的电容的上端是否属于同一个电气节点（可由连续理想导线相连，且中间不经过元件）？","是","yes_no"
"qa_v7c_000522","img_0048","train__d1_autockt_-776_png.rf.dd15ee70d255ee7281fd15c305362cd9","images/img_0048.jpg","connectivity","terminal_same_node","medium","Do the right terminal of the capacitor in the diagram and the lower terminal of the 1st resistor from the left belong to the same electrical node, connected by continuous ideal wire without passing through a component?","图中的电容的右端与从左到右第1个电阻的下端是否属于同一个电气节点（可由连续理想导线相连，且中间不经过元件）？","否","yes_no"
"qa_v7c_000523","img_0048","train__d1_autockt_-776_png.rf.dd15ee70d255ee7281fd15c305362cd9","images/img_0048.jpg","connectivity","terminal_same_node","medium","Do the left terminal of the capacitor in the diagram and the upper terminal of the inductor in the diagram belong to the same electrical node, connected by continuous ideal wire without passing through a component?","图中的电容的左端与图中的电感的上端是否属于同一个电气节点（可由连续理想导线相连，且中间不经过元件）？","是","yes_no"
"qa_v7c_000524","img_0302","train__d1_autockt_-778_png.rf.b1fd1b4898674c062b27cc1b2d2dc1e0","images/img_0302.jpg","connectivity","terminal_same_node","medium","Do the upper terminal of the 1st inductor from the left and the left terminal of the 2nd resistor from the left belong to the same electrical node, connected by continuous ideal wire without passing through a component?","从左到右第1个电感的上端与从左到右第2个电阻的左端是否属于同一个电气节点（可由连续理想导线相连，且中间不经过元件）？","是","yes_no"
"qa_v7c_000525","img_0302","train__d1_autockt_-778_png.rf.b1fd1b4898674c062b27cc1b2d2dc1e0","images/img_0302.jpg","connectivity","terminal_same_node","medium","Do the left terminal of the 2nd inductor from the left and the lower terminal of the 1st voltage source from the top belong to the same electrical node, connected by continuous ideal wire without passing through a component?","从左到右第2个电感的左端与从上到下第1个电压源的下端是否属于同一个电气节点（可由连续理想导线相连，且中间不经过元件）？","否","yes_no"
"qa_v7c_000526","img_0349","train__d1_autockt_-782_png.rf.461c22db2d55a1a7abed249521d5990c","images/img_0349.jpg","connectivity","terminal_same_node","medium","Do the right terminal of the voltage source in the diagram and the upper terminal of the capacitor in the diagram belong to the same electrical node, connected by continuous ideal wire without passing through a component?","图中的电压源的右端与图中的电容的上端是否属于同一个电气节点（可由连续理想导线相连，且中间不经过元件）？","是","yes_no"
"qa_v7c_000527","img_0349","train__d1_autockt_-782_png.rf.461c22db2d55a1a7abed249521d5990c","images/img_0349.jpg","connectivity","terminal_same_node","medium","Do the left terminal of the voltage source in the diagram and the upper terminal of the capacitor in the diagram belong to the same electrical node, connected by continuous ideal wire without passing through a component?","图中的电压源的左端与图中的电容的上端是否属于同一个电气节点（可由连续理想导线相连，且中间不经过元件）？","否","yes_no"
"qa_v7c_000528","img_0373","train__d1_autockt_-784_png.rf.71fdbf6dad8dac27ef57a5d90e933e55","images/img_0373.jpg","connectivity","terminal_same_node","medium","Do the lower terminal of the 1st inductor from the left and the right terminal of the 2nd inductor from the left belong to the same electrical node, connected by continuous ideal wire without passing through a component?","从左到右第1个电感的下端与从左到右第2个电感的右端是否属于同一个电气节点（可由连续理想导线相连，且中间不经过元件）？","否","yes_no"
"qa_v7c_000529","img_0373","train__d1_autockt_-784_png.rf.71fdbf6dad8dac27ef57a5d90e933e55","images/img_0373.jpg","connectivity","terminal_same_node","medium","Do the left terminal of the 2nd inductor from the left and the right terminal of the 1st resistor from the top belong to the same electrical node, connected by continuous ideal wire without passing through a component?","从左到右第2个电感的左端与从上到下第1个电阻的右端是否属于同一个电气节点（可由连续理想导线相连，且中间不经过元件）？","是","yes_no"
"qa_v7c_000530","img_0141","train__d1_autockt_-787_png.rf.8b6836f6132bf392528a7ad358299c14","images/img_0141.jpg","connectivity","terminal_same_node","medium","Do the left terminal of the voltage source in the diagram and the lower terminal of the 2nd resistor from the left belong to the same electrical node, connected by continuous ideal wire without passing through a component?","图中的电压源的左端与从左到右第2个电阻的下端是否属于同一个电气节点（可由连续理想导线相连，且中间不经过元件）？","是","yes_no"
"qa_v7c_000531","img_0141","train__d1_autockt_-787_png.rf.8b6836f6132bf392528a7ad358299c14","images/img_0141.jpg","connectivity","terminal_same_node","medium","Do the left terminal of the voltage source in the diagram and the right terminal of the capacitor in the diagram belong to the same electrical node, connected by continuous ideal wire without passing through a component?","图中的电压源的左端与图中的电容的右端是否属于同一个电气节点（可由连续理想导线相连，且中间不经过元件）？","否","yes_no"
"qa_v7c_000532","img_0243","train__d1_autockt_-795_png.rf.f5bfe58dd6cb250be0d189f5a7573cf5","images/img_0243.jpg","connectivity","terminal_same_node","medium","Do the right terminal of the 2nd capacitor from the left and the left terminal of the 2nd resistor from the left belong to the same electrical node, connected by continuous ideal wire without passing through a component?","从左到右第2个电容的右端与从左到右第2个电阻的左端是否属于同一个电气节点（可由连续理想导线相连，且中间不经过元件）？","是","yes_no"
"qa_v7c_000533","img_0243","train__d1_autockt_-795_png.rf.f5bfe58dd6cb250be0d189f5a7573cf5","images/img_0243.jpg","connectivity","terminal_same_node","medium","Do the left terminal of the 2nd capacitor from the left and the upper terminal of the 1st resistor from the left belong to the same electrical node, connected by continuous ideal wire without passing through a component?","从左到右第2个电容的左端与从左到右第1个电阻的上端是否属于同一个电气节点（可由连续理想导线相连，且中间不经过元件）？","否","yes_no"
"qa_v7c_000534","img_0199","train__d1_autockt_-802_png.rf.30533a4811ce1494a1be3731b863ef1d","images/img_0199.jpg","connectivity","terminal_same_node","medium","Do the upper terminal of the voltage source in the diagram and the right terminal of the 2nd resistor from the left belong to the same electrical node, connected by continuous ideal wire without passing through a component?","图中的电压源的上端与从左到右第2个电阻的右端是否属于同一个电气节点（可由连续理想导线相连，且中间不经过元件）？","是","yes_no"
"qa_v7c_000535","img_0199","train__d1_autockt_-802_png.rf.30533a4811ce1494a1be3731b863ef1d","images/img_0199.jpg","connectivity","terminal_same_node","medium","Do the lower terminal of the voltage source in the diagram and the left terminal of the 2nd resistor from the left belong to the same electrical node, connected by continuous ideal wire without passing through a component?","图中的电压源的下端与从左到右第2个电阻的左端是否属于同一个电气节点（可由连续理想导线相连，且中间不经过元件）？","否","yes_no"
"qa_v7c_000536","img_0220","train__d1_autockt_-804_png.rf.bf9aa996f2e03d1c8cb8e6c8a9fa5c9e","images/img_0220.jpg","connectivity","terminal_same_node","medium","Do the right terminal of the 1st resistor from the left and the left terminal of the 3rd resistor from the left belong to the same electrical node, connected by continuous ideal wire without passing through a component?","从左到右第1个电阻的右端与从左到右第3个电阻的左端是否属于同一个电气节点（可由连续理想导线相连，且中间不经过元件）？","是","yes_no"
"qa_v7c_000537","img_0220","train__d1_autockt_-804_png.rf.bf9aa996f2e03d1c8cb8e6c8a9fa5c9e","images/img_0220.jpg","connectivity","terminal_same_node","medium","Do the lower terminal of the 2nd resistor from the left and the left terminal of the 3rd resistor from the left belong to the same electrical node, connected by continuous ideal wire without passing through a component?","从左到右第2个电阻的下端与从左到右第3个电阻的左端是否属于同一个电气节点（可由连续理想导线相连，且中间不经过元件）？","否","yes_no"
"qa_v7c_000538","img_0171","train__d1_autockt_-808_png.rf.26d51a8d371620337d8ddd796d7613c4","images/img_0171.jpg","connectivity","terminal_same_node","medium","Do the upper terminal of the 1st inductor from the top and the left terminal of the 2nd inductor from the top belong to the same electrical node, connected by continuous ideal wire without passing through a component?","从上到下第1个电感的上端与从上到下第2个电感的左端是否属于同一个电气节点（可由连续理想导线相连，且中间不经过元件）？","否","yes_no"
"qa_v7c_000539","img_0388","train__d1_autockt_-80_png.rf.249d12a7ec7abb587e1450e5f5f58344","images/img_0388.jpg","connectivity","terminal_same_node","medium","Do the upper terminal of the 1st resistor from the left and the right terminal of the 2nd resistor from the left belong to the same electrical node, connected by continuous ideal wire without passing through a component?","从左到右第1个电阻的上端与从左到右第2个电阻的右端是否属于同一个电气节点（可由连续理想导线相连，且中间不经过元件）？","否","yes_no"
"qa_v7c_000540","img_0388","train__d1_autockt_-80_png.rf.249d12a7ec7abb587e1450e5f5f58344","images/img_0388.jpg","connectivity","terminal_same_node","medium","Do the upper terminal of the 1st resistor from the left and the left terminal of the current source in the diagram belong to the same electrical node, connected by continuous ideal wire without passing through a component?","从左到右第1个电阻的上端与图中的电流源的左端是否属于同一个电气节点（可由连续理想导线相连，且中间不经过元件）？","是","yes_no"
"qa_v7c_000541","img_0255","train__d1_autockt_-812_png.rf.42169793187f4542cd94a07e906ac40e","images/img_0255.jpg","connectivity","terminal_same_node","medium","Do the lower terminal of the 1st resistor from the left and the left terminal of the 2nd resistor from the left belong to the same electrical node, connected by continuous ideal wire without passing through a component?","从左到右第1个电阻的下端与从左到右第2个电阻的左端是否属于同一个电气节点（可由连续理想导线相连，且中间不经过元件）？","是","yes_no"
"qa_v7c_000542","img_0255","train__d1_autockt_-812_png.rf.42169793187f4542cd94a07e906ac40e","images/img_0255.jpg","connectivity","terminal_same_node","medium","Do the right terminal of the 3rd resistor from the left and the right terminal of the 2nd resistor from the left belong to the same electrical node, connected by continuous ideal wire without passing through a component?","从左到右第3个电阻的右端与从左到右第2个电阻的右端是否属于同一个电气节点（可由连续理想导线相连，且中间不经过元件）？","否","yes_no"
"qa_v7c_000543","img_0227","train__d1_autockt_-814_png.rf.50078e60a986013d1c04ba8076c63a1f","images/img_0227.jpg","connectivity","terminal_same_node","medium","Do the lower terminal of the 1st resistor from the left and the left terminal of the 2nd resistor from the left belong to the same electrical node, connected by continuous ideal wire without passing through a component?","从左到右第1个电阻的下端与从左到右第2个电阻的左端是否属于同一个电气节点（可由连续理想导线相连，且中间不经过元件）？","否","yes_no"
"qa_v7c_000544","img_0227","train__d1_autockt_-814_png.rf.50078e60a986013d1c04ba8076c63a1f","images/img_0227.jpg","connectivity","terminal_same_node","medium","Do the lower terminal of the inductor in the diagram and the lower terminal of the voltage source in the diagram belong to the same electrical node, connected by continuous ideal wire without passing through a component?","图中的电感的下端与图中的电压源的下端是否属于同一个电气节点（可由连续理想导线相连，且中间不经过元件）？","是","yes_no"
"qa_v7c_000545","img_0257","train__d1_autockt_-816_png.rf.65883abcb1a0b3b0d4597a1c98adc5bc","images/img_0257.jpg","connectivity","terminal_same_node","medium","Do the right terminal of the 1st resistor from the left and the upper terminal of the 2nd resistor from the left belong to the same electrical node, connected by continuous ideal wire without passing through a component?","从左到右第1个电阻的右端与从左到右第2个电阻的上端是否属于同一个电气节点（可由连续理想导线相连，且中间不经过元件）？","是","yes_no"
"qa_v7c_000546","img_0257","train__d1_autockt_-816_png.rf.65883abcb1a0b3b0d4597a1c98adc5bc","images/img_0257.jpg","connectivity","terminal_same_node","medium","Do the left terminal of the capacitor in the diagram and the upper terminal of the inductor in the diagram belong to the same electrical node, connected by continuous ideal wire without passing through a component?","图中的电容的左端与图中的电感的上端是否属于同一个电气节点（可由连续理想导线相连，且中间不经过元件）？","否","yes_no"
"qa_v7c_000547","img_0362","train__d1_autockt_-818_png.rf.6df695baa9588091f0154afa045d4cb5","images/img_0362.jpg","connectivity","terminal_same_node","medium","Do the left terminal of the 1st voltage source from the left and the left terminal of the 1st resistor from the left belong to the same electrical node, connected by continuous ideal wire without passing through a component?","从左到右第1个电压源的左端与从左到右第1个电阻的左端是否属于同一个电气节点（可由连续理想导线相连，且中间不经过元件）？","是","yes_no"
"qa_v7c_000548","img_0362","train__d1_autockt_-818_png.rf.6df695baa9588091f0154afa045d4cb5","images/img_0362.jpg","connectivity","terminal_same_node","medium","Do the upper terminal of the 2nd resistor from the left and the left terminal of the 1st resistor from the left belong to the same electrical node, connected by continuous ideal wire without passing through a component?","从左到右第2个电阻的上端与从左到右第1个电阻的左端是否属于同一个电气节点（可由连续理想导线相连，且中间不经过元件）？","否","yes_no"
"qa_v7c_000549","img_0163","train__d1_autockt_-820_png.rf.2746b078dea2b8690dfec7c2604586cc","images/img_0163.jpg","connectivity","terminal_same_node","medium","Do the upper terminal of the voltage source in the diagram and the upper terminal of the 1st inductor from the left belong to the same electrical node, connected by continuous ideal wire without passing through a component?","图中的电压源的上端与从左到右第1个电感的上端是否属于同一个电气节点（可由连续理想导线相连，且中间不经过元件）？","否","yes_no"
"qa_v7c_000550","img_0043","train__d1_autockt_-821_png.rf.a9943b5f6db9b7e335ff2004201a4396","images/img_0043.jpg","connectivity","terminal_same_node","medium","Do the lower terminal of the 2nd inductor from the left and the right terminal of the current source in the diagram belong to the same electrical node, connected by continuous ideal wire without passing through a component?","从左到右第2个电感的下端与图中的电流源的右端是否属于同一个电气节点（可由连续理想导线相连，且中间不经过元件）？","是","yes_no"
"qa_v7c_000551","img_0043","train__d1_autockt_-821_png.rf.a9943b5f6db9b7e335ff2004201a4396","images/img_0043.jpg","connectivity","terminal_same_node","medium","Do the upper terminal of the 2nd resistor from the left and the upper terminal of the 1st resistor from the left belong to the same electrical node, connected by continuous ideal wire without passing through a component?","从左到右第2个电阻的上端与从左到右第1个电阻的上端是否属于同一个电气节点（可由连续理想导线相连，且中间不经过元件）？","否","yes_no"
"qa_v7c_000552","img_0008","train__d1_autockt_-826_png.rf.48e4ad06a7bb8b9e4f4f5df222b0b8e9","images/img_0008.jpg","connectivity","terminal_same_node","medium","Do the lower terminal of the 1st resistor from the left and the left terminal of the 2nd resistor from the left belong to the same electrical node, connected by continuous ideal wire without passing through a component?","从左到右第1个电阻的下端与从左到右第2个电阻的左端是否属于同一个电气节点（可由连续理想导线相连，且中间不经过元件）？","是","yes_no"
"qa_v7c_000553","img_0142","train__d1_autockt_-829_png.rf.2433532a03128f43eb7e754e76be7e89","images/img_0142.jpg","connectivity","terminal_same_node","medium","Do the lower terminal of the 1st resistor from the top and the left terminal of the 3rd resistor from the top belong to the same electrical node, connected by continuous ideal wire without passing through a component?","从上到下第1个电阻的下端与从上到下第3个电阻的左端是否属于同一个电气节点（可由连续理想导线相连，且中间不经过元件）？","是","yes_no"
"qa_v7c_000554","img_0142","train__d1_autockt_-829_png.rf.2433532a03128f43eb7e754e76be7e89","images/img_0142.jpg","connectivity","terminal_same_node","medium","Do the lower terminal of the capacitor in the diagram and the left terminal of the 2nd resistor from the top belong to the same electrical node, connected by continuous ideal wire without passing through a component?","图中的电容的下端与从上到下第2个电阻的左端是否属于同一个电气节点（可由连续理想导线相连，且中间不经过元件）？","否","yes_no"
"qa_v7c_000555","img_0071","train__d1_autockt_-830_png.rf.876765a68c49381a43d740fc35817270","images/img_0071.jpg","connectivity","terminal_same_node","medium","Do the left terminal of the capacitor in the diagram and the lower terminal of the 1st current source from the left belong to the same electrical node, connected by continuous ideal wire without passing through a component?","图中的电容的左端与从左到右第1个电流源的下端是否属于同一个电气节点（可由连续理想导线相连，且中间不经过元件）？","是","yes_no"
"qa_v7c_000556","img_0337","train__d1_autockt_-832_png.rf.c8f4b6dc741c4899208cfc42d3afef3f","images/img_0337.jpg","connectivity","terminal_same_node","medium","Do the right terminal of the capacitor in the diagram and the lower terminal of the current source in the diagram belong to the same electrical node, connected by continuous ideal wire without passing through a component?","图中的电容的右端与图中的电流源的下端是否属于同一个电气节点（可由连续理想导线相连，且中间不经过元件）？","否","yes_no"
"qa_v7c_000557","img_0131","train__d1_autockt_-834_png.rf.b379d6089cfe9c1d594d838e500ae41e","images/img_0131.jpg","connectivity","terminal_same_node","medium","Do the left terminal of the 1st inductor from the top and the upper terminal of the current source in the diagram belong to the same electrical node, connected by continuous ideal wire without passing through a component?","从上到下第1个电感的左端与图中的电流源的上端是否属于同一个电气节点（可由连续理想导线相连，且中间不经过元件）？","是","yes_no"
"qa_v7c_000558","img_0131","train__d1_autockt_-834_png.rf.b379d6089cfe9c1d594d838e500ae41e","images/img_0131.jpg","connectivity","terminal_same_node","medium","Do the left terminal of the 2nd inductor from the top and the upper terminal of the 1st resistor from the left belong to the same electrical node, connected by continuous ideal wire without passing through a component?","从上到下第2个电感的左端与从左到右第1个电阻的上端是否属于同一个电气节点（可由连续理想导线相连，且中间不经过元件）？","否","yes_no"
"qa_v7c_000559","img_0273","train__d1_autockt_-835_png.rf.a5298355b545bf5ccbe565d5194781f0","images/img_0273.jpg","connectivity","terminal_same_node","medium","Do the upper terminal of the inductor in the diagram and the upper terminal of the capacitor in the diagram belong to the same electrical node, connected by continuous ideal wire without passing through a component?","图中的电感的上端与图中的电容的上端是否属于同一个电气节点（可由连续理想导线相连，且中间不经过元件）？","否","yes_no"
"qa_v7c_000560","img_0273","train__d1_autockt_-835_png.rf.a5298355b545bf5ccbe565d5194781f0","images/img_0273.jpg","connectivity","terminal_same_node","medium","Do the lower terminal of the inductor in the diagram and the right terminal of the voltage source in the diagram belong to the same electrical node, connected by continuous ideal wire without passing through a component?","图中的电感的下端与图中的电压源的右端是否属于同一个电气节点（可由连续理想导线相连，且中间不经过元件）？","是","yes_no"
"qa_v7c_000561","img_0389","train__d1_autockt_-836_png.rf.7059a9037b7d4d4617dca36668d57cc0","images/img_0389.jpg","connectivity","terminal_same_node","medium","Do the upper terminal of the 1st resistor from the left and the right terminal of the 2nd resistor from the left belong to the same electrical node, connected by continuous ideal wire without passing through a component?","从左到右第1个电阻的上端与从左到右第2个电阻的右端是否属于同一个电气节点（可由连续理想导线相连，且中间不经过元件）？","否","yes_no"
"qa_v7c_000562","img_0389","train__d1_autockt_-836_png.rf.7059a9037b7d4d4617dca36668d57cc0","images/img_0389.jpg","connectivity","terminal_same_node","medium","Do the left terminal of the inductor in the diagram and the right terminal of the 2nd resistor from the left belong to the same electrical node, connected by continuous ideal wire without passing through a component?","图中的电感的左端与从左到右第2个电阻的右端是否属于同一个电气节点（可由连续理想导线相连，且中间不经过元件）？","是","yes_no"
"qa_v7c_000563","img_0030","train__d1_autockt_-841_png.rf.63f6e8235384ff37f188cc92baf5112c","images/img_0030.jpg","connectivity","terminal_same_node","medium","Do the left terminal of the 3rd resistor from the top and the lower terminal of the 1st inductor from the left belong to the same electrical node, connected by continuous ideal wire without passing through a component?","从上到下第3个电阻的左端与从左到右第1个电感的下端是否属于同一个电气节点（可由连续理想导线相连，且中间不经过元件）？","是","yes_no"
"qa_v7c_000564","img_0030","train__d1_autockt_-841_png.rf.63f6e8235384ff37f188cc92baf5112c","images/img_0030.jpg","connectivity","terminal_same_node","medium","Do the upper terminal of the voltage source in the diagram and the lower terminal of the 2nd resistor from the top belong to the same electrical node, connected by continuous ideal wire without passing through a component?","图中的电压源的上端与从上到下第2个电阻的下端是否属于同一个电气节点（可由连续理想导线相连，且中间不经过元件）？","否","yes_no"
"qa_v7c_000565","img_0237","train__d1_autockt_-845_png.rf.00bd41a063ef06524f47a8a4f9d3bcee","images/img_0237.jpg","connectivity","terminal_same_node","medium","Do the right terminal of the 1st capacitor from the left and the lower terminal of the 2nd resistor from the left belong to the same electrical node, connected by continuous ideal wire without passing through a component?","从左到右第1个电容的右端与从左到右第2个电阻的下端是否属于同一个电气节点（可由连续理想导线相连，且中间不经过元件）？","是","yes_no"
"qa_v7c_000566","img_0237","train__d1_autockt_-845_png.rf.00bd41a063ef06524f47a8a4f9d3bcee","images/img_0237.jpg","connectivity","terminal_same_node","medium","Do the upper terminal of the 2nd resistor from the left and the left terminal of the 2nd capacitor from the left belong to the same electrical node, connected by continuous ideal wire without passing through a component?","从左到右第2个电阻的上端与从左到右第2个电容的左端是否属于同一个电气节点（可由连续理想导线相连，且中间不经过元件）？","否","yes_no"
"qa_v7c_000567","img_0352","train__d1_autockt_-846_png.rf.22de33bc0266d24f2b31f99860c08ccb","images/img_0352.jpg","connectivity","terminal_same_node","medium","Do the right terminal of the inductor in the diagram and the lower terminal of the current source in the diagram belong to the same electrical node, connected by continuous ideal wire without passing through a component?","图中的电感的右端与图中的电流源的下端是否属于同一个电气节点（可由连续理想导线相连，且中间不经过元件）？","是","yes_no"
"qa_v7c_000568","img_0352","train__d1_autockt_-846_png.rf.22de33bc0266d24f2b31f99860c08ccb","images/img_0352.jpg","connectivity","terminal_same_node","medium","Do the left terminal of the inductor in the diagram and the lower terminal of the current source in the diagram belong to the same electrical node, connected by continuous ideal wire without passing through a component?","图中的电感的左端与图中的电流源的下端是否属于同一个电气节点（可由连续理想导线相连，且中间不经过元件）？","否","yes_no"
"qa_v7c_000569","img_0129","train__d1_autockt_-853_png.rf.5f6d90c55c70ffa096192c752ecb20e7","images/img_0129.jpg","connectivity","terminal_same_node","medium","Do the upper terminal of the 2nd resistor from the left and the left terminal of the current source in the diagram belong to the same electrical node, connected by continuous ideal wire without passing through a component?","从左到右第2个电阻的上端与图中的电流源的左端是否属于同一个电气节点（可由连续理想导线相连，且中间不经过元件）？","否","yes_no"
"qa_v7c_000570","img_0129","train__d1_autockt_-853_png.rf.5f6d90c55c70ffa096192c752ecb20e7","images/img_0129.jpg","connectivity","terminal_same_node","medium","Do the left terminal of the voltage source in the diagram and the upper terminal of the 1st resistor from the left belong to the same electrical node, connected by continuous ideal wire without passing through a component?","图中的电压源的左端与从左到右第1个电阻的上端是否属于同一个电气节点（可由连续理想导线相连，且中间不经过元件）？","是","yes_no"
"qa_v7c_000571","img_0022","train__d1_autockt_-855_png.rf.8145abcba654cb2bf2c40816bd89c87e","images/img_0022.jpg","connectivity","terminal_same_node","medium","Do the right terminal of the capacitor in the diagram and the lower terminal of the 1st resistor from the left belong to the same electrical node, connected by continuous ideal wire without passing through a component?","图中的电容的右端与从左到右第1个电阻的下端是否属于同一个电气节点（可由连续理想导线相连，且中间不经过元件）？","否","yes_no"
"qa_v7c_000572","img_0022","train__d1_autockt_-855_png.rf.8145abcba654cb2bf2c40816bd89c87e","images/img_0022.jpg","connectivity","terminal_same_node","medium","Do the left terminal of the inductor in the diagram and the right terminal of the capacitor in the diagram belong to the same electrical node, connected by continuous ideal wire without passing through a component?","图中的电感的左端与图中的电容的右端是否属于同一个电气节点（可由连续理想导线相连，且中间不经过元件）？","是","yes_no"
"qa_v7c_000573","img_0010","train__d1_autockt_-857_png.rf.a1cd422dd2919848015f3565dcd17b22","images/img_0010.jpg","connectivity","terminal_same_node","medium","Do the right terminal of the 2nd inductor from the top and the left terminal of the current source in the diagram belong to the same electrical node, connected by continuous ideal wire without passing through a component?","从上到下第2个电感的右端与图中的电流源的左端是否属于同一个电气节点（可由连续理想导线相连，且中间不经过元件）？","否","yes_no"
"qa_v7c_000574","img_0010","train__d1_autockt_-857_png.rf.a1cd422dd2919848015f3565dcd17b22","images/img_0010.jpg","connectivity","terminal_same_node","medium","Do the left terminal of the voltage source in the diagram and the left terminal of the current source in the diagram belong to the same electrical node, connected by continuous ideal wire without passing through a component?","图中的电压源的左端与图中的电流源的左端是否属于同一个电气节点（可由连续理想导线相连，且中间不经过元件）？","是","yes_no"
"qa_v7c_000575","img_0319","train__d1_autockt_-85_png.rf.d34193a0af1a30f99baaba306240bce7","images/img_0319.jpg","connectivity","terminal_same_node","medium","Do the right terminal of the inductor in the diagram and the left terminal of the 3rd resistor from the left belong to the same electrical node, connected by continuous ideal wire without passing through a component?","图中的电感的右端与从左到右第3个电阻的左端是否属于同一个电气节点（可由连续理想导线相连，且中间不经过元件）？","否","yes_no"
"qa_v7c_000576","img_0319","train__d1_autockt_-85_png.rf.d34193a0af1a30f99baaba306240bce7","images/img_0319.jpg","connectivity","terminal_same_node","medium","Do the left terminal of the inductor in the diagram and the lower terminal of the 2nd resistor from the left belong to the same electrical node, connected by continuous ideal wire without passing through a component?","图中的电感的左端与从左到右第2个电阻的下端是否属于同一个电气节点（可由连续理想导线相连，且中间不经过元件）？","是","yes_no"
"qa_v7c_000577","img_0231","train__d1_autockt_-862_png.rf.c0547c3a6fd9c2c7adcc60e53dc1fdf3","images/img_0231.jpg","connectivity","terminal_same_node","medium","Do the lower terminal of the 2nd inductor from the left and the lower terminal of the 2nd resistor from the left belong to the same electrical node, connected by continuous ideal wire without passing through a component?","从左到右第2个电感的下端与从左到右第2个电阻的下端是否属于同一个电气节点（可由连续理想导线相连，且中间不经过元件）？","否","yes_no"
"qa_v7c_000578","img_0231","train__d1_autockt_-862_png.rf.c0547c3a6fd9c2c7adcc60e53dc1fdf3","images/img_0231.jpg","connectivity","terminal_same_node","medium","Do the right terminal of the voltage source in the diagram and the upper terminal of the 2nd resistor from the left belong to the same electrical node, connected by continuous ideal wire without passing through a component?","图中的电压源的右端与从左到右第2个电阻的上端是否属于同一个电气节点（可由连续理想导线相连，且中间不经过元件）？","是","yes_no"
"qa_v7c_000579","img_0097","train__d1_autockt_-863_png.rf.07e12c97f2b1876fba302e77b173837d","images/img_0097.jpg","connectivity","terminal_same_node","medium","Do the left terminal of the 2nd resistor from the left and the upper terminal of the capacitor in the diagram belong to the same electrical node, connected by continuous ideal wire without passing through a component?","从左到右第2个电阻的左端与图中的电容的上端是否属于同一个电气节点（可由连续理想导线相连，且中间不经过元件）？","否","yes_no"
"qa_v7c_000580","img_0097","train__d1_autockt_-863_png.rf.07e12c97f2b1876fba302e77b173837d","images/img_0097.jpg","connectivity","terminal_same_node","medium","Do the right terminal of the inductor in the diagram and the left terminal of the 2nd resistor from the left belong to the same electrical node, connected by continuous ideal wire without passing through a component?","图中的电感的右端与从左到右第2个电阻的左端是否属于同一个电气节点（可由连续理想导线相连，且中间不经过元件）？","是","yes_no"
"qa_v7c_000581","img_0328","train__d1_autockt_-877_png.rf.79b40f3c920a924cbae967050e9998d2","images/img_0328.jpg","connectivity","terminal_same_node","medium","Do the left terminal of the 1st inductor from the top and the upper terminal of the 3rd resistor from the left belong to the same electrical node, connected by continuous ideal wire without passing through a component?","从上到下第1个电感的左端与从左到右第3个电阻的上端是否属于同一个电气节点（可由连续理想导线相连，且中间不经过元件）？","是","yes_no"
"qa_v7c_000582","img_0328","train__d1_autockt_-877_png.rf.79b40f3c920a924cbae967050e9998d2","images/img_0328.jpg","connectivity","terminal_same_node","medium","Do the right terminal of the 3rd inductor from the top and the right terminal of the 2nd resistor from the left belong to the same electrical node, connected by continuous ideal wire without passing through a component?","从上到下第3个电感的右端与从左到右第2个电阻的右端是否属于同一个电气节点（可由连续理想导线相连，且中间不经过元件）？","否","yes_no"
"qa_v7c_000583","img_0114","train__d1_autockt_-878_png.rf.2097b2abb97773d6a4dbcb8915acf7de","images/img_0114.jpg","connectivity","terminal_same_node","medium","Do the right terminal of the 2nd capacitor from the top and the lower terminal of the 2nd resistor from the left belong to the same electrical node, connected by continuous ideal wire without passing through a component?","从上到下第2个电容的右端与从左到右第2个电阻的下端是否属于同一个电气节点（可由连续理想导线相连，且中间不经过元件）？","是","yes_no"
"qa_v7c_000584","img_0114","train__d1_autockt_-878_png.rf.2097b2abb97773d6a4dbcb8915acf7de","images/img_0114.jpg","connectivity","terminal_same_node","medium","Do the left terminal of the 2nd capacitor from the top and the upper terminal of the 1st resistor from the left belong to the same electrical node, connected by continuous ideal wire without passing through a component?","从上到下第2个电容的左端与从左到右第1个电阻的上端是否属于同一个电气节点（可由连续理想导线相连，且中间不经过元件）？","否","yes_no"
"qa_v7c_000585","img_0277","train__d1_autockt_-879_png.rf.ad00aef03e77aa93a6057f66a21c99b8","images/img_0277.jpg","connectivity","terminal_same_node","medium","Do the right terminal of the capacitor in the diagram and the upper terminal of the 3rd resistor from the left belong to the same electrical node, connected by continuous ideal wire without passing through a component?","图中的电容的右端与从左到右第3个电阻的上端是否属于同一个电气节点（可由连续理想导线相连，且中间不经过元件）？","是","yes_no"
"qa_v7c_000586","img_0035","train__d1_autockt_-880_png.rf.697bb05b13c895579d80d6d89f2ec830","images/img_0035.jpg","connectivity","terminal_same_node","medium","Do the right terminal of the 1st inductor from the top and the right terminal of the 2nd resistor from the left belong to the same electrical node, connected by continuous ideal wire without passing through a component?","从上到下第1个电感的右端与从左到右第2个电阻的右端是否属于同一个电气节点（可由连续理想导线相连，且中间不经过元件）？","否","yes_no"
"qa_v7c_000587","img_0035","train__d1_autockt_-880_png.rf.697bb05b13c895579d80d6d89f2ec830","images/img_0035.jpg","connectivity","terminal_same_node","medium","Do the right terminal of the 1st inductor from the top and the upper terminal of the 3rd voltage source from the left belong to the same electrical node, connected by continuous ideal wire without passing through a component?","从上到下第1个电感的右端与从左到右第3个电压源的上端是否属于同一个电气节点（可由连续理想导线相连，且中间不经过元件）？","是","yes_no"
"qa_v7c_000588","img_0348","train__d1_autockt_-882_png.rf.45f4be72c81763ba7f289ae276c1458d","images/img_0348.jpg","connectivity","terminal_same_node","medium","Do the right terminal of the inductor in the diagram and the lower terminal of the 1st capacitor from the left belong to the same electrical node, connected by continuous ideal wire without passing through a component?","图中的电感的右端与从左到右第1个电容的下端是否属于同一个电气节点（可由连续理想导线相连，且中间不经过元件）？","否","yes_no"
"qa_v7c_000589","img_0348","train__d1_autockt_-882_png.rf.45f4be72c81763ba7f289ae276c1458d","images/img_0348.jpg","connectivity","terminal_same_node","medium","Do the right terminal of the inductor in the diagram and the upper terminal of the 2nd capacitor from the left belong to the same electrical node, connected by continuous ideal wire without passing through a component?","图中的电感的右端与从左到右第2个电容的上端是否属于同一个电气节点（可由连续理想导线相连，且中间不经过元件）？","是","yes_no"
"qa_v7c_000590","img_0375","train__d1_autockt_-886_png.rf.c2340d13921435e305a1fb6884151ec0","images/img_0375.jpg","connectivity","terminal_same_node","medium","Do the lower terminal of the 2nd resistor from the top and the left terminal of the 1st resistor from the top belong to the same electrical node, connected by continuous ideal wire without passing through a component?","从上到下第2个电阻的下端与从上到下第1个电阻的左端是否属于同一个电气节点（可由连续理想导线相连，且中间不经过元件）？","否","yes_no"
"qa_v7c_000591","img_0375","train__d1_autockt_-886_png.rf.c2340d13921435e305a1fb6884151ec0","images/img_0375.jpg","connectivity","terminal_same_node","medium","Do the lower terminal of the capacitor in the diagram and the left terminal of the 3rd resistor from the top belong to the same electrical node, connected by continuous ideal wire without passing through a component?","图中的电容的下端与从上到下第3个电阻的左端是否属于同一个电气节点（可由连续理想导线相连，且中间不经过元件）？","是","yes_no"
"qa_v7c_000592","img_0023","train__d1_autockt_-888_png.rf.f85bacfa28bacc7e88eecad5b471639b","images/img_0023.jpg","connectivity","terminal_same_node","medium","Do the upper terminal of the 3rd resistor from the left and the right terminal of the 1st resistor from the left belong to the same electrical node, connected by continuous ideal wire without passing through a component?","从左到右第3个电阻的上端与从左到右第1个电阻的右端是否属于同一个电气节点（可由连续理想导线相连，且中间不经过元件）？","否","yes_no"
"qa_v7c_000593","img_0023","train__d1_autockt_-888_png.rf.f85bacfa28bacc7e88eecad5b471639b","images/img_0023.jpg","connectivity","terminal_same_node","medium","Do the lower terminal of the 4th resistor from the left and the right terminal of the 2nd resistor from the left belong to the same electrical node, connected by continuous ideal wire without passing through a component?","从左到右第4个电阻的下端与从左到右第2个电阻的右端是否属于同一个电气节点（可由连续理想导线相连，且中间不经过元件）？","是","yes_no"
"qa_v7c_000594","img_0189","train__d1_autockt_-88_png.rf.4a14153455cdac8c24850b6daf6f043b","images/img_0189.jpg","connectivity","terminal_same_node","medium","Do the lower terminal of the 2nd inductor from the top and the left terminal of the 1st inductor from the top belong to the same electrical node, connected by continuous ideal wire without passing through a component?","从上到下第2个电感的下端与从上到下第1个电感的左端是否属于同一个电气节点（可由连续理想导线相连，且中间不经过元件）？","否","yes_no"
"qa_v7c_000595","img_0161","train__d1_autockt_-891_png.rf.96c6f0cd13f9b5e29d80a1d601861526","images/img_0161.jpg","connectivity","terminal_same_node","medium","Do the upper terminal of the 1st inductor from the left and the left terminal of the 1st voltage source from the top belong to the same electrical node, connected by continuous ideal wire without passing through a component?","从左到右第1个电感的上端与从上到下第1个电压源的左端是否属于同一个电气节点（可由连续理想导线相连，且中间不经过元件）？","是","yes_no"
"qa_v7c_000596","img_0161","train__d1_autockt_-891_png.rf.96c6f0cd13f9b5e29d80a1d601861526","images/img_0161.jpg","connectivity","terminal_same_node","medium","Do the upper terminal of the 1st inductor from the left and the lower terminal of the capacitor in the diagram belong to the same electrical node, connected by continuous ideal wire without passing through a component?","从左到右第1个电感的上端与图中的电容的下端是否属于同一个电气节点（可由连续理想导线相连，且中间不经过元件）？","否","yes_no"
"qa_v7c_000597","img_0249","train__d1_autockt_-896_png.rf.d315d9151be3731fa1831d8e2a25a704","images/img_0249.jpg","connectivity","terminal_same_node","medium","Do the right terminal of the voltage source in the diagram and the upper terminal of the capacitor in the diagram belong to the same electrical node, connected by continuous ideal wire without passing through a component?","图中的电压源的右端与图中的电容的上端是否属于同一个电气节点（可由连续理想导线相连，且中间不经过元件）？","是","yes_no"
"qa_v7c_000598","img_0249","train__d1_autockt_-896_png.rf.d315d9151be3731fa1831d8e2a25a704","images/img_0249.jpg","connectivity","terminal_same_node","medium","Do the right terminal of the voltage source in the diagram and the right terminal of the inductor in the diagram belong to the same electrical node, connected by continuous ideal wire without passing through a component?","图中的电压源的右端与图中的电感的右端是否属于同一个电气节点（可由连续理想导线相连，且中间不经过元件）？","否","yes_no"
"qa_v7c_000599","img_0151","train__d1_autockt_-89_png.rf.a167c13582370017dbda64d5bb836a0e","images/img_0151.jpg","connectivity","terminal_same_node","medium","Do the upper terminal of the 1st resistor from the left and the right terminal of the 2nd resistor from the left belong to the same electrical node, connected by continuous ideal wire without passing through a component?","从左到右第1个电阻的上端与从左到右第2个电阻的右端是否属于同一个电气节点（可由连续理想导线相连，且中间不经过元件）？","否","yes_no"
"qa_v7c_000600","img_0151","train__d1_autockt_-89_png.rf.a167c13582370017dbda64d5bb836a0e","images/img_0151.jpg","connectivity","terminal_same_node","medium","Do the left terminal of the 2nd inductor from the left and the upper terminal of the 1st resistor from the left belong to the same electrical node, connected by continuous ideal wire without passing through a component?","从左到右第2个电感的左端与从左到右第1个电阻的上端是否属于同一个电气节点（可由连续理想导线相连，且中间不经过元件）？","是","yes_no"
"qa_v7c_000601","img_0201","train__d1_autockt_-900_png.rf.2e61a7f45ddb9ea6cca5c80fb2b2d9c7","images/img_0201.jpg","connectivity","terminal_same_node","medium","Do the left terminal of the 2nd resistor from the top and the left terminal of the 1st resistor from the top belong to the same electrical node, connected by continuous ideal wire without passing through a component?","从上到下第2个电阻的左端与从上到下第1个电阻的左端是否属于同一个电气节点（可由连续理想导线相连，且中间不经过元件）？","否","yes_no"
"qa_v7c_000602","img_0201","train__d1_autockt_-900_png.rf.2e61a7f45ddb9ea6cca5c80fb2b2d9c7","images/img_0201.jpg","connectivity","terminal_same_node","medium","Do the right terminal of the inductor in the diagram and the right terminal of the 1st resistor from the top belong to the same electrical node, connected by continuous ideal wire without passing through a component?","图中的电感的右端与从上到下第1个电阻的右端是否属于同一个电气节点（可由连续理想导线相连，且中间不经过元件）？","是","yes_no"
"qa_v7c_000603","img_0225","train__d1_autockt_-902_png.rf.3c49a9d47ef244962c212c346d17a400","images/img_0225.jpg","connectivity","terminal_same_node","medium","Do the upper terminal of the 1st inductor from the left and the upper terminal of the 2nd inductor from the left belong to the same electrical node, connected by continuous ideal wire without passing through a component?","从左到右第1个电感的上端与从左到右第2个电感的上端是否属于同一个电气节点（可由连续理想导线相连，且中间不经过元件）？","否","yes_no"
"qa_v7c_000604","img_0225","train__d1_autockt_-902_png.rf.3c49a9d47ef244962c212c346d17a400","images/img_0225.jpg","connectivity","terminal_same_node","medium","Do the lower terminal of the 1st inductor from the left and the left terminal of the 2nd resistor from the left belong to the same electrical node, connected by continuous ideal wire without passing through a component?","从左到右第1个电感的下端与从左到右第2个电阻的左端是否属于同一个电气节点（可由连续理想导线相连，且中间不经过元件）？","是","yes_no"
"qa_v7c_000605","img_0005","train__d1_autockt_-904_png.rf.4e9d60c42c7b735665b856b96d1c1d34","images/img_0005.jpg","connectivity","terminal_same_node","medium","Do the left terminal of the 1st inductor from the left and the lower terminal of the 1st resistor from the left belong to the same electrical node, connected by continuous ideal wire without passing through a component?","从左到右第1个电感的左端与从左到右第1个电阻的下端是否属于同一个电气节点（可由连续理想导线相连，且中间不经过元件）？","是","yes_no"
"qa_v7c_000606","img_0005","train__d1_autockt_-904_png.rf.4e9d60c42c7b735665b856b96d1c1d34","images/img_0005.jpg","connectivity","terminal_same_node","medium","Do the upper terminal of the 2nd inductor from the left and the upper terminal of the current source in the diagram belong to the same electrical node, connected by continuous ideal wire without passing through a component?","从左到右第2个电感的上端与图中的电流源的上端是否属于同一个电气节点（可由连续理想导线相连，且中间不经过元件）？","否","yes_no"
"qa_v7c_000607","img_0075","train__d1_autockt_-93_png.rf.a86054b39bef4bacd6949e85337f79ba","images/img_0075.jpg","connectivity","terminal_same_node","medium","Do the lower terminal of the 1st resistor from the left and the left terminal of the 2nd capacitor from the top belong to the same electrical node, connected by continuous ideal wire without passing through a component?","从左到右第1个电阻的下端与从上到下第2个电容的左端是否属于同一个电气节点（可由连续理想导线相连，且中间不经过元件）？","是","yes_no"
"qa_v7c_000608","img_0075","train__d1_autockt_-93_png.rf.a86054b39bef4bacd6949e85337f79ba","images/img_0075.jpg","connectivity","terminal_same_node","medium","Do the right terminal of the current source in the diagram and the right terminal of the 2nd resistor from the left belong to the same electrical node, connected by continuous ideal wire without passing through a component?","图中的电流源的右端与从左到右第2个电阻的右端是否属于同一个电气节点（可由连续理想导线相连，且中间不经过元件）？","否","yes_no"
"qa_v7c_000609","img_0285","train__d1_autockt_-99_png.rf.7bb85a0b8c497dd09eb29b0acf67e334","images/img_0285.jpg","connectivity","terminal_same_node","medium","Do the lower terminal of the 2nd inductor from the left and the upper terminal of the 1st inductor from the left belong to the same electrical node, connected by continuous ideal wire without passing through a component?","从左到右第2个电感的下端与从左到右第1个电感的上端是否属于同一个电气节点（可由连续理想导线相连，且中间不经过元件）？","否","yes_no"
"qa_v7c_000610","img_0165","train__d1_autockt_-9_png.rf.abdf78e2c66c2c794662731c3a841b82","images/img_0165.jpg","connectivity","terminal_same_node","medium","Do the left terminal of the 1st inductor from the top and the right terminal of the 2nd resistor from the left belong to the same electrical node, connected by continuous ideal wire without passing through a component?","从上到下第1个电感的左端与从左到右第2个电阻的右端是否属于同一个电气节点（可由连续理想导线相连，且中间不经过元件）？","否","yes_no"
"qa_v7c_000611","img_0165","train__d1_autockt_-9_png.rf.abdf78e2c66c2c794662731c3a841b82","images/img_0165.jpg","connectivity","terminal_same_node","medium","Do the right terminal of the 2nd inductor from the top and the right terminal of the 2nd resistor from the left belong to the same electrical node, connected by continuous ideal wire without passing through a component?","从上到下第2个电感的右端与从左到右第2个电阻的右端是否属于同一个电气节点（可由连续理想导线相连，且中间不经过元件）？","是","yes_no"
"qa_v7c_000612","img_0173","train__d1_electrical_157_png.rf.920a32daa657bc45b646e5de542f0726","images/img_0173.jpg","connectivity","terminal_same_node","medium","Do the upper terminal of the voltage source in the diagram and the upper terminal of the capacitor in the diagram belong to the same electrical node, connected by continuous ideal wire without passing through a component?","图中的电压源的上端与图中的电容的上端是否属于同一个电气节点（可由连续理想导线相连，且中间不经过元件）？","是","yes_no"
"qa_v7c_000613","img_0173","train__d1_electrical_157_png.rf.920a32daa657bc45b646e5de542f0726","images/img_0173.jpg","connectivity","terminal_same_node","medium","Do the lower terminal of the inductor in the diagram and the lower terminal of the capacitor in the diagram belong to the same electrical node, connected by continuous ideal wire without passing through a component?","图中的电感的下端与图中的电容的下端是否属于同一个电气节点（可由连续理想导线相连，且中间不经过元件）？","否","yes_no"
"qa_v7c_000614","img_0084","train__d1_electrical_158_png.rf.7cbcc5ad6c721571482985fe4e796823","images/img_0084.jpg","connectivity","terminal_same_node","medium","Do the upper terminal of the voltage source in the diagram and the upper terminal of the capacitor in the diagram belong to the same electrical node, connected by continuous ideal wire without passing through a component?","图中的电压源的上端与图中的电容的上端是否属于同一个电气节点（可由连续理想导线相连，且中间不经过元件）？","是","yes_no"
"qa_v7c_000615","img_0084","train__d1_electrical_158_png.rf.7cbcc5ad6c721571482985fe4e796823","images/img_0084.jpg","connectivity","terminal_same_node","medium","Do the upper terminal of the capacitor in the diagram and the lower terminal of the inductor in the diagram belong to the same electrical node, connected by continuous ideal wire without passing through a component?","图中的电容的上端与图中的电感的下端是否属于同一个电气节点（可由连续理想导线相连，且中间不经过元件）？","否","yes_no"
"qa_v7c_000616","img_0274","train__d1_electrical_169_png.rf.e1f600fd3166e29d144eb1f0f7072167","images/img_0274.jpg","connectivity","terminal_same_node","medium","Do the right terminal of the capacitor in the diagram and the right terminal of the voltage source in the diagram belong to the same electrical node, connected by continuous ideal wire without passing through a component?","图中的电容的右端与图中的电压源的右端是否属于同一个电气节点（可由连续理想导线相连，且中间不经过元件）？","是","yes_no"
"qa_v7c_000617","img_0274","train__d1_electrical_169_png.rf.e1f600fd3166e29d144eb1f0f7072167","images/img_0274.jpg","connectivity","terminal_same_node","medium","Do the right terminal of the inductor in the diagram and the left terminal of the voltage source in the diagram belong to the same electrical node, connected by continuous ideal wire without passing through a component?","图中的电感的右端与图中的电压源的左端是否属于同一个电气节点（可由连续理想导线相连，且中间不经过元件）？","否","yes_no"
"qa_v7c_000618","img_0036","train__d1_electrical_179_png.rf.ea935b1f261137a7894abde94a076bed","images/img_0036.jpg","connectivity","terminal_same_node","medium","Do the right terminal of the 1st resistor from the top and the left terminal of the 1st inductor from the top belong to the same electrical node, connected by continuous ideal wire without passing through a component?","从上到下第1个电阻的右端与从上到下第1个电感的左端是否属于同一个电气节点（可由连续理想导线相连，且中间不经过元件）？","是","yes_no"
"qa_v7c_000619","img_0036","train__d1_electrical_179_png.rf.ea935b1f261137a7894abde94a076bed","images/img_0036.jpg","connectivity","terminal_same_node","medium","Do the right terminal of the 2nd resistor from the top and the right terminal of the 1st resistor from the top belong to the same electrical node, connected by continuous ideal wire without passing through a component?","从上到下第2个电阻的右端与从上到下第1个电阻的右端是否属于同一个电气节点（可由连续理想导线相连，且中间不经过元件）？","否","yes_no"
"qa_v7c_000620","img_0371","train__d1_electrical_185_png.rf.d4502bfc4e40f98f53b4c80f0eb1e3bd","images/img_0371.jpg","connectivity","terminal_same_node","medium","Do the right terminal of the 1st resistor from the top and the left terminal of the 1st inductor from the top belong to the same electrical node, connected by continuous ideal wire without passing through a component?","从上到下第1个电阻的右端与从上到下第1个电感的左端是否属于同一个电气节点（可由连续理想导线相连，且中间不经过元件）？","是","yes_no"
"qa_v7c_000621","img_0371","train__d1_electrical_185_png.rf.d4502bfc4e40f98f53b4c80f0eb1e3bd","images/img_0371.jpg","connectivity","terminal_same_node","medium","Do the left terminal of the 1st resistor from the top and the right terminal of the 2nd resistor from the top belong to the same electrical node, connected by continuous ideal wire without passing through a component?","从上到下第1个电阻的左端与从上到下第2个电阻的右端是否属于同一个电气节点（可由连续理想导线相连，且中间不经过元件）？","否","yes_no"
"qa_v7c_000622","img_0345","train__d1_electrical_187_png.rf.0a910c845f52ef0a6da05752f8db0937","images/img_0345.jpg","connectivity","terminal_same_node","medium","Do the right terminal of the 2nd resistor from the top and the left terminal of the capacitor in the diagram belong to the same electrical node, connected by continuous ideal wire without passing through a component?","从上到下第2个电阻的右端与图中的电容的左端是否属于同一个电气节点（可由连续理想导线相连，且中间不经过元件）？","是","yes_no"
"qa_v7c_000623","img_0345","train__d1_electrical_187_png.rf.0a910c845f52ef0a6da05752f8db0937","images/img_0345.jpg","connectivity","terminal_same_node","medium","Do the right terminal of the capacitor in the diagram and the left terminal of the inductor in the diagram belong to the same electrical node, connected by continuous ideal wire without passing through a component?","图中的电容的右端与图中的电感的左端是否属于同一个电气节点（可由连续理想导线相连，且中间不经过元件）？","否","yes_no"
"qa_v7c_000624","img_0050","train__d1_electrical_201_png.rf.5a1284572fe6600bc1f9cf9a434ca577","images/img_0050.jpg","connectivity","terminal_same_node","medium","Do the left terminal of the voltage source in the diagram and the right terminal of the inductor in the diagram belong to the same electrical node, connected by continuous ideal wire without passing through a component?","图中的电压源的左端与图中的电感的右端是否属于同一个电气节点（可由连续理想导线相连，且中间不经过元件）？","否","yes_no"
"qa_v7c_000625","img_0050","train__d1_electrical_201_png.rf.5a1284572fe6600bc1f9cf9a434ca577","images/img_0050.jpg","connectivity","terminal_same_node","medium","Do the right terminal of the resistor in the diagram and the left terminal of the inductor in the diagram belong to the same electrical node, connected by continuous ideal wire without passing through a component?","图中的电阻的右端与图中的电感的左端是否属于同一个电气节点（可由连续理想导线相连，且中间不经过元件）？","是","yes_no"
"qa_v7c_000626","img_0058","train__d1_electrical_218_png.rf.f7b180e3c5e86f58ed057f16560004ef","images/img_0058.jpg","connectivity","terminal_same_node","medium","Do the left terminal of the 1st inductor from the left and the left terminal of the resistor in the diagram belong to the same electrical node, connected by continuous ideal wire without passing through a component?","从左到右第1个电感的左端与图中的电阻的左端是否属于同一个电气节点（可由连续理想导线相连，且中间不经过元件）？","是","yes_no"
"qa_v7c_000627","img_0058","train__d1_electrical_218_png.rf.f7b180e3c5e86f58ed057f16560004ef","images/img_0058.jpg","connectivity","terminal_same_node","medium","Do the left terminal of the 2nd inductor from the left and the right terminal of the resistor in the diagram belong to the same electrical node, connected by continuous ideal wire without passing through a component?","从左到右第2个电感的左端与图中的电阻的右端是否属于同一个电气节点（可由连续理想导线相连，且中间不经过元件）？","否","yes_no"
"qa_v7c_000628","img_0082","train__d1_electrical_220_png.rf.257db2d526ff20448344d62ccc60f6dd","images/img_0082.jpg","connectivity","terminal_same_node","medium","Do the lower terminal of the capacitor in the diagram and the lower terminal of the 2nd inductor from the left belong to the same electrical node, connected by continuous ideal wire without passing through a component?","图中的电容的下端与从左到右第2个电感的下端是否属于同一个电气节点（可由连续理想导线相连，且中间不经过元件）？","否","yes_no"
"qa_v7c_000629","img_0236","train__d1_electrical_224_png.rf.dec3350e05d032460c56989d3b0d9cd6","images/img_0236.jpg","connectivity","terminal_same_node","medium","Do the upper terminal of the 1st voltage source from the left and the left terminal of the 1st resistor from the left belong to the same electrical node, connected by continuous ideal wire without passing through a component?","从左到右第1个电压源的上端与从左到右第1个电阻的左端是否属于同一个电气节点（可由连续理想导线相连，且中间不经过元件）？","是","yes_no"
"qa_v7c_000630","img_0236","train__d1_electrical_224_png.rf.dec3350e05d032460c56989d3b0d9cd6","images/img_0236.jpg","connectivity","terminal_same_node","medium","Do the right terminal of the 4th resistor from the left and the left terminal of the 1st resistor from the left belong to the same electrical node, connected by continuous ideal wire without passing through a component?","从左到右第4个电阻的右端与从左到右第1个电阻的左端是否属于同一个电气节点（可由连续理想导线相连，且中间不经过元件）？","否","yes_no"
"qa_v7c_000631","img_0148","train__d1_electrical_225_png.rf.9dd6829de3d7e58743ea31709153bd18","images/img_0148.jpg","connectivity","terminal_same_node","medium","Do the upper terminal of the 3rd resistor from the left and the upper terminal of the 1st resistor from the left belong to the same electrical node, connected by continuous ideal wire without passing through a component?","从左到右第3个电阻的上端与从左到右第1个电阻的上端是否属于同一个电气节点（可由连续理想导线相连，且中间不经过元件）？","是","yes_no"
"qa_v7c_000632","img_0148","train__d1_electrical_225_png.rf.9dd6829de3d7e58743ea31709153bd18","images/img_0148.jpg","connectivity","terminal_same_node","medium","Do the upper terminal of the 3rd resistor from the left and the lower terminal of the 1st resistor from the left belong to the same electrical node, connected by continuous ideal wire without passing through a component?","从左到右第3个电阻的上端与从左到右第1个电阻的下端是否属于同一个电气节点（可由连续理想导线相连，且中间不经过元件）？","否","yes_no"
"qa_v7c_000633","img_0203","train__d1_electrical_229_png.rf.0fde3f5c0085edbd606edf821eadf688","images/img_0203.jpg","connectivity","terminal_same_node","medium","Do the right terminal of the 1st resistor from the left and the left terminal of the 2nd resistor from the left belong to the same electrical node, connected by continuous ideal wire without passing through a component?","从左到右第1个电阻的右端与从左到右第2个电阻的左端是否属于同一个电气节点（可由连续理想导线相连，且中间不经过元件）？","是","yes_no"
"qa_v7c_000634","img_0203","train__d1_electrical_229_png.rf.0fde3f5c0085edbd606edf821eadf688","images/img_0203.jpg","connectivity","terminal_same_node","medium","Do the lower terminal of the capacitor in the diagram and the upper terminal of the 2nd voltage source from the left belong to the same electrical node, connected by continuous ideal wire without passing through a component?","图中的电容的下端与从左到右第2个电压源的上端是否属于同一个电气节点（可由连续理想导线相连，且中间不经过元件）？","否","yes_no"
"qa_v7c_000635","img_0004","train__d1_electrical_241_png.rf.86e95f810d50b5748bfbb869f68f5e21","images/img_0004.jpg","connectivity","terminal_same_node","medium","Do the right terminal of the capacitor in the diagram and the right terminal of the resistor in the diagram belong to the same electrical node, connected by continuous ideal wire without passing through a component?","图中的电容的右端与图中的电阻的右端是否属于同一个电气节点（可由连续理想导线相连，且中间不经过元件）？","否","yes_no"
"qa_v7c_000636","img_0004","train__d1_electrical_241_png.rf.86e95f810d50b5748bfbb869f68f5e21","images/img_0004.jpg","connectivity","terminal_same_node","medium","Do the left terminal of the capacitor in the diagram and the right terminal of the resistor in the diagram belong to the same electrical node, connected by continuous ideal wire without passing through a component?","图中的电容的左端与图中的电阻的右端是否属于同一个电气节点（可由连续理想导线相连，且中间不经过元件）？","是","yes_no"
"qa_v7c_000637","img_0042","train__d1_electrical_245_png.rf.069c8f82e6cbdae672e4e1261f2cb036","images/img_0042.jpg","connectivity","terminal_same_node","medium","Do the lower terminal of the 3rd resistor from the left and the left terminal of the 2nd resistor from the left belong to the same electrical node, connected by continuous ideal wire without passing through a component?","从左到右第3个电阻的下端与从左到右第2个电阻的左端是否属于同一个电气节点（可由连续理想导线相连，且中间不经过元件）？","否","yes_no"
"qa_v7c_000638","img_0042","train__d1_electrical_245_png.rf.069c8f82e6cbdae672e4e1261f2cb036","images/img_0042.jpg","connectivity","terminal_same_node","medium","Do the lower terminal of the voltage source in the diagram and the lower terminal of the 3rd resistor from the left belong to the same electrical node, connected by continuous ideal wire without passing through a component?","图中的电压源的下端与从左到右第3个电阻的下端是否属于同一个电气节点（可由连续理想导线相连，且中间不经过元件）？","是","yes_no"
"qa_v7c_000639","img_0246","val__d1_259_png.rf.d887e4776d9e61aff1ed34b682eb8c6e","images/img_0246.jpg","connectivity","terminal_same_node","medium","Do the upper terminal of the 2nd inductor from the left and the right terminal of the 2nd resistor from the left belong to the same electrical node, connected by continuous ideal wire without passing through a component?","从左到右第2个电感的上端与从左到右第2个电阻的右端是否属于同一个电气节点（可由连续理想导线相连，且中间不经过元件）？","是","yes_no"
"qa_v7c_000640","img_0246","val__d1_259_png.rf.d887e4776d9e61aff1ed34b682eb8c6e","images/img_0246.jpg","connectivity","terminal_same_node","medium","Do the upper terminal of the 2nd inductor from the left and the upper terminal of the 3rd resistor from the left belong to the same electrical node, connected by continuous ideal wire without passing through a component?","从左到右第2个电感的上端与从左到右第3个电阻的上端是否属于同一个电气节点（可由连续理想导线相连，且中间不经过元件）？","否","yes_no"
"qa_v7c_000641","img_0387","val__d1_294_png.rf.4238c32fcd2fd4524f669caa791e6145","images/img_0387.jpg","connectivity","terminal_same_node","medium","Do the lower terminal of the capacitor in the diagram and the upper terminal of the inductor in the diagram belong to the same electrical node, connected by continuous ideal wire without passing through a component?","图中的电容的下端与图中的电感的上端是否属于同一个电气节点（可由连续理想导线相连，且中间不经过元件）？","否","yes_no"
"qa_v7c_000642","img_0117","val__d1_333_png.rf.3db1d7c87d9e918cc75a609d51d6ffaf","images/img_0117.jpg","connectivity","terminal_same_node","medium","Do the lower terminal of the 1st resistor from the left and the lower terminal of the 2nd resistor from the left belong to the same electrical node, connected by continuous ideal wire without passing through a component?","从左到右第1个电阻的下端与从左到右第2个电阻的下端是否属于同一个电气节点（可由连续理想导线相连，且中间不经过元件）？","否","yes_no"
"qa_v7c_000643","img_0117","val__d1_333_png.rf.3db1d7c87d9e918cc75a609d51d6ffaf","images/img_0117.jpg","connectivity","terminal_same_node","medium","Do the lower terminal of the voltage source in the diagram and the lower terminal of the capacitor in the diagram belong to the same electrical node, connected by continuous ideal wire without passing through a component?","图中的电压源的下端与图中的电容的下端是否属于同一个电气节点（可由连续理想导线相连，且中间不经过元件）？","是","yes_no"
"qa_v7c_000644","img_0074","val__d1_334_png.rf.8f188470052397129524dfcdd7bf1707","images/img_0074.jpg","connectivity","terminal_same_node","medium","Do the upper terminal of the capacitor in the diagram and the upper terminal of the voltage source in the diagram belong to the same electrical node, connected by continuous ideal wire without passing through a component?","图中的电容的上端与图中的电压源的上端是否属于同一个电气节点（可由连续理想导线相连，且中间不经过元件）？","是","yes_no"
"qa_v7c_000645","img_0074","val__d1_334_png.rf.8f188470052397129524dfcdd7bf1707","images/img_0074.jpg","connectivity","terminal_same_node","medium","Do the upper terminal of the inductor in the diagram and the lower terminal of the capacitor in the diagram belong to the same electrical node, connected by continuous ideal wire without passing through a component?","图中的电感的上端与图中的电容的下端是否属于同一个电气节点（可由连续理想导线相连，且中间不经过元件）？","否","yes_no"
"qa_v7c_000646","img_0174","val__d1_345_png.rf.5ecb256552a59bbf96eafed841bf0ae9","images/img_0174.jpg","connectivity","terminal_same_node","medium","Do the upper terminal of the 2nd capacitor from the left and the right terminal of the 1st resistor from the top belong to the same electrical node, connected by continuous ideal wire without passing through a component?","从左到右第2个电容的上端与从上到下第1个电阻的右端是否属于同一个电气节点（可由连续理想导线相连，且中间不经过元件）？","是","yes_no"
"qa_v7c_000647","img_0174","val__d1_345_png.rf.5ecb256552a59bbf96eafed841bf0ae9","images/img_0174.jpg","connectivity","terminal_same_node","medium","Do the upper terminal of the 2nd capacitor from the left and the left terminal of the 2nd resistor from the top belong to the same electrical node, connected by continuous ideal wire without passing through a component?","从左到右第2个电容的上端与从上到下第2个电阻的左端是否属于同一个电气节点（可由连续理想导线相连，且中间不经过元件）？","否","yes_no"
"qa_v7c_000648","img_0343","val__d1_autockt_-102_png.rf.b582d69dd5d547b4d2cd02a413301377","images/img_0343.jpg","connectivity","terminal_same_node","medium","Do the lower terminal of the 1st resistor from the left and the left terminal of the 1st capacitor from the top belong to the same electrical node, connected by continuous ideal wire without passing through a component?","从左到右第1个电阻的下端与从上到下第1个电容的左端是否属于同一个电气节点（可由连续理想导线相连，且中间不经过元件）？","否","yes_no"
"qa_v7c_000649","img_0343","val__d1_autockt_-102_png.rf.b582d69dd5d547b4d2cd02a413301377","images/img_0343.jpg","connectivity","terminal_same_node","medium","Do the upper terminal of the 2nd resistor from the left and the left terminal of the current source in the diagram belong to the same electrical node, connected by continuous ideal wire without passing through a component?","从左到右第2个电阻的上端与图中的电流源的左端是否属于同一个电气节点（可由连续理想导线相连，且中间不经过元件）？","是","yes_no"
"qa_v7c_000650","img_0210","val__d1_autockt_-118_png.rf.820cb90a4ae5718cae7723c42607c4ac","images/img_0210.jpg","connectivity","terminal_same_node","medium","Do the upper terminal of the 1st resistor from the left and the upper terminal of the 2nd resistor from the left belong to the same electrical node, connected by continuous ideal wire without passing through a component?","从左到右第1个电阻的上端与从左到右第2个电阻的上端是否属于同一个电气节点（可由连续理想导线相连，且中间不经过元件）？","否","yes_no"
"qa_v7c_000651","img_0210","val__d1_autockt_-118_png.rf.820cb90a4ae5718cae7723c42607c4ac","images/img_0210.jpg","connectivity","terminal_same_node","medium","Do the left terminal of the voltage source in the diagram and the upper terminal of the 1st resistor from the left belong to the same electrical node, connected by continuous ideal wire without passing through a component?","图中的电压源的左端与从左到右第1个电阻的上端是否属于同一个电气节点（可由连续理想导线相连，且中间不经过元件）？","是","yes_no"
"qa_v7c_000652","img_0264","val__d1_autockt_-146_png.rf.86f68b7871f07ab4d6a1173d6d68ece9","images/img_0264.jpg","connectivity","terminal_same_node","medium","Do the right terminal of the 1st voltage source from the top and the upper terminal of the 2nd resistor from the left belong to the same electrical node, connected by continuous ideal wire without passing through a component?","从上到下第1个电压源的右端与从左到右第2个电阻的上端是否属于同一个电气节点（可由连续理想导线相连，且中间不经过元件）？","是","yes_no"
"qa_v7c_000653","img_0264","val__d1_autockt_-146_png.rf.86f68b7871f07ab4d6a1173d6d68ece9","images/img_0264.jpg","connectivity","terminal_same_node","medium","Do the upper terminal of the inductor in the diagram and the left terminal of the 1st voltage source from the top belong to the same electrical node, connected by continuous ideal wire without passing through a component?","图中的电感的上端与从上到下第1个电压源的左端是否属于同一个电气节点（可由连续理想导线相连，且中间不经过元件）？","否","yes_no"
"qa_v7c_000654","img_0390","val__d1_autockt_-182_png.rf.112023098b4ed3cf6e317678d997359f","images/img_0390.jpg","connectivity","terminal_same_node","medium","Do the right terminal of the 2nd capacitor from the left and the lower terminal of the 1st resistor from the left belong to the same electrical node, connected by continuous ideal wire without passing through a component?","从左到右第2个电容的右端与从左到右第1个电阻的下端是否属于同一个电气节点（可由连续理想导线相连，且中间不经过元件）？","否","yes_no"
"qa_v7c_000655","img_0390","val__d1_autockt_-182_png.rf.112023098b4ed3cf6e317678d997359f","images/img_0390.jpg","connectivity","terminal_same_node","medium","Do the right terminal of the 2nd capacitor from the left and the right terminal of the 2nd current source from the left belong to the same electrical node, connected by continuous ideal wire without passing through a component?","从左到右第2个电容的右端与从左到右第2个电流源的右端是否属于同一个电气节点（可由连续理想导线相连，且中间不经过元件）？","是","yes_no"
"qa_v7c_000656","img_0235","val__d1_autockt_-184_png.rf.74d7b83f0cc90b544ed899c8f631c8e9","images/img_0235.jpg","connectivity","terminal_same_node","medium","Do the left terminal of the 2nd voltage source from the left and the lower terminal of the capacitor in the diagram belong to the same electrical node, connected by continuous ideal wire without passing through a component?","从左到右第2个电压源的左端与图中的电容的下端是否属于同一个电气节点（可由连续理想导线相连，且中间不经过元件）？","否","yes_no"
"qa_v7c_000657","img_0235","val__d1_autockt_-184_png.rf.74d7b83f0cc90b544ed899c8f631c8e9","images/img_0235.jpg","connectivity","terminal_same_node","medium","Do the lower terminal of the inductor in the diagram and the right terminal of the 1st resistor from the left belong to the same electrical node, connected by continuous ideal wire without passing through a component?","图中的电感的下端与从左到右第1个电阻的右端是否属于同一个电气节点（可由连续理想导线相连，且中间不经过元件）？","是","yes_no"
"qa_v7c_000658","img_0197","val__d1_autockt_-199_png.rf.478432346fa1f8695a53b744e8066535","images/img_0197.jpg","connectivity","terminal_same_node","medium","Do the right terminal of the 1st inductor from the top and the left terminal of the 3rd resistor from the left belong to the same electrical node, connected by continuous ideal wire without passing through a component?","从上到下第1个电感的右端与从左到右第3个电阻的左端是否属于同一个电气节点（可由连续理想导线相连，且中间不经过元件）？","是","yes_no"
"qa_v7c_000659","img_0197","val__d1_autockt_-199_png.rf.478432346fa1f8695a53b744e8066535","images/img_0197.jpg","connectivity","terminal_same_node","medium","Do the left terminal of the 1st inductor from the top and the lower terminal of the 1st resistor from the left belong to the same electrical node, connected by continuous ideal wire without passing through a component?","从上到下第1个电感的左端与从左到右第1个电阻的下端是否属于同一个电气节点（可由连续理想导线相连，且中间不经过元件）？","否","yes_no"
"qa_v7c_000660","img_0303","val__d1_autockt_-327_png.rf.52d2c0e9bdabc27ff298b2f0c751e4b3","images/img_0303.jpg","connectivity","terminal_same_node","medium","Do the upper terminal of the inductor in the diagram and the left terminal of the 2nd current source from the left belong to the same electrical node, connected by continuous ideal wire without passing through a component?","图中的电感的上端与从左到右第2个电流源的左端是否属于同一个电气节点（可由连续理想导线相连，且中间不经过元件）？","是","yes_no"
"qa_v7c_000661","img_0303","val__d1_autockt_-327_png.rf.52d2c0e9bdabc27ff298b2f0c751e4b3","images/img_0303.jpg","connectivity","terminal_same_node","medium","Do the lower terminal of the inductor in the diagram and the lower terminal of the capacitor in the diagram belong to the same electrical node, connected by continuous ideal wire without passing through a component?","图中的电感的下端与图中的电容的下端是否属于同一个电气节点（可由连续理想导线相连，且中间不经过元件）？","否","yes_no"
"qa_v7c_000662","img_0085","val__d1_autockt_-331_png.rf.c5bcb3756deecf1f7f5a273e3f931789","images/img_0085.jpg","connectivity","terminal_same_node","medium","Do the lower terminal of the 1st resistor from the top and the right terminal of the 2nd resistor from the top belong to the same electrical node, connected by continuous ideal wire without passing through a component?","从上到下第1个电阻的下端与从上到下第2个电阻的右端是否属于同一个电气节点（可由连续理想导线相连，且中间不经过元件）？","是","yes_no"
"qa_v7c_000663","img_0085","val__d1_autockt_-331_png.rf.c5bcb3756deecf1f7f5a273e3f931789","images/img_0085.jpg","connectivity","terminal_same_node","medium","Do the lower terminal of the inductor in the diagram and the lower terminal of the 1st resistor from the top belong to the same electrical node, connected by continuous ideal wire without passing through a component?","图中的电感的下端与从上到下第1个电阻的下端是否属于同一个电气节点（可由连续理想导线相连，且中间不经过元件）？","否","yes_no"
"qa_v7c_000664","img_0269","val__d1_autockt_-394_png.rf.a0aaca23cd386bdbacc108c8ffec09d1","images/img_0269.jpg","connectivity","terminal_same_node","medium","Do the left terminal of the 1st capacitor from the left and the lower terminal of the 1st current source from the left belong to the same electrical node, connected by continuous ideal wire without passing through a component?","从左到右第1个电容的左端与从左到右第1个电流源的下端是否属于同一个电气节点（可由连续理想导线相连，且中间不经过元件）？","是","yes_no"
"qa_v7c_000665","img_0269","val__d1_autockt_-394_png.rf.a0aaca23cd386bdbacc108c8ffec09d1","images/img_0269.jpg","connectivity","terminal_same_node","medium","Do the left terminal of the 1st capacitor from the left and the lower terminal of the 2nd capacitor from the left belong to the same electrical node, connected by continuous ideal wire without passing through a component?","从左到右第1个电容的左端与从左到右第2个电容的下端是否属于同一个电气节点（可由连续理想导线相连，且中间不经过元件）？","否","yes_no"
"qa_v7c_000666","img_0217","val__d1_autockt_-405_png.rf.a9934664132a21b374f7969738162978","images/img_0217.jpg","connectivity","terminal_same_node","medium","Do the lower terminal of the 1st resistor from the top and the left terminal of the 2nd resistor from the top belong to the same electrical node, connected by continuous ideal wire without passing through a component?","从上到下第1个电阻的下端与从上到下第2个电阻的左端是否属于同一个电气节点（可由连续理想导线相连，且中间不经过元件）？","是","yes_no"
"qa_v7c_000667","img_0217","val__d1_autockt_-405_png.rf.a9934664132a21b374f7969738162978","images/img_0217.jpg","connectivity","terminal_same_node","medium","Do the lower terminal of the 2nd voltage source from the left and the left terminal of the 2nd resistor from the top belong to the same electrical node, connected by continuous ideal wire without passing through a component?","从左到右第2个电压源的下端与从上到下第2个电阻的左端是否属于同一个电气节点（可由连续理想导线相连，且中间不经过元件）？","否","yes_no"
"qa_v7c_000668","img_0057","val__d1_autockt_-43_png.rf.464c4fe9515f8508b1a80459bfd6a844","images/img_0057.jpg","connectivity","terminal_same_node","medium","Do the upper terminal of the 2nd inductor from the left and the left terminal of the 1st resistor from the left belong to the same electrical node, connected by continuous ideal wire without passing through a component?","从左到右第2个电感的上端与从左到右第1个电阻的左端是否属于同一个电气节点（可由连续理想导线相连，且中间不经过元件）？","否","yes_no"
"qa_v7c_000669","img_0057","val__d1_autockt_-43_png.rf.464c4fe9515f8508b1a80459bfd6a844","images/img_0057.jpg","connectivity","terminal_same_node","medium","Do the right terminal of the capacitor in the diagram and the upper terminal of the 2nd resistor from the left belong to the same electrical node, connected by continuous ideal wire without passing through a component?","图中的电容的右端与从左到右第2个电阻的上端是否属于同一个电气节点（可由连续理想导线相连，且中间不经过元件）？","是","yes_no"
"qa_v7c_000670","img_0159","val__d1_autockt_-461_png.rf.ce8a873f888a1d139ddf66bdd4641e86","images/img_0159.jpg","connectivity","terminal_same_node","medium","Do the upper terminal of the voltage source in the diagram and the right terminal of the 1st resistor from the top belong to the same electrical node, connected by continuous ideal wire without passing through a component?","图中的电压源的上端与从上到下第1个电阻的右端是否属于同一个电气节点（可由连续理想导线相连，且中间不经过元件）？","是","yes_no"
"qa_v7c_000671","img_0113","val__d1_autockt_-480_png.rf.3d520aed2e871648a531cd7016aaf267","images/img_0113.jpg","connectivity","terminal_same_node","medium","Do the right terminal of the capacitor in the diagram and the right terminal of the current source in the diagram belong to the same electrical node, connected by continuous ideal wire without passing through a component?","图中的电容的右端与图中的电流源的右端是否属于同一个电气节点（可由连续理想导线相连，且中间不经过元件）？","是","yes_no"
"qa_v7c_000672","img_0113","val__d1_autockt_-480_png.rf.3d520aed2e871648a531cd7016aaf267","images/img_0113.jpg","connectivity","terminal_same_node","medium","Do the right terminal of the inductor in the diagram and the left terminal of the capacitor in the diagram belong to the same electrical node, connected by continuous ideal wire without passing through a component?","图中的电感的右端与图中的电容的左端是否属于同一个电气节点（可由连续理想导线相连，且中间不经过元件）？","否","yes_no"
"qa_v7c_000673","img_0001","val__d1_autockt_-524_png.rf.52999f62bdc0724c0f378e0275dbd427","images/img_0001.jpg","connectivity","terminal_same_node","medium","Do the upper terminal of the capacitor in the diagram and the right terminal of the 1st resistor from the top belong to the same electrical node, connected by continuous ideal wire without passing through a component?","图中的电容的上端与从上到下第1个电阻的右端是否属于同一个电气节点（可由连续理想导线相连，且中间不经过元件）？","否","yes_no"
"qa_v7c_000674","img_0001","val__d1_autockt_-524_png.rf.52999f62bdc0724c0f378e0275dbd427","images/img_0001.jpg","connectivity","terminal_same_node","medium","Do the upper terminal of the capacitor in the diagram and the left terminal of the 1st resistor from the top belong to the same electrical node, connected by continuous ideal wire without passing through a component?","图中的电容的上端与从上到下第1个电阻的左端是否属于同一个电气节点（可由连续理想导线相连，且中间不经过元件）？","是","yes_no"
"qa_v7c_000675","img_0028","val__d1_autockt_-532_png.rf.138fa05f36e89fee6e96f977abb70967","images/img_0028.jpg","connectivity","terminal_same_node","medium","Do the lower terminal of the 1st inductor from the left and the upper terminal of the 3rd resistor from the left belong to the same electrical node, connected by continuous ideal wire without passing through a component?","从左到右第1个电感的下端与从左到右第3个电阻的上端是否属于同一个电气节点（可由连续理想导线相连，且中间不经过元件）？","否","yes_no"
"qa_v7c_000676","img_0028","val__d1_autockt_-532_png.rf.138fa05f36e89fee6e96f977abb70967","images/img_0028.jpg","connectivity","terminal_same_node","medium","Do the left terminal of the 2nd resistor from the left and the right terminal of the 1st resistor from the left belong to the same electrical node, connected by continuous ideal wire without passing through a component?","从左到右第2个电阻的左端与从左到右第1个电阻的右端是否属于同一个电气节点（可由连续理想导线相连，且中间不经过元件）？","是","yes_no"
"qa_v7c_000677","img_0194","val__d1_autockt_-543_png.rf.992a853a208cd77d51a1aa31f972b9ab","images/img_0194.jpg","connectivity","terminal_same_node","medium","Do the lower terminal of the 1st inductor from the left and the left terminal of the 2nd inductor from the left belong to the same electrical node, connected by continuous ideal wire without passing through a component?","从左到右第1个电感的下端与从左到右第2个电感的左端是否属于同一个电气节点（可由连续理想导线相连，且中间不经过元件）？","是","yes_no"
"qa_v7c_000678","img_0194","val__d1_autockt_-543_png.rf.992a853a208cd77d51a1aa31f972b9ab","images/img_0194.jpg","connectivity","terminal_same_node","medium","Do the upper terminal of the 1st resistor from the left and the right terminal of the 2nd resistor from the left belong to the same electrical node, connected by continuous ideal wire without passing through a component?","从左到右第1个电阻的上端与从左到右第2个电阻的右端是否属于同一个电气节点（可由连续理想导线相连，且中间不经过元件）？","否","yes_no"
"qa_v7c_000679","img_0207","val__d1_autockt_-549_png.rf.cd7532f4fd6a7aef4f779a2cde3ae912","images/img_0207.jpg","connectivity","terminal_same_node","medium","Do the lower terminal of the 1st resistor from the left and the left terminal of the current source in the diagram belong to the same electrical node, connected by continuous ideal wire without passing through a component?","从左到右第1个电阻的下端与图中的电流源的左端是否属于同一个电气节点（可由连续理想导线相连，且中间不经过元件）？","是","yes_no"
"qa_v7c_000680","img_0207","val__d1_autockt_-549_png.rf.cd7532f4fd6a7aef4f779a2cde3ae912","images/img_0207.jpg","connectivity","terminal_same_node","medium","Do the lower terminal of the inductor in the diagram and the left terminal of the capacitor in the diagram belong to the same electrical node, connected by continuous ideal wire without passing through a component?","图中的电感的下端与图中的电容的左端是否属于同一个电气节点（可由连续理想导线相连，且中间不经过元件）？","否","yes_no"
"qa_v7c_000681","img_0110","val__d1_autockt_-565_png.rf.8f50369fd12957b8a7196cc75472f2ac","images/img_0110.jpg","connectivity","terminal_same_node","medium","Do the upper terminal of the 1st resistor from the top and the right terminal of the capacitor in the diagram belong to the same electrical node, connected by continuous ideal wire without passing through a component?","从上到下第1个电阻的上端与图中的电容的右端是否属于同一个电气节点（可由连续理想导线相连，且中间不经过元件）？","否","yes_no"
"qa_v7c_000682","img_0110","val__d1_autockt_-565_png.rf.8f50369fd12957b8a7196cc75472f2ac","images/img_0110.jpg","connectivity","terminal_same_node","medium","Do the right terminal of the capacitor in the diagram and the right terminal of the 2nd resistor from the top belong to the same electrical node, connected by continuous ideal wire without passing through a component?","图中的电容的右端与从上到下第2个电阻的右端是否属于同一个电气节点（可由连续理想导线相连，且中间不经过元件）？","是","yes_no"
"qa_v7c_000683","img_0376","val__d1_autockt_-585_png.rf.9cd4486d6855db118ad7cd039078803f","images/img_0376.jpg","connectivity","terminal_same_node","medium","Do the right terminal of the inductor in the diagram and the right terminal of the 2nd resistor from the left belong to the same electrical node, connected by continuous ideal wire without passing through a component?","图中的电感的右端与从左到右第2个电阻的右端是否属于同一个电气节点（可由连续理想导线相连，且中间不经过元件）？","否","yes_no"
"qa_v7c_000684","img_0376","val__d1_autockt_-585_png.rf.9cd4486d6855db118ad7cd039078803f","images/img_0376.jpg","connectivity","terminal_same_node","medium","Do the left terminal of the inductor in the diagram and the lower terminal of the 1st voltage source from the left belong to the same electrical node, connected by continuous ideal wire without passing through a component?","图中的电感的左端与从左到右第1个电压源的下端是否属于同一个电气节点（可由连续理想导线相连，且中间不经过元件）？","是","yes_no"
"qa_v7c_000685","img_0178","val__d1_autockt_-654_png.rf.69249dff5b09fd67a222a10a1abc71ec","images/img_0178.jpg","connectivity","terminal_same_node","medium","Do the left terminal of the 1st inductor from the left and the upper terminal of the 1st resistor from the left belong to the same electrical node, connected by continuous ideal wire without passing through a component?","从左到右第1个电感的左端与从左到右第1个电阻的上端是否属于同一个电气节点（可由连续理想导线相连，且中间不经过元件）？","是","yes_no"
"qa_v7c_000686","img_0178","val__d1_autockt_-654_png.rf.69249dff5b09fd67a222a10a1abc71ec","images/img_0178.jpg","connectivity","terminal_same_node","medium","Do the right terminal of the voltage source in the diagram and the lower terminal of the 1st resistor from the left belong to the same electrical node, connected by continuous ideal wire without passing through a component?","图中的电压源的右端与从左到右第1个电阻的下端是否属于同一个电气节点（可由连续理想导线相连，且中间不经过元件）？","否","yes_no"
"qa_v7c_000687","img_0300","val__d1_autockt_-668_png.rf.5c3239b14965cfbaa5dc6d65d05c12f4","images/img_0300.jpg","connectivity","terminal_same_node","medium","Do the left terminal of the inductor in the diagram and the upper terminal of the 1st resistor from the left belong to the same electrical node, connected by continuous ideal wire without passing through a component?","图中的电感的左端与从左到右第1个电阻的上端是否属于同一个电气节点（可由连续理想导线相连，且中间不经过元件）？","是","yes_no"
"qa_v7c_000688","img_0300","val__d1_autockt_-668_png.rf.5c3239b14965cfbaa5dc6d65d05c12f4","images/img_0300.jpg","connectivity","terminal_same_node","medium","Do the left terminal of the inductor in the diagram and the upper terminal of the 2nd resistor from the left belong to the same electrical node, connected by continuous ideal wire without passing through a component?","图中的电感的左端与从左到右第2个电阻的上端是否属于同一个电气节点（可由连续理想导线相连，且中间不经过元件）？","否","yes_no"
"qa_v7c_000689","img_0315","val__d1_autockt_-688_png.rf.cbba4105c6b09e12ecef94bebe25bbdb","images/img_0315.jpg","connectivity","terminal_same_node","medium","Do the upper terminal of the inductor in the diagram and the right terminal of the 1st resistor from the top belong to the same electrical node, connected by continuous ideal wire without passing through a component?","图中的电感的上端与从上到下第1个电阻的右端是否属于同一个电气节点（可由连续理想导线相连，且中间不经过元件）？","是","yes_no"
"qa_v7c_000690","img_0315","val__d1_autockt_-688_png.rf.cbba4105c6b09e12ecef94bebe25bbdb","images/img_0315.jpg","connectivity","terminal_same_node","medium","Do the lower terminal of the inductor in the diagram and the lower terminal of the 2nd resistor from the top belong to the same electrical node, connected by continuous ideal wire without passing through a component?","图中的电感的下端与从上到下第2个电阻的下端是否属于同一个电气节点（可由连续理想导线相连，且中间不经过元件）？","否","yes_no"
"qa_v7c_000691","img_0245","val__d1_autockt_-689_png.rf.95614017f39c9d3857628ab539eba831","images/img_0245.jpg","connectivity","terminal_same_node","medium","Do the left terminal of the 1st inductor from the left and the upper terminal of the voltage source in the diagram belong to the same electrical node, connected by continuous ideal wire without passing through a component?","从左到右第1个电感的左端与图中的电压源的上端是否属于同一个电气节点（可由连续理想导线相连，且中间不经过元件）？","是","yes_no"
"qa_v7c_000692","img_0245","val__d1_autockt_-689_png.rf.95614017f39c9d3857628ab539eba831","images/img_0245.jpg","connectivity","terminal_same_node","medium","Do the lower terminal of the voltage source in the diagram and the right terminal of the 1st resistor from the top belong to the same electrical node, connected by continuous ideal wire without passing through a component?","图中的电压源的下端与从上到下第1个电阻的右端是否属于同一个电气节点（可由连续理想导线相连，且中间不经过元件）？","否","yes_no"
"qa_v7c_000693","img_0021","val__d1_autockt_-697_png.rf.c2a1c10acc2a7250500704c92f21f21f","images/img_0021.jpg","connectivity","terminal_same_node","medium","Do the left terminal of the 1st inductor from the left and the lower terminal of the 1st resistor from the left belong to the same electrical node, connected by continuous ideal wire without passing through a component?","从左到右第1个电感的左端与从左到右第1个电阻的下端是否属于同一个电气节点（可由连续理想导线相连，且中间不经过元件）？","是","yes_no"
"qa_v7c_000694","img_0021","val__d1_autockt_-697_png.rf.c2a1c10acc2a7250500704c92f21f21f","images/img_0021.jpg","connectivity","terminal_same_node","medium","Do the lower terminal of the 1st resistor from the left and the right terminal of the current source in the diagram belong to the same electrical node, connected by continuous ideal wire without passing through a component?","从左到右第1个电阻的下端与图中的电流源的右端是否属于同一个电气节点（可由连续理想导线相连，且中间不经过元件）？","否","yes_no"
"qa_v7c_000695","img_0294","val__d1_autockt_-738_png.rf.b208a49ee47e75d7def815a423dbbe1b","images/img_0294.jpg","connectivity","terminal_same_node","medium","Do the right terminal of the capacitor in the diagram and the lower terminal of the 2nd resistor from the left belong to the same electrical node, connected by continuous ideal wire without passing through a component?","图中的电容的右端与从左到右第2个电阻的下端是否属于同一个电气节点（可由连续理想导线相连，且中间不经过元件）？","是","yes_no"
"qa_v7c_000696","img_0140","val__d1_autockt_-768_png.rf.78d467f998f226aa2595f90efa1cefa8","images/img_0140.jpg","connectivity","terminal_same_node","medium","Do the right terminal of the capacitor in the diagram and the right terminal of the inductor in the diagram belong to the same electrical node, connected by continuous ideal wire without passing through a component?","图中的电容的右端与图中的电感的右端是否属于同一个电气节点（可由连续理想导线相连，且中间不经过元件）？","否","yes_no"
"qa_v7c_000697","img_0211","val__d1_autockt_-777_png.rf.d94f26464495fd91ffbfb9f789bfb6e7","images/img_0211.jpg","connectivity","terminal_same_node","medium","Do the right terminal of the 1st resistor from the left and the lower terminal of the capacitor in the diagram belong to the same electrical node, connected by continuous ideal wire without passing through a component?","从左到右第1个电阻的右端与图中的电容的下端是否属于同一个电气节点（可由连续理想导线相连，且中间不经过元件）？","是","yes_no"
"qa_v7c_000698","img_0211","val__d1_autockt_-777_png.rf.d94f26464495fd91ffbfb9f789bfb6e7","images/img_0211.jpg","connectivity","terminal_same_node","medium","Do the right terminal of the inductor in the diagram and the lower terminal of the 2nd resistor from the left belong to the same electrical node, connected by continuous ideal wire without passing through a component?","图中的电感的右端与从左到右第2个电阻的下端是否属于同一个电气节点（可由连续理想导线相连，且中间不经过元件）？","否","yes_no"
"qa_v7c_000699","img_0007","val__d1_autockt_-803_png.rf.681fb84d12900583f86eaf05720a6915","images/img_0007.jpg","connectivity","terminal_same_node","medium","Do the right terminal of the 1st inductor from the top and the upper terminal of the 2nd resistor from the left belong to the same electrical node, connected by continuous ideal wire without passing through a component?","从上到下第1个电感的右端与从左到右第2个电阻的上端是否属于同一个电气节点（可由连续理想导线相连，且中间不经过元件）？","否","yes_no"
"qa_v7c_000700","img_0007","val__d1_autockt_-803_png.rf.681fb84d12900583f86eaf05720a6915","images/img_0007.jpg","connectivity","terminal_same_node","medium","Do the right terminal of the 1st inductor from the top and the upper terminal of the current source in the diagram belong to the same electrical node, connected by continuous ideal wire without passing through a component?","从上到下第1个电感的右端与图中的电流源的上端是否属于同一个电气节点（可由连续理想导线相连，且中间不经过元件）？","是","yes_no"
"qa_v7c_000701","img_0310","val__d1_autockt_-813_png.rf.130c8a0fbaf97146f2938036426dd5d6","images/img_0310.jpg","connectivity","terminal_same_node","medium","Do the right terminal of the 1st inductor from the left and the left terminal of the 2nd inductor from the left belong to the same electrical node, connected by continuous ideal wire without passing through a component?","从左到右第1个电感的右端与从左到右第2个电感的左端是否属于同一个电气节点（可由连续理想导线相连，且中间不经过元件）？","是","yes_no"
"qa_v7c_000702","img_0310","val__d1_autockt_-813_png.rf.130c8a0fbaf97146f2938036426dd5d6","images/img_0310.jpg","connectivity","terminal_same_node","medium","Do the lower terminal of the 2nd resistor from the left and the right terminal of the 1st inductor from the left belong to the same electrical node, connected by continuous ideal wire without passing through a component?","从左到右第2个电阻的下端与从左到右第1个电感的右端是否属于同一个电气节点（可由连续理想导线相连，且中间不经过元件）？","否","yes_no"
"qa_v7c_000703","img_0202","val__d1_autockt_-83_png.rf.aebffdee0861612f670d3d6a99331654","images/img_0202.jpg","connectivity","terminal_same_node","medium","Do the upper terminal of the 1st resistor from the top and the right terminal of the 2nd resistor from the top belong to the same electrical node, connected by continuous ideal wire without passing through a component?","从上到下第1个电阻的上端与从上到下第2个电阻的右端是否属于同一个电气节点（可由连续理想导线相连，且中间不经过元件）？","否","yes_no"
"qa_v7c_000704","img_0202","val__d1_autockt_-83_png.rf.aebffdee0861612f670d3d6a99331654","images/img_0202.jpg","connectivity","terminal_same_node","medium","Do the lower terminal of the 1st resistor from the top and the right terminal of the 2nd resistor from the top belong to the same electrical node, connected by continuous ideal wire without passing through a component?","从上到下第1个电阻的下端与从上到下第2个电阻的右端是否属于同一个电气节点（可由连续理想导线相连，且中间不经过元件）？","是","yes_no"
"qa_v7c_000705","img_0213","val__d1_autockt_-864_png.rf.a30d6421fcc3270417479733bc3f4b50","images/img_0213.jpg","connectivity","terminal_same_node","medium","Do the lower terminal of the 2nd voltage source from the left and the right terminal of the 2nd resistor from the left belong to the same electrical node, connected by continuous ideal wire without passing through a component?","从左到右第2个电压源的下端与从左到右第2个电阻的右端是否属于同一个电气节点（可由连续理想导线相连，且中间不经过元件）？","是","yes_no"
"qa_v7c_000706","img_0213","val__d1_autockt_-864_png.rf.a30d6421fcc3270417479733bc3f4b50","images/img_0213.jpg","connectivity","terminal_same_node","medium","Do the right terminal of the capacitor in the diagram and the left terminal of the inductor in the diagram belong to the same electrical node, connected by continuous ideal wire without passing through a component?","图中的电容的右端与图中的电感的左端是否属于同一个电气节点（可由连续理想导线相连，且中间不经过元件）？","否","yes_no"
"qa_v7c_000707","img_0296","val__d1_autockt_-92_png.rf.0fcc99f416b1b821a84c8fc52c2b28ca","images/img_0296.jpg","connectivity","terminal_same_node","medium","Do the left terminal of the voltage source in the diagram and the left terminal of the inductor in the diagram belong to the same electrical node, connected by continuous ideal wire without passing through a component?","图中的电压源的左端与图中的电感的左端是否属于同一个电气节点（可由连续理想导线相连，且中间不经过元件）？","否","yes_no"
"qa_v7c_000708","img_0296","val__d1_autockt_-92_png.rf.0fcc99f416b1b821a84c8fc52c2b28ca","images/img_0296.jpg","connectivity","terminal_same_node","medium","Do the left terminal of the inductor in the diagram and the lower terminal of the current source in the diagram belong to the same electrical node, connected by continuous ideal wire without passing through a component?","图中的电感的左端与图中的电流源的下端是否属于同一个电气节点（可由连续理想导线相连，且中间不经过元件）？","是","yes_no"
"qa_v7c_000709","img_0089","val__d1_autockt_-97_png.rf.834fb78a8dabec1a526247e47133839e","images/img_0089.jpg","connectivity","terminal_same_node","medium","Do the lower terminal of the 2nd resistor from the top and the right terminal of the 1st resistor from the top belong to the same electrical node, connected by continuous ideal wire without passing through a component?","从上到下第2个电阻的下端与从上到下第1个电阻的右端是否属于同一个电气节点（可由连续理想导线相连，且中间不经过元件）？","否","yes_no"
"qa_v7c_000710","img_0089","val__d1_autockt_-97_png.rf.834fb78a8dabec1a526247e47133839e","images/img_0089.jpg","connectivity","terminal_same_node","medium","Do the lower terminal of the 2nd resistor from the top and the left terminal of the 3rd resistor from the top belong to the same electrical node, connected by continuous ideal wire without passing through a component?","从上到下第2个电阻的下端与从上到下第3个电阻的左端是否属于同一个电气节点（可由连续理想导线相连，且中间不经过元件）？","是","yes_no"
"qa_v7c_000711","img_0006","val__d1_electrical_173_png.rf.a46fda1563bd74e7bcbb40d0af2308ee","images/img_0006.jpg","connectivity","terminal_same_node","medium","Do the left terminal of the voltage source in the diagram and the left terminal of the resistor in the diagram belong to the same electrical node, connected by continuous ideal wire without passing through a component?","图中的电压源的左端与图中的电阻的左端是否属于同一个电气节点（可由连续理想导线相连，且中间不经过元件）？","是","yes_no"
"qa_v7c_000712","img_0006","val__d1_electrical_173_png.rf.a46fda1563bd74e7bcbb40d0af2308ee","images/img_0006.jpg","connectivity","terminal_same_node","medium","Do the right terminal of the inductor in the diagram and the left terminal of the resistor in the diagram belong to the same electrical node, connected by continuous ideal wire without passing through a component?","图中的电感的右端与图中的电阻的左端是否属于同一个电气节点（可由连续理想导线相连，且中间不经过元件）？","否","yes_no"
"qa_v7c_000713","img_0098","val__d1_electrical_180_png.rf.1858dd5c649ee5f0916e1fedc18cdffc","images/img_0098.jpg","connectivity","terminal_same_node","medium","Do the right terminal of the 1st resistor from the top and the left terminal of the inductor in the diagram belong to the same electrical node, connected by continuous ideal wire without passing through a component?","从上到下第1个电阻的右端与图中的电感的左端是否属于同一个电气节点（可由连续理想导线相连，且中间不经过元件）？","是","yes_no"
"qa_v7c_000714","img_0098","val__d1_electrical_180_png.rf.1858dd5c649ee5f0916e1fedc18cdffc","images/img_0098.jpg","connectivity","terminal_same_node","medium","Do the left terminal of the capacitor in the diagram and the left terminal of the voltage source in the diagram belong to the same electrical node, connected by continuous ideal wire without passing through a component?","图中的电容的左端与图中的电压源的左端是否属于同一个电气节点（可由连续理想导线相连，且中间不经过元件）？","否","yes_no"
"qa_v7c_000715","img_0134","val__d1_electrical_181_png.rf.aa877c14c9c726983564055b36c46895","images/img_0134.jpg","connectivity","terminal_same_node","medium","Do the left terminal of the 1st resistor from the top and the right terminal of the 2nd resistor from the top belong to the same electrical node, connected by continuous ideal wire without passing through a component?","从上到下第1个电阻的左端与从上到下第2个电阻的右端是否属于同一个电气节点（可由连续理想导线相连，且中间不经过元件）？","否","yes_no"
"qa_v7c_000716","img_0134","val__d1_electrical_181_png.rf.aa877c14c9c726983564055b36c46895","images/img_0134.jpg","connectivity","terminal_same_node","medium","Do the left terminal of the 1st resistor from the top and the left terminal of the 2nd resistor from the top belong to the same electrical node, connected by continuous ideal wire without passing through a component?","从上到下第1个电阻的左端与从上到下第2个电阻的左端是否属于同一个电气节点（可由连续理想导线相连，且中间不经过元件）？","是","yes_no"
"qa_v7c_000717","img_0272","val__d1_electrical_217_png.rf.c801bcddebfab2ceb23bddc1d8043d0d","images/img_0272.jpg","connectivity","terminal_same_node","medium","Do the right terminal of the inductor in the diagram and the right terminal of the 1st resistor from the top belong to the same electrical node, connected by continuous ideal wire without passing through a component?","图中的电感的右端与从上到下第1个电阻的右端是否属于同一个电气节点（可由连续理想导线相连，且中间不经过元件）？","否","yes_no"
"qa_v7c_000718","img_0272","val__d1_electrical_217_png.rf.c801bcddebfab2ceb23bddc1d8043d0d","images/img_0272.jpg","connectivity","terminal_same_node","medium","Do the right terminal of the inductor in the diagram and the right terminal of the capacitor in the diagram belong to the same electrical node, connected by continuous ideal wire without passing through a component?","图中的电感的右端与图中的电容的右端是否属于同一个电气节点（可由连续理想导线相连，且中间不经过元件）？","是","yes_no"
"qa_v7c_000719","img_0067","val__d1_electrical_247_png.rf.eb5dda8013452137840aac20985f3ba3","images/img_0067.jpg","connectivity","terminal_same_node","medium","Do the lower terminal of the 3rd inductor from the left and the lower terminal of the 1st inductor from the left belong to the same electrical node, connected by continuous ideal wire without passing through a component?","从左到右第3个电感的下端与从左到右第1个电感的下端是否属于同一个电气节点（可由连续理想导线相连，且中间不经过元件）？","是","yes_no"
"qa_v7c_000720","img_0067","val__d1_electrical_247_png.rf.eb5dda8013452137840aac20985f3ba3","images/img_0067.jpg","connectivity","terminal_same_node","medium","Do the lower terminal of the 3rd inductor from the left and the left terminal of the 1st resistor from the left belong to the same electrical node, connected by continuous ideal wire without passing through a component?","从左到右第3个电感的下端与从左到右第1个电阻的左端是否属于同一个电气节点（可由连续理想导线相连，且中间不经过元件）？","否","yes_no"
"qa_v6f_000129","img_0208","test500__d1_309_png.rf.afb52851067e1c0aa9cc92104fb60ea9","images/img_0208.jpg","count","component_count","easy","How many capacitors are present in the complete circuit diagram? Answer with a number only.","图中共有多少个电容？请只回答数字。","1","number"
"qa_v6f_001993","img_0318","test500__d1_310_png.rf.dc8f3a60bf4e73925fb5238b4af6f3e3","images/img_0318.jpg","count","component_count","easy","How many voltage sources are present in the complete circuit diagram? Answer with a number only.","图中共有多少个电压源？请只回答数字。","1","number"
"qa_v6f_000123","img_0384","test500__d1_325_png.rf.31dc60fd6d045420fa8a5dc06a695239","images/img_0384.jpg","count","component_count","easy","How many voltage sources are present in the complete circuit diagram? Answer with a number only.","图中共有多少个电压源？请只回答数字。","1","number"
"qa_v6f_000783","img_0280","test500__d1_autockt_-120_png.rf.a3bb85cd2691e63707e94d871b483d23","images/img_0280.jpg","count","component_count","easy","How many voltage sources are present in the complete circuit diagram? Answer with a number only.","图中共有多少个电压源？请只回答数字。","1","number"
"qa_v6f_001751","img_0346","test500__d1_autockt_-140_png.rf.6e25f3bdff0e1261b22787f21e39c79b","images/img_0346.jpg","count","component_count","easy","How many current sources are present in the complete circuit diagram? Answer with a number only.","图中共有多少个电流源？请只回答数字。","1","number"
"qa_v6f_001491","img_0263","test500__d1_autockt_-143_png.rf.ee52e4aba23f19f81e6d3c3f9e9d58f5","images/img_0263.jpg","count","component_count","easy","How many voltage sources are present in the complete circuit diagram? Answer with a number only.","图中共有多少个电压源？请只回答数字。","1","number"
"qa_v6f_002280","img_0016","test500__d1_autockt_-17_png.rf.20abd76f3e8e09baca303cf10e7c04ab","images/img_0016.jpg","count","component_count","easy","How many capacitors are present in the complete circuit diagram? Answer with a number only.","图中共有多少个电容？请只回答数字。","1","number"
"qa_v6f_000885","img_0377","test500__d1_autockt_-1_png.rf.23fcfeb82e2f264cab71ec3c38455ac2","images/img_0377.jpg","count","component_count","easy","How many capacitors are present in the complete circuit diagram? Answer with a number only.","图中共有多少个电容？请只回答数字。","1","number"
"qa_v6f_000241","img_0307","test500__d1_autockt_-223_png.rf.3e860cd6dfaa923148f9112c02dc7598","images/img_0307.jpg","count","component_count","easy","How many inductors are present in the complete circuit diagram? Answer with a number only.","图中共有多少个电感？请只回答数字。","1","number"
"qa_v6f_001698","img_0221","test500__d1_autockt_-229_png.rf.2c54b82e1a3ca25e677ad8a85ddec714","images/img_0221.jpg","count","component_count","easy","How many voltage sources are present in the complete circuit diagram? Answer with a number only.","图中共有多少个电压源？请只回答数字。","1","number"
"qa_v6f_002237","img_0325","test500__d1_autockt_-27_png.rf.7f9527e137bd26978e6705e8c0f8af91","images/img_0325.jpg","count","component_count","easy","How many resistors are present in the complete circuit diagram? Answer with a number only.","图中共有多少个电阻？请只回答数字。","2","number"
"qa_v6f_000918","img_0011","test500__d1_autockt_-286_png.rf.9929c6bed5a7e2439e2f2d28f17bccc8","images/img_0011.jpg","count","component_count","easy","How many voltage sources are present in the complete circuit diagram? Answer with a number only.","图中共有多少个电压源？请只回答数字。","1","number"
"qa_v6f_000201","img_0109","test500__d1_autockt_-31_png.rf.ddb8fa3af873912460684b7ce817468d","images/img_0109.jpg","count","component_count","easy","How many capacitors are present in the complete circuit diagram? Answer with a number only.","图中共有多少个电容？请只回答数字。","1","number"
"qa_v6f_000835","img_0238","test500__d1_autockt_-345_png.rf.a38dcd7bd83e33b9fe65822085d37b2e","images/img_0238.jpg","count","component_count","easy","How many resistors are present in the complete circuit diagram? Answer with a number only.","图中共有多少个电阻？请只回答数字。","3","number"
"qa_v6f_000082","img_0332","test500__d1_autockt_-358_png.rf.2e4a547ba612ed2069d0b175f4d56524","images/img_0332.jpg","count","component_count","easy","How many resistors are present in the complete circuit diagram? Answer with a number only.","图中共有多少个电阻？请只回答数字。","3","number"
"qa_v6f_000661","img_0219","test500__d1_autockt_-360_png.rf.099ca8cd253c336716ea7c6e06a4fb04","images/img_0219.jpg","count","component_count","easy","How many voltage sources are present in the complete circuit diagram? Answer with a number only.","图中共有多少个电压源？请只回答数字。","2","number"
"qa_v6f_002298","img_0160","test500__d1_autockt_-369_png.rf.09448f550cb4389133033c981bf1a41d","images/img_0160.jpg","count","component_count","easy","How many inductors are present in the complete circuit diagram? Answer with a number only.","图中共有多少个电感？请只回答数字。","2","number"
"qa_v6f_000978","img_0090","test500__d1_autockt_-406_png.rf.cfbb7ac16fd4972ab5b62de3fa6b5b5e","images/img_0090.jpg","count","component_count","easy","How many resistors are present in the complete circuit diagram? Answer with a number only.","图中共有多少个电阻？请只回答数字。","2","number"
"qa_v6f_001224","img_0049","test500__d1_autockt_-410_png.rf.44ccc47e54e47d86c42574ac1fa36b65","images/img_0049.jpg","count","component_count","easy","How many inductors are present in the complete circuit diagram? Answer with a number only.","图中共有多少个电感？请只回答数字。","2","number"
"qa_v6f_000842","img_0093","test500__d1_autockt_-44_png.rf.f652b850f1528945c70301cf9776d1bd","images/img_0093.jpg","count","component_count","easy","How many inductors are present in the complete circuit diagram? Answer with a number only.","图中共有多少个电感？请只回答数字。","1","number"
"qa_v6f_001741","img_0240","test500__d1_autockt_-456_png.rf.b924ebf7b6b5ebdfa540234451657449","images/img_0240.jpg","count","component_count","easy","How many inductors are present in the complete circuit diagram? Answer with a number only.","图中共有多少个电感？请只回答数字。","2","number"
"qa_v6f_001747","img_0183","test500__d1_autockt_-476_png.rf.c821a562c47d858f4f2eb0572308e6b6","images/img_0183.jpg","count","component_count","easy","How many resistors are present in the complete circuit diagram? Answer with a number only.","图中共有多少个电阻？请只回答数字。","2","number"
"qa_v6f_001010","img_0397","test500__d1_autockt_-4_png.rf.716ac1688a4e9b882624ca6b52d58fa5","images/img_0397.jpg","count","component_count","easy","How many capacitors are present in the complete circuit diagram? Answer with a number only.","图中共有多少个电容？请只回答数字。","1","number"
"qa_v6f_000128","img_0156","test500__d1_autockt_-503_png.rf.e9d14bb7212e648f520164102d28d174","images/img_0156.jpg","count","component_count","easy","How many capacitors are present in the complete circuit diagram? Answer with a number only.","图中共有多少个电容？请只回答数字。","1","number"
"qa_v6f_000527","img_0224","test500__d1_autockt_-527_png.rf.836d7a4c4a0d35cc12451c5a57662428","images/img_0224.jpg","count","component_count","easy","How many voltage sources are present in the complete circuit diagram? Answer with a number only.","图中共有多少个电压源？请只回答数字。","1","number"
"qa_v6f_000603","img_0314","test__d1_autockt_-96_png.rf.11104925e4ccc62d530421c31b93915c","images/img_0314.jpg","count","component_count","easy","How many capacitors are present in the complete circuit diagram? Answer with a number only.","图中共有多少个电容？请只回答数字。","2","number"
"qa_v6f_001294","img_0361","train__d1_308_png.rf.6f5be5464281f6a841faa477896004f7","images/img_0361.jpg","count","component_count","easy","How many voltage sources are present in the complete circuit diagram? Answer with a number only.","图中共有多少个电压源？请只回答数字。","1","number"
"qa_v6f_001552","img_0020","train__d1_313_png.rf.a773497ac80844357238819e95003acc","images/img_0020.jpg","count","component_count","easy","How many resistors are present in the complete circuit diagram? Answer with a number only.","图中共有多少个电阻？请只回答数字。","1","number"
"qa_v6f_000850","img_0047","train__d1_315_png.rf.c9cbc3ced564aabb2910b9f4f64ab7c5","images/img_0047.jpg","count","component_count","easy","How many resistors are present in the complete circuit diagram? Answer with a number only.","图中共有多少个电阻？请只回答数字。","1","number"
"qa_v6f_002092","img_0353","train__d1_316_png.rf.c8e95c59bb0d01d9f6804d1f7d651803","images/img_0353.jpg","count","component_count","easy","How many capacitors are present in the complete circuit diagram? Answer with a number only.","图中共有多少个电容？请只回答数字。","1","number"
"qa_v6f_001894","img_0364","train__d1_319_png.rf.aacdc27c284107173b249fb0e754abf2","images/img_0364.jpg","count","component_count","easy","How many capacitors are present in the complete circuit diagram? Answer with a number only.","图中共有多少个电容？请只回答数字。","1","number"
"qa_v6f_002263","img_0061","train__d1_322_png.rf.d00d43465079ff29554c34c060881550","images/img_0061.jpg","count","component_count","easy","How many capacitors are present in the complete circuit diagram? Answer with a number only.","图中共有多少个电容？请只回答数字。","1","number"
"qa_v6f_000396","img_0014","train__d1_323_png.rf.5c42726992727e25a463c24c47520a55","images/img_0014.jpg","count","component_count","easy","How many resistors are present in the complete circuit diagram? Answer with a number only.","图中共有多少个电阻？请只回答数字。","1","number"
"qa_v6f_002008","img_0130","train__d1_329_png.rf.25218716573093ee81a3b7d085ade787","images/img_0130.jpg","count","component_count","easy","How many resistors are present in the complete circuit diagram? Answer with a number only.","图中共有多少个电阻？请只回答数字。","1","number"
"qa_v6f_002400","img_0039","train__d1_335_png.rf.1e10b956147a81cb707a8695cf046bdf","images/img_0039.jpg","count","component_count","easy","How many capacitors are present in the complete circuit diagram? Answer with a number only.","图中共有多少个电容？请只回答数字。","1","number"
"qa_v6f_002136","img_0223","train__d1_338_png.rf.975c4c8fc8f632485152275204aa41e4","images/img_0223.jpg","count","component_count","easy","How many inductors are present in the complete circuit diagram? Answer with a number only.","图中共有多少个电感？请只回答数字。","1","number"
"qa_v6f_001036","img_0355","train__d1_340_png.rf.9abf8fc7cffaeada3d4548c6c15ceacb","images/img_0355.jpg","count","component_count","easy","How many resistors are present in the complete circuit diagram? Answer with a number only.","图中共有多少个电阻？请只回答数字。","1","number"
"qa_v6f_000263","img_0291","train__d1_342_png.rf.8d4df72c442c9034af89742cc95379d3","images/img_0291.jpg","count","component_count","easy","How many voltage sources are present in the complete circuit diagram? Answer with a number only.","图中共有多少个电压源？请只回答数字。","1","number"
"qa_v6f_002232","img_0185","train__d1_343_png.rf.a44e3839b619f7004b0df0df8ebaf147","images/img_0185.jpg","count","component_count","easy","How many capacitors are present in the complete circuit diagram? Answer with a number only.","图中共有多少个电容？请只回答数字。","1","number"
"qa_v6f_002010","img_0324","train__d1_359_png.rf.b712616805df8cda55c99b49e65c0e7b","images/img_0324.jpg","count","component_count","easy","How many voltage sources are present in the complete circuit diagram? Answer with a number only.","图中共有多少个电压源？请只回答数字。","1","number"
"qa_v6f_000916","img_0052","train__d1_362_png.rf.aa20b54541169e66a7ab0e3201f837a7","images/img_0052.jpg","count","component_count","easy","How many resistors are present in the complete circuit diagram? Answer with a number only.","图中共有多少个电阻？请只回答数字。","1","number"
"qa_v6f_002225","img_0344","train__d1_365_png.rf.8235d6e9dd969f0decd6c9037b3d837b","images/img_0344.jpg","count","component_count","easy","How many voltage sources are present in the complete circuit diagram? Answer with a number only.","图中共有多少个电压源？请只回答数字。","1","number"
"qa_v6f_001407","img_0365","train__d1_367_png.rf.9ae29d133562c9e4a9b09148be205207","images/img_0365.jpg","count","component_count","easy","How many inductors are present in the complete circuit diagram? Answer with a number only.","图中共有多少个电感？请只回答数字。","1","number"
"qa_v6f_000275","img_0256","train__d1_373_png.rf.482c6e1dafc157525d65b11a7e0e22ad","images/img_0256.jpg","count","component_count","easy","How many inductors are present in the complete circuit diagram? Answer with a number only.","图中共有多少个电感？请只回答数字。","1","number"
"qa_v6f_000968","img_0143","train__d1_374_png.rf.536a4d55fbd2da73dd69d29569926a6b","images/img_0143.jpg","count","component_count","easy","How many voltage sources are present in the complete circuit diagram? Answer with a number only.","图中共有多少个电压源？请只回答数字。","1","number"
"qa_v6f_002246","img_0139","train__d1_386_png.rf.a82dbff91efeb4e0d09d02c01383fad0","images/img_0139.jpg","count","component_count","easy","How many capacitors are present in the complete circuit diagram? Answer with a number only.","图中共有多少个电容？请只回答数字。","1","number"
"qa_v6f_001511","img_0101","train__d1_391_png.rf.b9002b71a942ca47b9acd4d532322e0d","images/img_0101.jpg","count","component_count","easy","How many resistors are present in the complete circuit diagram? Answer with a number only.","图中共有多少个电阻？请只回答数字。","1","number"
"qa_v6f_001826","img_0265","train__d1_397_png.rf.0b8b32cd438271372418b756f44b40b6","images/img_0265.jpg","count","component_count","easy","How many inductors are present in the complete circuit diagram? Answer with a number only.","图中共有多少个电感？请只回答数字。","1","number"
"qa_v6f_001408","img_0380","train__d1_autockt_-109_png.rf.d84fb18ba91a62c80909c60f51cfc087","images/img_0380.jpg","count","component_count","easy","How many voltage sources are present in the complete circuit diagram? Answer with a number only.","图中共有多少个电压源？请只回答数字。","2","number"
"qa_v6f_000203","img_0200","train__d1_autockt_-113_png.rf.55a0c3902d7e4ba7a990ce81436de3a6","images/img_0200.jpg","count","component_count","easy","How many capacitors are present in the complete circuit diagram? Answer with a number only.","图中共有多少个电容？请只回答数字。","1","number"
"qa_v6f_001895","img_0123","train__d1_autockt_-119_png.rf.a37a75551c934c7871b131c8daa630be","images/img_0123.jpg","count","component_count","easy","How many inductors are present in the complete circuit diagram? Answer with a number only.","图中共有多少个电感？请只回答数字。","1","number"
"qa_v6f_000539","img_0095","train__d1_autockt_-124_png.rf.ed6cee6453173739f2b209b7b250015e","images/img_0095.jpg","count","component_count","easy","How many voltage sources are present in the complete circuit diagram? Answer with a number only.","图中共有多少个电压源？请只回答数字。","1","number"
"qa_v6f_001116","img_0241","train__d1_autockt_-132_png.rf.1b0f492f817fbdb706f85f9c4ce4d6bb","images/img_0241.jpg","count","component_count","easy","How many resistors are present in the complete circuit diagram? Answer with a number only.","图中共有多少个电阻？请只回答数字。","3","number"
"qa_v6f_001614","img_0196","train__d1_autockt_-135_png.rf.1c27c76accc8d18c84f58823d2775d5b","images/img_0196.jpg","count","component_count","easy","How many capacitors are present in the complete circuit diagram? Answer with a number only.","图中共有多少个电容？请只回答数字。","1","number"
"qa_v6f_002191","img_0149","train__d1_autockt_-136_png.rf.8e604fb6f98ed60f4436ae47a82699ae","images/img_0149.jpg","count","component_count","easy","How many inductors are present in the complete circuit diagram? Answer with a number only.","图中共有多少个电感？请只回答数字。","1","number"
"qa_v6f_002192","img_0270","train__d1_autockt_-13_png.rf.025534ea436898928757dc3827ed6cd5","images/img_0270.jpg","count","component_count","easy","How many resistors are present in the complete circuit diagram? Answer with a number only.","图中共有多少个电阻？请只回答数字。","4","number"
"qa_v6f_002287","img_0055","train__d1_autockt_-145_png.rf.5cdde9875633aa11b68cd7ed33a6e59b","images/img_0055.jpg","count","component_count","easy","How many inductors are present in the complete circuit diagram? Answer with a number only.","图中共有多少个电感？请只回答数字。","1","number"
"qa_v6f_000474","img_0164","train__d1_autockt_-148_png.rf.042d8ec0ac3afadf033652b0d5e78b74","images/img_0164.jpg","count","component_count","easy","How many current sources are present in the complete circuit diagram? Answer with a number only.","图中共有多少个电流源？请只回答数字。","2","number"
"qa_v6f_001051","img_0381","train__d1_autockt_-157_png.rf.faa2457020e11118cf7957b9a7a0fd4b","images/img_0381.jpg","count","component_count","easy","How many inductors are present in the complete circuit diagram? Answer with a number only.","图中共有多少个电感？请只回答数字。","1","number"
"qa_v6f_001896","img_0251","train__d1_autockt_-163_png.rf.e05478c4f718206b1ba145723be6e464","images/img_0251.jpg","count","component_count","easy","How many inductors are present in the complete circuit diagram? Answer with a number only.","图中共有多少个电感？请只回答数字。","1","number"
"qa_v6f_000056","img_0158","train__d1_autockt_-178_png.rf.6e8e76540774f195a7a26d81497a19ca","images/img_0158.jpg","count","component_count","easy","How many inductors are present in the complete circuit diagram? Answer with a number only.","图中共有多少个电感？请只回答数字。","2","number"
"qa_v6f_001530","img_0119","train__d1_autockt_-181_png.rf.27562d0a9a3d928425895b6474b448cc","images/img_0119.jpg","count","component_count","easy","How many current sources are present in the complete circuit diagram? Answer with a number only.","图中共有多少个电流源？请只回答数字。","2","number"
"qa_v6f_001525","img_0083","train__d1_autockt_-197_png.rf.3398024521496010fc964ed00cd6d6b7","images/img_0083.jpg","count","component_count","easy","How many resistors are present in the complete circuit diagram? Answer with a number only.","图中共有多少个电阻？请只回答数字。","2","number"
"qa_v6f_001230","img_0260","train__d1_autockt_-205_png.rf.5dc0799f6829932f2b57f142daeb4dc5","images/img_0260.jpg","count","component_count","easy","How many resistors are present in the complete circuit diagram? Answer with a number only.","图中共有多少个电阻？请只回答数字。","2","number"
"qa_v6f_000880","img_0066","train__d1_autockt_-206_png.rf.b0ec0917b62fc263195fe44aafc7feb0","images/img_0066.jpg","count","component_count","easy","How many capacitors are present in the complete circuit diagram? Answer with a number only.","图中共有多少个电容？请只回答数字。","1","number"
"qa_v6f_001584","img_0287","train__d1_autockt_-208_png.rf.5819e4e9a8cfbdbfa84d39b7c1c08181","images/img_0287.jpg","count","component_count","easy","How many inductors are present in the complete circuit diagram? Answer with a number only.","图中共有多少个电感？请只回答数字。","1","number"
"qa_v6f_001123","img_0395","train__d1_autockt_-209_png.rf.871b80895a2d3e21e2835a296773b8f4","images/img_0395.jpg","count","component_count","easy","How many resistors are present in the complete circuit diagram? Answer with a number only.","图中共有多少个电阻？请只回答数字。","3","number"
"qa_v6f_001273","img_0366","train__d1_autockt_-214_png.rf.e0c51ef9b7e23fa1f077a6127e010e17","images/img_0366.jpg","count","component_count","easy","How many current sources are present in the complete circuit diagram? Answer with a number only.","图中共有多少个电流源？请只回答数字。","2","number"
"qa_v6f_000772","img_0172","train__d1_autockt_-236_png.rf.cc4d1a31abbd8a1b32c9a20fd70273d5","images/img_0172.jpg","count","component_count","easy","How many current sources are present in the complete circuit diagram? Answer with a number only.","图中共有多少个电流源？请只回答数字。","1","number"
"qa_v6f_000261","img_0330","train__d1_autockt_-23_png.rf.027bd37e1ba58a5b27e911960f07c89c","images/img_0330.jpg","count","component_count","easy","How many resistors are present in the complete circuit diagram? Answer with a number only.","图中共有多少个电阻？请只回答数字。","3","number"
"qa_v6f_001332","img_0284","train__d1_autockt_-243_png.rf.6704bc9dfa27371416ca6de120f025d8","images/img_0284.jpg","count","component_count","easy","How many capacitors are present in the complete circuit diagram? Answer with a number only.","图中共有多少个电容？请只回答数字。","1","number"
"qa_v6f_000099","img_0136","train__d1_autockt_-253_png.rf.6091c34e8523333a293a94711d8bf430","images/img_0136.jpg","count","component_count","easy","How many resistors are present in the complete circuit diagram? Answer with a number only.","图中共有多少个电阻？请只回答数字。","3","number"
"qa_v6f_000609","img_0103","train__d1_autockt_-25_png.rf.0b8942c3aacc03d778572d69aebb6362","images/img_0103.jpg","count","component_count","easy","How many resistors are present in the complete circuit diagram? Answer with a number only.","图中共有多少个电阻？请只回答数字。","3","number"
"qa_v6f_000959","img_0157","train__d1_autockt_-265_png.rf.bb5e611c809b6047ea7be5abd5ffbfca","images/img_0157.jpg","count","component_count","easy","How many resistors are present in the complete circuit diagram? Answer with a number only.","图中共有多少个电阻？请只回答数字。","2","number"
"qa_v6f_001503","img_0116","train__d1_autockt_-268_png.rf.cdfe492ad8ddff07feb6f0a2fea450b6","images/img_0116.jpg","count","component_count","easy","How many inductors are present in the complete circuit diagram? Answer with a number only.","图中共有多少个电感？请只回答数字。","1","number"
"qa_v6f_001902","img_0206","train__d1_autockt_-26_png.rf.6249d1124818b0f55b82be9563842735","images/img_0206.jpg","count","component_count","easy","How many resistors are present in the complete circuit diagram? Answer with a number only.","图中共有多少个电阻？请只回答数字。","3","number"
"qa_v6f_001808","img_0278","train__d1_autockt_-270_png.rf.ddaf5053e5542e0a28db2492ea4f3e04","images/img_0278.jpg","count","component_count","easy","How many resistors are present in the complete circuit diagram? Answer with a number only.","图中共有多少个电阻？请只回答数字。","3","number"
"qa_v6f_000691","img_0188","train__d1_autockt_-271_png.rf.46d930e63b46e9409f08a69cb2888368","images/img_0188.jpg","count","component_count","easy","How many current sources are present in the complete circuit diagram? Answer with a number only.","图中共有多少个电流源？请只回答数字。","2","number"
"qa_v6f_001341","img_0105","train__d1_autockt_-274_png.rf.209b5b5fb1a4feff90945a5a33722cb5","images/img_0105.jpg","count","component_count","easy","How many resistors are present in the complete circuit diagram? Answer with a number only.","图中共有多少个电阻？请只回答数字。","3","number"
"qa_v6f_000865","img_0076","train__d1_autockt_-280_png.rf.04f6fc238ad1093b28868c13f8898a54","images/img_0076.jpg","count","component_count","easy","How many capacitors are present in the complete circuit diagram? Answer with a number only.","图中共有多少个电容？请只回答数字。","1","number"
"qa_v6f_000665","img_0056","train__d1_autockt_-285_png.rf.ca8fc170166ff6706561f1ce9ca4c4d5","images/img_0056.jpg","count","component_count","easy","How many resistors are present in the complete circuit diagram? Answer with a number only.","图中共有多少个电阻？请只回答数字。","2","number"
"qa_v6f_001779","img_0254","train__d1_autockt_-288_png.rf.bd807708b49475c650afaba546c05c03","images/img_0254.jpg","count","component_count","easy","How many inductors are present in the complete circuit diagram? Answer with a number only.","图中共有多少个电感？请只回答数字。","1","number"
"qa_v6f_000288","img_0169","train__d1_autockt_-28_png.rf.86fb779e280167fc883f40e4cd8f050b","images/img_0169.jpg","count","component_count","easy","How many capacitors are present in the complete circuit diagram? Answer with a number only.","图中共有多少个电容？请只回答数字。","2","number"
"qa_v6f_001653","img_0053","train__d1_autockt_-294_png.rf.0f86bcd2264ee672636588981caf8ab2","images/img_0053.jpg","count","component_count","easy","How many capacitors are present in the complete circuit diagram? Answer with a number only.","图中共有多少个电容？请只回答数字。","1","number"
"qa_v6f_001131","img_0268","train__d1_autockt_-299_png.rf.fe98ce3743245c406e7f8604c06952df","images/img_0268.jpg","count","component_count","easy","How many inductors are present in the complete circuit diagram? Answer with a number only.","图中共有多少个电感？请只回答数字。","2","number"
"qa_v6f_000906","img_0086","train__d1_autockt_-29_png.rf.7c6aba8f9f28abd5605f795f8ed30c48","images/img_0086.jpg","count","component_count","easy","How many capacitors are present in the complete circuit diagram? Answer with a number only.","图中共有多少个电容？请只回答数字。","1","number"
"qa_v6f_002108","img_0252","train__d1_autockt_-306_png.rf.376ca3c5a1c22d3dc54f351fd18105bf","images/img_0252.jpg","count","component_count","easy","How many capacitors are present in the complete circuit diagram? Answer with a number only.","图中共有多少个电容？请只回答数字。","1","number"
"qa_v6f_001136","img_0102","train__d1_autockt_-309_png.rf.8e7d05cbea479e8175bebe7179478607","images/img_0102.jpg","count","component_count","easy","How many resistors are present in the complete circuit diagram? Answer with a number only.","图中共有多少个电阻？请只回答数字。","3","number"
"qa_v6f_000310","img_0182","train__d1_autockt_-30_png.rf.c632c6cf76582f79ea7f02104f9b0fd4","images/img_0182.jpg","count","component_count","easy","How many resistors are present in the complete circuit diagram? Answer with a number only.","图中共有多少个电阻？请只回答数字。","2","number"
"qa_v6f_002210","img_0025","train__d1_autockt_-310_png.rf.2a8187cab48984cef75e40e44b634512","images/img_0025.jpg","count","component_count","easy","How many current sources are present in the complete circuit diagram? Answer with a number only.","图中共有多少个电流源？请只回答数字。","2","number"
"qa_v6f_002352","img_0393","train__d1_autockt_-311_png.rf.d1ba27e60860fd082081e8b6adede799","images/img_0393.jpg","count","component_count","easy","How many inductors are present in the complete circuit diagram? Answer with a number only.","图中共有多少个电感？请只回答数字。","1","number"
"qa_v6f_002395","img_0283","train__d1_autockt_-312_png.rf.fbb42b4fa9872615fa40dbd2230f8fe7","images/img_0283.jpg","count","component_count","easy","How many inductors are present in the complete circuit diagram? Answer with a number only.","图中共有多少个电感？请只回答数字。","1","number"
"qa_v6f_001072","img_0311","train__d1_autockt_-316_png.rf.3b805e4ccb180959231213e490ccffde","images/img_0311.jpg","count","component_count","easy","How many current sources are present in the complete circuit diagram? Answer with a number only.","图中共有多少个电流源？请只回答数字。","1","number"
"qa_v6f_001381","img_0107","train__d1_autockt_-321_png.rf.f36e618b183252ed4bf47374db397f20","images/img_0107.jpg","count","component_count","easy","How many resistors are present in the complete circuit diagram? Answer with a number only.","图中共有多少个电阻？请只回答数字。","3","number"
"qa_v6f_001402","img_0187","train__d1_autockt_-324_png.rf.091eb00694d00775bc23251fa41022d3","images/img_0187.jpg","count","component_count","easy","How many resistors are present in the complete circuit diagram? Answer with a number only.","图中共有多少个电阻？请只回答数字。","2","number"
"qa_v6f_001099","img_0322","train__d1_autockt_-341_png.rf.c7ad6618b1a21c7b5e6069fd68d2df3d","images/img_0322.jpg","count","component_count","easy","How many current sources are present in the complete circuit diagram? Answer with a number only.","图中共有多少个电流源？请只回答数字。","1","number"
"qa_v6f_002139","img_0316","train__d1_autockt_-343_png.rf.0e601cbd631f99434c65e1c2f92d0f41","images/img_0316.jpg","count","component_count","easy","How many capacitors are present in the complete circuit diagram? Answer with a number only.","图中共有多少个电容？请只回答数字。","2","number"
"qa_v6f_000301","img_0070","train__d1_autockt_-346_png.rf.28f6eb52704b4133d096c6598a41adc7","images/img_0070.jpg","count","component_count","easy","How many voltage sources are present in the complete circuit diagram? Answer with a number only.","图中共有多少个电压源？请只回答数字。","1","number"
"qa_v6f_002101","img_0266","train__d1_autockt_-354_png.rf.abc754da008a1144663422e8688f429b","images/img_0266.jpg","count","component_count","easy","How many capacitors are present in the complete circuit diagram? Answer with a number only.","图中共有多少个电容？请只回答数字。","1","number"
"qa_v6f_000925","img_0247","train__d1_autockt_-367_png.rf.204275876925d789e357e5a08652946c","images/img_0247.jpg","count","component_count","easy","How many inductors are present in the complete circuit diagram? Answer with a number only.","图中共有多少个电感？请只回答数字。","2","number"
"qa_v6f_002249","img_0281","train__d1_autockt_-376_png.rf.7df8c99642973b2997a9f54c474d996c","images/img_0281.jpg","count","component_count","easy","How many resistors are present in the complete circuit diagram? Answer with a number only.","图中共有多少个电阻？请只回答数字。","2","number"
"qa_v6f_001558","img_0088","train__d1_autockt_-37_png.rf.a869669abd8fcccbde76a67ec795a53c","images/img_0088.jpg","count","component_count","easy","How many resistors are present in the complete circuit diagram? Answer with a number only.","图中共有多少个电阻？请只回答数字。","2","number"
"qa_v6f_000761","img_0333","train__d1_autockt_-380_png.rf.fb5d9b91bc13833a3e4ec4e6fce18f07","images/img_0333.jpg","count","component_count","easy","How many voltage sources are present in the complete circuit diagram? Answer with a number only.","图中共有多少个电压源？请只回答数字。","2","number"
"qa_v6f_002124","img_0031","train__d1_autockt_-382_png.rf.a728c7a9544a2fd4e7ac4e97f751cc3c","images/img_0031.jpg","count","component_count","easy","How many inductors are present in the complete circuit diagram? Answer with a number only.","图中共有多少个电感？请只回答数字。","1","number"
"qa_v6f_002076","img_0253","train__d1_autockt_-384_png.rf.2a27b492a0b34ab8eece084ce1ab609c","images/img_0253.jpg","count","component_count","easy","How many inductors are present in the complete circuit diagram? Answer with a number only.","图中共有多少个电感？请只回答数字。","1","number"
"qa_v6f_000492","img_0233","train__d1_autockt_-386_png.rf.f61e314536dd5dc41e2100a8fc10489e","images/img_0233.jpg","count","component_count","easy","How many resistors are present in the complete circuit diagram? Answer with a number only.","图中共有多少个电阻？请只回答数字。","3","number"
"qa_v6f_001163","img_0336","train__d1_autockt_-38_png.rf.9faa205028090ca6c082437ebab5545d","images/img_0336.jpg","count","component_count","easy","How many voltage sources are present in the complete circuit diagram? Answer with a number only.","图中共有多少个电压源？请只回答数字。","2","number"
"qa_v6f_002079","img_0062","train__d1_autockt_-398_png.rf.e39109e94fb9b165553dccf66c4965e4","images/img_0062.jpg","count","component_count","easy","How many voltage sources are present in the complete circuit diagram? Answer with a number only.","图中共有多少个电压源？请只回答数字。","2","number"
"qa_v6f_000148","img_0133","train__d1_autockt_-403_png.rf.9c28a52ffb8eb8f3136b54832bf06e2f","images/img_0133.jpg","count","component_count","easy","How many voltage sources are present in the complete circuit diagram? Answer with a number only.","图中共有多少个电压源？请只回答数字。","1","number"
"qa_v6f_000480","img_0191","train__d1_autockt_-407_png.rf.3416d51ea768d8fcefa78d8b96114377","images/img_0191.jpg","count","component_count","easy","How many resistors are present in the complete circuit diagram? Answer with a number only.","图中共有多少个电阻？请只回答数字。","2","number"
"qa_v6f_001082","img_0166","train__d1_autockt_-412_png.rf.edfb98165ea242e0775bc00b9c69793f","images/img_0166.jpg","count","component_count","easy","How many resistors are present in the complete circuit diagram? Answer with a number only.","图中共有多少个电阻？请只回答数字。","3","number"
"qa_v6f_001155","img_0320","train__d1_autockt_-414_png.rf.de58dde21eba2a54e7df9ebdc840867a","images/img_0320.jpg","count","component_count","easy","How many inductors are present in the complete circuit diagram? Answer with a number only.","图中共有多少个电感？请只回答数字。","1","number"
"qa_v6f_001905","img_0360","train__d1_autockt_-418_png.rf.e2ba99310a487464c367bde390929131","images/img_0360.jpg","count","component_count","easy","How many inductors are present in the complete circuit diagram? Answer with a number only.","图中共有多少个电感？请只回答数字。","1","number"
"qa_v6f_000681","img_0122","train__d1_autockt_-419_png.rf.724fe0542c06f76e876b26faaf1bc86a","images/img_0122.jpg","count","component_count","easy","How many inductors are present in the complete circuit diagram? Answer with a number only.","图中共有多少个电感？请只回答数字。","2","number"
"qa_v6f_000258","img_0032","train__d1_autockt_-448_png.rf.c3dfde43eece3ebdb656eb3db9d40038","images/img_0032.jpg","count","component_count","easy","How many current sources are present in the complete circuit diagram? Answer with a number only.","图中共有多少个电流源？请只回答数字。","1","number"
"qa_v6f_000399","img_0261","train__d1_autockt_-451_png.rf.f37b42cdc9453ecbcf076999c10aad93","images/img_0261.jpg","count","component_count","easy","How many resistors are present in the complete circuit diagram? Answer with a number only.","图中共有多少个电阻？请只回答数字。","3","number"
"qa_v6f_000456","img_0045","train__d1_autockt_-454_png.rf.c5fc966c9b852852a21b2d353dad8ad7","images/img_0045.jpg","count","component_count","easy","How many voltage sources are present in the complete circuit diagram? Answer with a number only.","图中共有多少个电压源？请只回答数字。","1","number"
"qa_v6f_000062","img_0334","train__d1_autockt_-45_png.rf.51f3d72d221cc647bbfef272ef0e2879","images/img_0334.jpg","count","component_count","easy","How many voltage sources are present in the complete circuit diagram? Answer with a number only.","图中共有多少个电压源？请只回答数字。","1","number"
"qa_v6f_001763","img_0204","train__d1_autockt_-471_png.rf.0f9b21fe1b17e784d8b1e3fb74f96af8","images/img_0204.jpg","count","component_count","easy","How many current sources are present in the complete circuit diagram? Answer with a number only.","图中共有多少个电流源？请只回答数字。","1","number"
"qa_v6f_000537","img_0232","train__d1_autockt_-481_png.rf.2709a59e78f86eb28d160132a282d50b","images/img_0232.jpg","count","component_count","easy","How many current sources are present in the complete circuit diagram? Answer with a number only.","图中共有多少个电流源？请只回答数字。","1","number"
"qa_v6f_002116","img_0205","train__d1_autockt_-484_png.rf.b27aeab8d49e3cb6b5d5f0cf628d9d25","images/img_0205.jpg","count","component_count","easy","How many resistors are present in the complete circuit diagram? Answer with a number only.","图中共有多少个电阻？请只回答数字。","3","number"
"qa_v6f_001942","img_0309","train__d1_autockt_-487_png.rf.3b4abde3b8fcf0e86ef93e33ac8ba3bc","images/img_0309.jpg","count","component_count","easy","How many voltage sources are present in the complete circuit diagram? Answer with a number only.","图中共有多少个电压源？请只回答数字。","1","number"
"qa_v6f_001615","img_0295","train__d1_autockt_-488_png.rf.304ca500af3dea19bf4afc717b46b25f","images/img_0295.jpg","count","component_count","easy","How many capacitors are present in the complete circuit diagram? Answer with a number only.","图中共有多少个电容？请只回答数字。","2","number"
"qa_v6f_001573","img_0054","train__d1_autockt_-496_png.rf.3857766abc4a8741b932c14b4ce1ccf2","images/img_0054.jpg","count","component_count","easy","How many resistors are present in the complete circuit diagram? Answer with a number only.","图中共有多少个电阻？请只回答数字。","2","number"
"qa_v6f_002085","img_0147","train__d1_autockt_-502_png.rf.fbc5dea95acccca5927e3aed43e5fe2c","images/img_0147.jpg","count","component_count","easy","How many capacitors are present in the complete circuit diagram? Answer with a number only.","图中共有多少个电容？请只回答数字。","1","number"
"qa_v6f_000879","img_0121","train__d1_autockt_-507_png.rf.385d15eba96c4ea635398ce9db6529a5","images/img_0121.jpg","count","component_count","easy","How many resistors are present in the complete circuit diagram? Answer with a number only.","图中共有多少个电阻？请只回答数字。","3","number"
"qa_v6f_001819","img_0135","train__d1_autockt_-514_png.rf.f3e0d72fa9948e88072570fb7683f175","images/img_0135.jpg","count","component_count","easy","How many current sources are present in the complete circuit diagram? Answer with a number only.","图中共有多少个电流源？请只回答数字。","1","number"
"qa_v6f_000400","img_0234","train__d1_autockt_-515_png.rf.b6bc962b2a68545c50e486277ef4d8f5","images/img_0234.jpg","count","component_count","easy","How many resistors are present in the complete circuit diagram? Answer with a number only.","图中共有多少个电阻？请只回答数字。","2","number"
"qa_v6f_001684","img_0063","train__d1_autockt_-520_png.rf.b8e3e853af5b921647cdc0ed5fb21308","images/img_0063.jpg","count","component_count","easy","How many current sources are present in the complete circuit diagram? Answer with a number only.","图中共有多少个电流源？请只回答数字。","1","number"
"qa_v6f_000549","img_0091","train__d1_autockt_-526_png.rf.972c85876b6e2ef1bcb8234f3b87aec3","images/img_0091.jpg","count","component_count","easy","How many inductors are present in the complete circuit diagram? Answer with a number only.","图中共有多少个电感？请只回答数字。","1","number"
"qa_v6f_001344","img_0218","train__d1_autockt_-530_png.rf.372fa3f0ed5af7b9ef57e620223aaef1","images/img_0218.jpg","count","component_count","easy","How many voltage sources are present in the complete circuit diagram? Answer with a number only.","图中共有多少个电压源？请只回答数字。","1","number"
"qa_v6f_000923","img_0106","train__d1_autockt_-535_png.rf.9153b1dc9dda171b9a0812795e7e719e","images/img_0106.jpg","count","component_count","easy","How many capacitors are present in the complete circuit diagram? Answer with a number only.","图中共有多少个电容？请只回答数字。","1","number"
"qa_v6f_000894","img_0367","train__d1_autockt_-537_png.rf.6ee6497275122beda6a37704f5429c2e","images/img_0367.jpg","count","component_count","easy","How many inductors are present in the complete circuit diagram? Answer with a number only.","图中共有多少个电感？请只回答数字。","1","number"
"qa_v6f_000948","img_0126","train__d1_autockt_-554_png.rf.4cccaa0ae853ff949527efe4e1892456","images/img_0126.jpg","count","component_count","easy","How many inductors are present in the complete circuit diagram? Answer with a number only.","图中共有多少个电感？请只回答数字。","2","number"
"qa_v6f_000250","img_0228","train__d1_autockt_-560_png.rf.5f86c26b11af110f8b145b2b72249dcf","images/img_0228.jpg","count","component_count","easy","How many voltage sources are present in the complete circuit diagram? Answer with a number only.","图中共有多少个电压源？请只回答数字。","1","number"
"qa_v6f_001983","img_0382","train__d1_autockt_-566_png.rf.b6d4d71ca20087885e39423cd20ee90e","images/img_0382.jpg","count","component_count","easy","How many voltage sources are present in the complete circuit diagram? Answer with a number only.","图中共有多少个电压源？请只回答数字。","1","number"
"qa_v6f_000095","img_0226","train__d1_autockt_-56_png.rf.995fbba5660beea0bb9d526bc4564da7","images/img_0226.jpg","count","component_count","easy","How many capacitors are present in the complete circuit diagram? Answer with a number only.","图中共有多少个电容？请只回答数字。","1","number"
"qa_v6f_002148","img_0242","train__d1_autockt_-570_png.rf.d3b32a9969421d4a429cd85f709b45ab","images/img_0242.jpg","count","component_count","easy","How many resistors are present in the complete circuit diagram? Answer with a number only.","图中共有多少个电阻？请只回答数字。","2","number"
"qa_v6f_002270","img_0383","train__d1_autockt_-584_png.rf.4a4c1f207fda4cb0792f6c58704bfc87","images/img_0383.jpg","count","component_count","easy","How many voltage sources are present in the complete circuit diagram? Answer with a number only.","图中共有多少个电压源？请只回答数字。","1","number"
"qa_v6f_001165","img_0312","train__d1_autockt_-586_png.rf.eede6b9ddd49409a04702fc750a73a60","images/img_0312.jpg","count","component_count","easy","How many voltage sources are present in the complete circuit diagram? Answer with a number only.","图中共有多少个电压源？请只回答数字。","2","number"
"qa_v6f_002296","img_0379","train__d1_autockt_-589_png.rf.caaed650862b4f58056578a57dcd0d65","images/img_0379.jpg","count","component_count","easy","How many voltage sources are present in the complete circuit diagram? Answer with a number only.","图中共有多少个电压源？请只回答数字。","1","number"
"qa_v6f_000439","img_0331","train__d1_autockt_-58_png.rf.ec0414ed0e8e6c0b0a8ca10b34ac3422","images/img_0331.jpg","count","component_count","easy","How many resistors are present in the complete circuit diagram? Answer with a number only.","图中共有多少个电阻？请只回答数字。","2","number"
"qa_v6f_001173","img_0146","train__d1_autockt_-590_png.rf.abffb237d50d5da270ea5d7ada455339","images/img_0146.jpg","count","component_count","easy","How many voltage sources are present in the complete circuit diagram? Answer with a number only.","图中共有多少个电压源？请只回答数字。","1","number"
"qa_v6f_001802","img_0363","train__d1_autockt_-593_png.rf.69902997caa97a0aea7c67371595792e","images/img_0363.jpg","count","component_count","easy","How many resistors are present in the complete circuit diagram? Answer with a number only.","图中共有多少个电阻？请只回答数字。","2","number"
"qa_v6f_000126","img_0279","train__d1_autockt_-59_png.rf.eb73882aaa702e2740dc17a77ec4be94","images/img_0279.jpg","count","component_count","easy","How many resistors are present in the complete circuit diagram? Answer with a number only.","图中共有多少个电阻？请只回答数字。","3","number"
"qa_v6f_000849","img_0177","train__d1_autockt_-5_png.rf.f26be4c75564be0baf89f068d848252c","images/img_0177.jpg","count","component_count","easy","How many inductors are present in the complete circuit diagram? Answer with a number only.","图中共有多少个电感？请只回答数字。","2","number"
"qa_v6f_002130","img_0354","train__d1_autockt_-603_png.rf.daa74e3fb5b07e74bc8b4c761ece1873","images/img_0354.jpg","count","component_count","easy","How many resistors are present in the complete circuit diagram? Answer with a number only.","图中共有多少个电阻？请只回答数字。","2","number"
"qa_v6f_001925","img_0290","train__d1_autockt_-608_png.rf.d4536404b5f4deb142fe6f13e68b7a3c","images/img_0290.jpg","count","component_count","easy","How many inductors are present in the complete circuit diagram? Answer with a number only.","图中共有多少个电感？请只回答数字。","2","number"
"qa_v6f_001667","img_0040","train__d1_autockt_-610_png.rf.d917fc8585b44bdf2623a33d30bf32b6","images/img_0040.jpg","count","component_count","easy","How many capacitors are present in the complete circuit diagram? Answer with a number only.","图中共有多少个电容？请只回答数字。","1","number"
"qa_v6f_001497","img_0335","train__d1_autockt_-613_png.rf.f91e6aa9b3dff67e1eb5a47442543efe","images/img_0335.jpg","count","component_count","easy","How many inductors are present in the complete circuit diagram? Answer with a number only.","图中共有多少个电感？请只回答数字。","1","number"
"qa_v6f_002323","img_0239","train__d1_autockt_-616_png.rf.11684f6b5f1338b0fc11f4971f4fdaf5","images/img_0239.jpg","count","component_count","easy","How many current sources are present in the complete circuit diagram? Answer with a number only.","图中共有多少个电流源？请只回答数字。","1","number"
"qa_v6f_002241","img_0152","train__d1_autockt_-622_png.rf.3c1aee5138f5571d5adf98db26c6b904","images/img_0152.jpg","count","component_count","easy","How many voltage sources are present in the complete circuit diagram? Answer with a number only.","图中共有多少个电压源？请只回答数字。","2","number"
"qa_v6f_001236","img_0033","train__d1_autockt_-627_png.rf.f352481c5c1f24e9a007401464db97de","images/img_0033.jpg","count","component_count","easy","How many capacitors are present in the complete circuit diagram? Answer with a number only.","图中共有多少个电容？请只回答数字。","1","number"
"qa_v6f_000427","img_0374","train__d1_autockt_-636_png.rf.6a5629c2a46937877433729f268d68ba","images/img_0374.jpg","count","component_count","easy","How many inductors are present in the complete circuit diagram? Answer with a number only.","图中共有多少个电感？请只回答数字。","2","number"
"qa_v6f_001778","img_0059","train__d1_autockt_-645_png.rf.a2fee8c343708104084a2fab94c09205","images/img_0059.jpg","count","component_count","easy","How many capacitors are present in the complete circuit diagram? Answer with a number only.","图中共有多少个电容？请只回答数字。","2","number"
"qa_v6f_000678","img_0282","train__d1_autockt_-646_png.rf.14eb0c6003fb45f8dda4c1bc4ff2533e","images/img_0282.jpg","count","component_count","easy","How many capacitors are present in the complete circuit diagram? Answer with a number only.","图中共有多少个电容？请只回答数字。","1","number"
"qa_v6f_002233","img_0248","train__d1_autockt_-649_png.rf.f58569e65fcbde66f8f12b4c4c6747f5","images/img_0248.jpg","count","component_count","easy","How many resistors are present in the complete circuit diagram? Answer with a number only.","图中共有多少个电阻？请只回答数字。","3","number"
"qa_v6f_001031","img_0386","train__d1_autockt_-652_png.rf.4806a9662f7547999d1c8850a7994044","images/img_0386.jpg","count","component_count","easy","How many voltage sources are present in the complete circuit diagram? Answer with a number only.","图中共有多少个电压源？请只回答数字。","1","number"
"qa_v6f_002396","img_0078","train__d1_autockt_-670_png.rf.0af9a0249e4387fc494bd06c63e625e6","images/img_0078.jpg","count","component_count","easy","How many voltage sources are present in the complete circuit diagram? Answer with a number only.","图中共有多少个电压源？请只回答数字。","2","number"
"qa_v6f_000511","img_0175","train__d1_autockt_-671_png.rf.68810c22cbb0e14bcd555726b818b895","images/img_0175.jpg","count","component_count","easy","How many capacitors are present in the complete circuit diagram? Answer with a number only.","图中共有多少个电容？请只回答数字。","1","number"
"qa_v6f_001713","img_0060","train__d1_autockt_-675_png.rf.e30b4262e37cbed84b8bf43739730fb8","images/img_0060.jpg","count","component_count","easy","How many current sources are present in the complete circuit diagram? Answer with a number only.","图中共有多少个电流源？请只回答数字。","1","number"
"qa_v6f_001582","img_0038","train__d1_autockt_-678_png.rf.1386f8a3074f7a42f985a2d2f4e7e1ee","images/img_0038.jpg","count","component_count","easy","How many capacitors are present in the complete circuit diagram? Answer with a number only.","图中共有多少个电容？请只回答数字。","2","number"
"qa_v6f_000302","img_0155","train__d1_autockt_-682_png.rf.fc8e30843d270c8e5e964b27fc0b7eeb","images/img_0155.jpg","count","component_count","easy","How many voltage sources are present in the complete circuit diagram? Answer with a number only.","图中共有多少个电压源？请只回答数字。","2","number"
"qa_v6f_002099","img_0068","train__d1_autockt_-684_png.rf.23f3199343ace523f76d7bc836d3a307","images/img_0068.jpg","count","component_count","easy","How many current sources are present in the complete circuit diagram? Answer with a number only.","图中共有多少个电流源？请只回答数字。","1","number"
"qa_v6f_001076","img_0024","train__d1_autockt_-690_png.rf.55ca987d2104780c578d08a016fe5d16","images/img_0024.jpg","count","component_count","easy","How many voltage sources are present in the complete circuit diagram? Answer with a number only.","图中共有多少个电压源？请只回答数字。","2","number"
"qa_v6f_000574","img_0271","train__d1_autockt_-724_png.rf.b5dc02db4f3b6f5cc8dba90695fb92e7","images/img_0271.jpg","count","component_count","easy","How many resistors are present in the complete circuit diagram? Answer with a number only.","图中共有多少个电阻？请只回答数字。","3","number"
"qa_v6f_000593","img_0321","train__d1_autockt_-727_png.rf.19345d5a3f780e26264e80b25223c957","images/img_0321.jpg","count","component_count","easy","How many resistors are present in the complete circuit diagram? Answer with a number only.","图中共有多少个电阻？请只回答数字。","3","number"
"qa_v6f_001228","img_0356","train__d1_autockt_-732_png.rf.5a8295e164ba8250c7032030e0c42cc2","images/img_0356.jpg","count","component_count","easy","How many resistors are present in the complete circuit diagram? Answer with a number only.","图中共有多少个电阻？请只回答数字。","2","number"
"qa_v6f_000996","img_0154","train__d1_autockt_-73_png.rf.01182c185cac342e87a0732c917f67cf","images/img_0154.jpg","count","component_count","easy","How many capacitors are present in the complete circuit diagram? Answer with a number only.","图中共有多少个电容？请只回答数字。","1","number"
"qa_v6f_001300","img_0124","train__d1_autockt_-748_png.rf.cdbc08a26ada448cb2463c51e6e2e333","images/img_0124.jpg","count","component_count","easy","How many current sources are present in the complete circuit diagram? Answer with a number only.","图中共有多少个电流源？请只回答数字。","1","number"
"qa_v6f_001050","img_0276","train__d1_autockt_-753_png.rf.9e5bac4f4235a09ddc8b0aa106f1b4e1","images/img_0276.jpg","count","component_count","easy","How many inductors are present in the complete circuit diagram? Answer with a number only.","图中共有多少个电感？请只回答数字。","1","number"
"qa_v6f_001688","img_0297","train__d1_autockt_-754_png.rf.0aa2a32bc3f43708d8fb2bcfa6c6a70f","images/img_0297.jpg","count","component_count","easy","How many inductors are present in the complete circuit diagram? Answer with a number only.","图中共有多少个电感？请只回答数字。","1","number"
"qa_v6f_001872","img_0180","train__d1_autockt_-755_png.rf.69c7026cc61de9115b50a1784364103f","images/img_0180.jpg","count","component_count","easy","How many inductors are present in the complete circuit diagram? Answer with a number only.","图中共有多少个电感？请只回答数字。","2","number"
"qa_v6f_000791","img_0396","train__d1_autockt_-760_png.rf.49af5c061b24e2e146a50b7de6d97c39","images/img_0396.jpg","count","component_count","easy","How many current sources are present in the complete circuit diagram? Answer with a number only.","图中共有多少个电流源？请只回答数字。","1","number"
"qa_v6f_001659","img_0108","train__d1_autockt_-763_png.rf.b244bbdeb84cebce1b80b7aeb2784b9e","images/img_0108.jpg","count","component_count","easy","How many current sources are present in the complete circuit diagram? Answer with a number only.","图中共有多少个电流源？请只回答数字。","2","number"
"qa_v6f_000848","img_0145","train__d1_autockt_-770_png.rf.787c27df076acd404098a75281122857","images/img_0145.jpg","count","component_count","easy","How many current sources are present in the complete circuit diagram? Answer with a number only.","图中共有多少个电流源？请只回答数字。","2","number"
"qa_v6f_000309","img_0048","train__d1_autockt_-776_png.rf.dd15ee70d255ee7281fd15c305362cd9","images/img_0048.jpg","count","component_count","easy","How many current sources are present in the complete circuit diagram? Answer with a number only.","图中共有多少个电流源？请只回答数字。","1","number"
"qa_v6f_000675","img_0349","train__d1_autockt_-782_png.rf.461c22db2d55a1a7abed249521d5990c","images/img_0349.jpg","count","component_count","easy","How many inductors are present in the complete circuit diagram? Answer with a number only.","图中共有多少个电感？请只回答数字。","1","number"
"qa_v6f_002186","img_0373","train__d1_autockt_-784_png.rf.71fdbf6dad8dac27ef57a5d90e933e55","images/img_0373.jpg","count","component_count","easy","How many voltage sources are present in the complete circuit diagram? Answer with a number only.","图中共有多少个电压源？请只回答数字。","2","number"
"qa_v6f_002284","img_0199","train__d1_autockt_-802_png.rf.30533a4811ce1494a1be3731b863ef1d","images/img_0199.jpg","count","component_count","easy","How many voltage sources are present in the complete circuit diagram? Answer with a number only.","图中共有多少个电压源？请只回答数字。","1","number"
"qa_v6f_000505","img_0255","train__d1_autockt_-812_png.rf.42169793187f4542cd94a07e906ac40e","images/img_0255.jpg","count","component_count","easy","How many inductors are present in the complete circuit diagram? Answer with a number only.","图中共有多少个电感？请只回答数字。","1","number"
"qa_v6f_001336","img_0257","train__d1_autockt_-816_png.rf.65883abcb1a0b3b0d4597a1c98adc5bc","images/img_0257.jpg","count","component_count","easy","How many inductors are present in the complete circuit diagram? Answer with a number only.","图中共有多少个电感？请只回答数字。","1","number"
"qa_v6f_002177","img_0362","train__d1_autockt_-818_png.rf.6df695baa9588091f0154afa045d4cb5","images/img_0362.jpg","count","component_count","easy","How many inductors are present in the complete circuit diagram? Answer with a number only.","图中共有多少个电感？请只回答数字。","1","number"
"qa_v6f_000285","img_0163","train__d1_autockt_-820_png.rf.2746b078dea2b8690dfec7c2604586cc","images/img_0163.jpg","count","component_count","easy","How many resistors are present in the complete circuit diagram? Answer with a number only.","图中共有多少个电阻？请只回答数字。","3","number"
"qa_v6f_000085","img_0043","train__d1_autockt_-821_png.rf.a9943b5f6db9b7e335ff2004201a4396","images/img_0043.jpg","count","component_count","easy","How many current sources are present in the complete circuit diagram? Answer with a number only.","图中共有多少个电流源？请只回答数字。","1","number"
"qa_v6f_002358","img_0142","train__d1_autockt_-829_png.rf.2433532a03128f43eb7e754e76be7e89","images/img_0142.jpg","count","component_count","easy","How many resistors are present in the complete circuit diagram? Answer with a number only.","图中共有多少个电阻？请只回答数字。","3","number"
"qa_v6f_001489","img_0273","train__d1_autockt_-835_png.rf.a5298355b545bf5ccbe565d5194781f0","images/img_0273.jpg","count","component_count","easy","How many resistors are present in the complete circuit diagram? Answer with a number only.","图中共有多少个电阻？请只回答数字。","3","number"
"qa_v6f_001709","img_0237","train__d1_autockt_-845_png.rf.00bd41a063ef06524f47a8a4f9d3bcee","images/img_0237.jpg","count","component_count","easy","How many capacitors are present in the complete circuit diagram? Answer with a number only.","图中共有多少个电容？请只回答数字。","2","number"
"qa_v6f_000548","img_0352","train__d1_autockt_-846_png.rf.22de33bc0266d24f2b31f99860c08ccb","images/img_0352.jpg","count","component_count","easy","How many current sources are present in the complete circuit diagram? Answer with a number only.","图中共有多少个电流源？请只回答数字。","1","number"
"qa_v6f_000662","img_0129","train__d1_autockt_-853_png.rf.5f6d90c55c70ffa096192c752ecb20e7","images/img_0129.jpg","count","component_count","easy","How many current sources are present in the complete circuit diagram? Answer with a number only.","图中共有多少个电流源？请只回答数字。","1","number"
"qa_v6f_000701","img_0319","train__d1_autockt_-85_png.rf.d34193a0af1a30f99baaba306240bce7","images/img_0319.jpg","count","component_count","easy","How many capacitors are present in the complete circuit diagram? Answer with a number only.","图中共有多少个电容？请只回答数字。","1","number"
"qa_v6f_000365","img_0231","train__d1_autockt_-862_png.rf.c0547c3a6fd9c2c7adcc60e53dc1fdf3","images/img_0231.jpg","count","component_count","easy","How many inductors are present in the complete circuit diagram? Answer with a number only.","图中共有多少个电感？请只回答数字。","2","number"
"qa_v6f_001795","img_0328","train__d1_autockt_-877_png.rf.79b40f3c920a924cbae967050e9998d2","images/img_0328.jpg","count","component_count","easy","How many resistors are present in the complete circuit diagram? Answer with a number only.","图中共有多少个电阻？请只回答数字。","4","number"
"qa_v6f_001170","img_0114","train__d1_autockt_-878_png.rf.2097b2abb97773d6a4dbcb8915acf7de","images/img_0114.jpg","count","component_count","easy","How many current sources are present in the complete circuit diagram? Answer with a number only.","图中共有多少个电流源？请只回答数字。","1","number"
"qa_v6f_000086","img_0035","train__d1_autockt_-880_png.rf.697bb05b13c895579d80d6d89f2ec830","images/img_0035.jpg","count","component_count","easy","How many capacitors are present in the complete circuit diagram? Answer with a number only.","图中共有多少个电容？请只回答数字。","1","number"
"qa_v6f_001480","img_0348","train__d1_autockt_-882_png.rf.45f4be72c81763ba7f289ae276c1458d","images/img_0348.jpg","count","component_count","easy","How many resistors are present in the complete circuit diagram? Answer with a number only.","图中共有多少个电阻？请只回答数字。","4","number"
"qa_v6f_000188","img_0023","train__d1_autockt_-888_png.rf.f85bacfa28bacc7e88eecad5b471639b","images/img_0023.jpg","count","component_count","easy","How many inductors are present in the complete circuit diagram? Answer with a number only.","图中共有多少个电感？请只回答数字。","1","number"
"qa_v6f_001956","img_0189","train__d1_autockt_-88_png.rf.4a14153455cdac8c24850b6daf6f043b","images/img_0189.jpg","count","component_count","easy","How many current sources are present in the complete circuit diagram? Answer with a number only.","图中共有多少个电流源？请只回答数字。","1","number"
"qa_v6f_000819","img_0161","train__d1_autockt_-891_png.rf.96c6f0cd13f9b5e29d80a1d601861526","images/img_0161.jpg","count","component_count","easy","How many resistors are present in the complete circuit diagram? Answer with a number only.","图中共有多少个电阻？请只回答数字。","4","number"
"qa_v6f_001080","img_0249","train__d1_autockt_-896_png.rf.d315d9151be3731fa1831d8e2a25a704","images/img_0249.jpg","count","component_count","easy","How many inductors are present in the complete circuit diagram? Answer with a number only.","图中共有多少个电感？请只回答数字。","1","number"
"qa_v6f_001974","img_0225","train__d1_autockt_-902_png.rf.3c49a9d47ef244962c212c346d17a400","images/img_0225.jpg","count","component_count","easy","How many resistors are present in the complete circuit diagram? Answer with a number only.","图中共有多少个电阻？请只回答数字。","2","number"
"qa_v6f_000822","img_0075","train__d1_autockt_-93_png.rf.a86054b39bef4bacd6949e85337f79ba","images/img_0075.jpg","count","component_count","easy","How many resistors are present in the complete circuit diagram? Answer with a number only.","图中共有多少个电阻？请只回答数字。","2","number"
"qa_v6f_001972","img_0165","train__d1_autockt_-9_png.rf.abdf78e2c66c2c794662731c3a841b82","images/img_0165.jpg","count","component_count","easy","How many resistors are present in the complete circuit diagram? Answer with a number only.","图中共有多少个电阻？请只回答数字。","2","number"
"qa_v6f_001232","img_0274","train__d1_electrical_169_png.rf.e1f600fd3166e29d144eb1f0f7072167","images/img_0274.jpg","count","component_count","easy","How many capacitors are present in the complete circuit diagram? Answer with a number only.","图中共有多少个电容？请只回答数字。","1","number"
"qa_v6f_002072","img_0345","train__d1_electrical_187_png.rf.0a910c845f52ef0a6da05752f8db0937","images/img_0345.jpg","count","component_count","easy","How many resistors are present in the complete circuit diagram? Answer with a number only.","图中共有多少个电阻？请只回答数字。","2","number"
"qa_v6f_001673","img_0398","train__d1_electrical_205_png.rf.db21d2bd46187d0e2b93ae86e032a3e9","images/img_0398.jpg","count","component_count","easy","How many resistors are present in the complete circuit diagram? Answer with a number only.","图中共有多少个电阻？请只回答数字。","1","number"
"qa_v6f_000045","img_0394","train__d1_electrical_208_png.rf.dc40691744cab4ce71031d2ae189aa6c","images/img_0394.jpg","count","component_count","easy","How many capacitors are present in the complete circuit diagram? Answer with a number only.","图中共有多少个电容？请只回答数字。","2","number"
"qa_v6f_000590","img_0058","train__d1_electrical_218_png.rf.f7b180e3c5e86f58ed057f16560004ef","images/img_0058.jpg","count","component_count","easy","How many inductors are present in the complete circuit diagram? Answer with a number only.","图中共有多少个电感？请只回答数字。","2","number"
"qa_v6f_001992","img_0082","train__d1_electrical_220_png.rf.257db2d526ff20448344d62ccc60f6dd","images/img_0082.jpg","count","component_count","easy","How many inductors are present in the complete circuit diagram? Answer with a number only.","图中共有多少个电感？请只回答数字。","2","number"
"qa_v6f_000547","img_0004","train__d1_electrical_241_png.rf.86e95f810d50b5748bfbb869f68f5e21","images/img_0004.jpg","count","component_count","easy","How many voltage sources are present in the complete circuit diagram? Answer with a number only.","图中共有多少个电压源？请只回答数字。","1","number"
"qa_v6f_000920","img_0246","val__d1_259_png.rf.d887e4776d9e61aff1ed34b682eb8c6e","images/img_0246.jpg","count","component_count","easy","How many inductors are present in the complete circuit diagram? Answer with a number only.","图中共有多少个电感？请只回答数字。","2","number"
"qa_v6f_000386","img_0387","val__d1_294_png.rf.4238c32fcd2fd4524f669caa791e6145","images/img_0387.jpg","count","component_count","easy","How many inductors are present in the complete circuit diagram? Answer with a number only.","图中共有多少个电感？请只回答数字。","1","number"
"qa_v6f_002102","img_0117","val__d1_333_png.rf.3db1d7c87d9e918cc75a609d51d6ffaf","images/img_0117.jpg","count","component_count","easy","How many resistors are present in the complete circuit diagram? Answer with a number only.","图中共有多少个电阻？请只回答数字。","2","number"
"qa_v6f_000785","img_0343","val__d1_autockt_-102_png.rf.b582d69dd5d547b4d2cd02a413301377","images/img_0343.jpg","count","component_count","easy","How many current sources are present in the complete circuit diagram? Answer with a number only.","图中共有多少个电流源？请只回答数字。","1","number"
"qa_v6f_001180","img_0210","val__d1_autockt_-118_png.rf.820cb90a4ae5718cae7723c42607c4ac","images/img_0210.jpg","count","component_count","easy","How many capacitors are present in the complete circuit diagram? Answer with a number only.","图中共有多少个电容？请只回答数字。","1","number"
"qa_v6f_002027","img_0264","val__d1_autockt_-146_png.rf.86f68b7871f07ab4d6a1173d6d68ece9","images/img_0264.jpg","count","component_count","easy","How many inductors are present in the complete circuit diagram? Answer with a number only.","图中共有多少个电感？请只回答数字。","1","number"
"qa_v6f_000717","img_0390","val__d1_autockt_-182_png.rf.112023098b4ed3cf6e317678d997359f","images/img_0390.jpg","count","component_count","easy","How many resistors are present in the complete circuit diagram? Answer with a number only.","图中共有多少个电阻？请只回答数字。","2","number"
"qa_v6f_001444","img_0235","val__d1_autockt_-184_png.rf.74d7b83f0cc90b544ed899c8f631c8e9","images/img_0235.jpg","count","component_count","easy","How many resistors are present in the complete circuit diagram? Answer with a number only.","图中共有多少个电阻？请只回答数字。","2","number"
"qa_v6f_001628","img_0197","val__d1_autockt_-199_png.rf.478432346fa1f8695a53b744e8066535","images/img_0197.jpg","count","component_count","easy","How many resistors are present in the complete circuit diagram? Answer with a number only.","图中共有多少个电阻？请只回答数字。","3","number"
"qa_v6f_002264","img_0303","val__d1_autockt_-327_png.rf.52d2c0e9bdabc27ff298b2f0c751e4b3","images/img_0303.jpg","count","component_count","easy","How many capacitors are present in the complete circuit diagram? Answer with a number only.","图中共有多少个电容？请只回答数字。","1","number"
"qa_v6f_001986","img_0085","val__d1_autockt_-331_png.rf.c5bcb3756deecf1f7f5a273e3f931789","images/img_0085.jpg","count","component_count","easy","How many inductors are present in the complete circuit diagram? Answer with a number only.","图中共有多少个电感？请只回答数字。","1","number"
"qa_v6f_001743","img_0217","val__d1_autockt_-405_png.rf.a9934664132a21b374f7969738162978","images/img_0217.jpg","count","component_count","easy","How many capacitors are present in the complete circuit diagram? Answer with a number only.","图中共有多少个电容？请只回答数字。","1","number"
"qa_v6f_000061","img_0057","val__d1_autockt_-43_png.rf.464c4fe9515f8508b1a80459bfd6a844","images/img_0057.jpg","count","component_count","easy","How many resistors are present in the complete circuit diagram? Answer with a number only.","图中共有多少个电阻？请只回答数字。","2","number"
"qa_v6f_000855","img_0113","val__d1_autockt_-480_png.rf.3d520aed2e871648a531cd7016aaf267","images/img_0113.jpg","count","component_count","easy","How many capacitors are present in the complete circuit diagram? Answer with a number only.","图中共有多少个电容？请只回答数字。","1","number"
"qa_v6f_000044","img_0001","val__d1_autockt_-524_png.rf.52999f62bdc0724c0f378e0275dbd427","images/img_0001.jpg","count","component_count","easy","How many current sources are present in the complete circuit diagram? Answer with a number only.","图中共有多少个电流源？请只回答数字。","1","number"
"qa_v6f_001761","img_0028","val__d1_autockt_-532_png.rf.138fa05f36e89fee6e96f977abb70967","images/img_0028.jpg","count","component_count","easy","How many resistors are present in the complete circuit diagram? Answer with a number only.","图中共有多少个电阻？请只回答数字。","3","number"
"qa_v6f_000142","img_0207","val__d1_autockt_-549_png.rf.cd7532f4fd6a7aef4f779a2cde3ae912","images/img_0207.jpg","count","component_count","easy","How many resistors are present in the complete circuit diagram? Answer with a number only.","图中共有多少个电阻？请只回答数字。","3","number"
"qa_v6f_000366","img_0110","val__d1_autockt_-565_png.rf.8f50369fd12957b8a7196cc75472f2ac","images/img_0110.jpg","count","component_count","easy","How many resistors are present in the complete circuit diagram? Answer with a number only.","图中共有多少个电阻？请只回答数字。","2","number"
"qa_v6f_000437","img_0376","val__d1_autockt_-585_png.rf.9cd4486d6855db118ad7cd039078803f","images/img_0376.jpg","count","component_count","easy","How many voltage sources are present in the complete circuit diagram? Answer with a number only.","图中共有多少个电压源？请只回答数字。","2","number"
"qa_v6f_001320","img_0300","val__d1_autockt_-668_png.rf.5c3239b14965cfbaa5dc6d65d05c12f4","images/img_0300.jpg","count","component_count","easy","How many capacitors are present in the complete circuit diagram? Answer with a number only.","图中共有多少个电容？请只回答数字。","1","number"
"qa_v6f_001818","img_0245","val__d1_autockt_-689_png.rf.95614017f39c9d3857628ab539eba831","images/img_0245.jpg","count","component_count","easy","How many inductors are present in the complete circuit diagram? Answer with a number only.","图中共有多少个电感？请只回答数字。","2","number"
"qa_v6f_001472","img_0140","val__d1_autockt_-768_png.rf.78d467f998f226aa2595f90efa1cefa8","images/img_0140.jpg","count","component_count","easy","How many capacitors are present in the complete circuit diagram? Answer with a number only.","图中共有多少个电容？请只回答数字。","1","number"
"qa_v6f_001473","img_0140","val__d1_autockt_-768_png.rf.78d467f998f226aa2595f90efa1cefa8","images/img_0140.jpg","count","component_count","easy","How many resistors are present in the complete circuit diagram? Answer with a number only.","图中共有多少个电阻？请只回答数字。","3","number"
"qa_v6f_002301","img_0211","val__d1_autockt_-777_png.rf.d94f26464495fd91ffbfb9f789bfb6e7","images/img_0211.jpg","count","component_count","easy","How many inductors are present in the complete circuit diagram? Answer with a number only.","图中共有多少个电感？请只回答数字。","1","number"
"qa_v6f_000225","img_0007","val__d1_autockt_-803_png.rf.681fb84d12900583f86eaf05720a6915","images/img_0007.jpg","count","component_count","easy","How many inductors are present in the complete circuit diagram? Answer with a number only.","图中共有多少个电感？请只回答数字。","2","number"
"qa_v6f_000014","img_0310","val__d1_autockt_-813_png.rf.130c8a0fbaf97146f2938036426dd5d6","images/img_0310.jpg","count","component_count","easy","How many resistors are present in the complete circuit diagram? Answer with a number only.","图中共有多少个电阻？请只回答数字。","3","number"
"qa_v6f_002216","img_0202","val__d1_autockt_-83_png.rf.aebffdee0861612f670d3d6a99331654","images/img_0202.jpg","count","component_count","easy","How many resistors are present in the complete circuit diagram? Answer with a number only.","图中共有多少个电阻？请只回答数字。","2","number"
"qa_v6f_001317","img_0089","val__d1_autockt_-97_png.rf.834fb78a8dabec1a526247e47133839e","images/img_0089.jpg","count","component_count","easy","How many capacitors are present in the complete circuit diagram? Answer with a number only.","图中共有多少个电容？请只回答数字。","1","number"
"qa_v6f_001064","img_0272","val__d1_electrical_217_png.rf.c801bcddebfab2ceb23bddc1d8043d0d","images/img_0272.jpg","count","component_count","easy","How many capacitors are present in the complete circuit diagram? Answer with a number only.","图中共有多少个电容？请只回答数字。","1","number"
"qa_v6f_002256","img_0067","val__d1_electrical_247_png.rf.eb5dda8013452137840aac20985f3ba3","images/img_0067.jpg","count","component_count","easy","How many inductors are present in the complete circuit diagram? Answer with a number only.","图中共有多少个电感？请只回答数字。","3","number"
"qa_v6f_000304","img_0208","test500__d1_309_png.rf.afb52851067e1c0aa9cc92104fb60ea9","images/img_0208.jpg","path","shortest_path_intermediate_count","medium","Along the shortest component path from the inductor in the diagram to the capacitor in the diagram, how many intermediate components must be traversed, excluding the start and end components?","从图中的电感到图中的电容的最短元件路径中，至少要经过几个中间元件（不含起点和终点）？","0","number"
"qa_v6f_000432","img_0208","test500__d1_309_png.rf.afb52851067e1c0aa9cc92104fb60ea9","images/img_0208.jpg","path","shortest_path_intermediate_count","medium","Along the shortest component path from the voltage source in the diagram to the inductor in the diagram, how many intermediate components must be traversed, excluding the start and end components?","从图中的电压源到图中的电感的最短元件路径中，至少要经过几个中间元件（不含起点和终点）？","0","number"
"qa_v6f_000983","img_0208","test500__d1_309_png.rf.afb52851067e1c0aa9cc92104fb60ea9","images/img_0208.jpg","path","shortest_path_component_count","medium","Along the shortest component path from the resistor in the diagram to the capacitor in the diagram, how many components are included when both the start and end components are counted?","从图中的电阻到图中的电容的最短元件路径中，若包含起点和终点，共有几个元件？","2","number"
"qa_v6f_000339","img_0318","test500__d1_310_png.rf.dc8f3a60bf4e73925fb5238b4af6f3e3","images/img_0318.jpg","path","shortest_path_component_count","medium","Along the shortest component path from the resistor in the diagram to the voltage source in the diagram, how many components are included when both the start and end components are counted?","从图中的电阻到图中的电压源的最短元件路径中，若包含起点和终点，共有几个元件？","3","number"
"qa_v6f_000853","img_0318","test500__d1_310_png.rf.dc8f3a60bf4e73925fb5238b4af6f3e3","images/img_0318.jpg","path","shortest_path_intermediate_count","medium","Along the shortest component path from the inductor in the diagram to the capacitor in the diagram, how many intermediate components must be traversed, excluding the start and end components?","从图中的电感到图中的电容的最短元件路径中，至少要经过几个中间元件（不含起点和终点）？","1","number"
"qa_v6f_001836","img_0318","test500__d1_310_png.rf.dc8f3a60bf4e73925fb5238b4af6f3e3","images/img_0318.jpg","path","shortest_path_intermediate_count","medium","Along the shortest component path from the inductor in the diagram to the voltage source in the diagram, how many intermediate components must be traversed, excluding the start and end components?","从图中的电感到图中的电压源的最短元件路径中，至少要经过几个中间元件（不含起点和终点）？","0","number"
"qa_v6f_002031","img_0318","test500__d1_310_png.rf.dc8f3a60bf4e73925fb5238b4af6f3e3","images/img_0318.jpg","path","shortest_path_component_count","medium","Along the shortest component path from the capacitor in the diagram to the voltage source in the diagram, how many components are included when both the start and end components are counted?","从图中的电容到图中的电压源的最短元件路径中，若包含起点和终点，共有几个元件？","2","number"
"qa_v6f_000677","img_0384","test500__d1_325_png.rf.31dc60fd6d045420fa8a5dc06a695239","images/img_0384.jpg","path","shortest_path_intermediate_count","medium","Along the shortest component path from the capacitor in the diagram to the inductor in the diagram, how many intermediate components must be traversed, excluding the start and end components?","从图中的电容到图中的电感的最短元件路径中，至少要经过几个中间元件（不含起点和终点）？","0","number"
"qa_v6f_001622","img_0384","test500__d1_325_png.rf.31dc60fd6d045420fa8a5dc06a695239","images/img_0384.jpg","path","shortest_path_intermediate_count","medium","Along the shortest component path from the voltage source in the diagram to the inductor in the diagram, how many intermediate components must be traversed, excluding the start and end components?","从图中的电压源到图中的电感的最短元件路径中，至少要经过几个中间元件（不含起点和终点）？","1","number"
"qa_v6f_002341","img_0384","test500__d1_325_png.rf.31dc60fd6d045420fa8a5dc06a695239","images/img_0384.jpg","path","shortest_path_component_count","medium","Along the shortest component path from the voltage source in the diagram to the capacitor in the diagram, how many components are included when both the start and end components are counted?","从图中的电压源到图中的电容的最短元件路径中，若包含起点和终点，共有几个元件？","2","number"
"qa_v6f_000488","img_0368","test500__d1_336_png.rf.80126fdcd5d8f916c1c0e831a78755d7","images/img_0368.jpg","path","shortest_path_component_count","medium","Along the shortest component path from the capacitor in the diagram to the voltage source in the diagram, how many components are included when both the start and end components are counted?","从图中的电容到图中的电压源的最短元件路径中，若包含起点和终点，共有几个元件？","2","number"
"qa_v6f_002333","img_0368","test500__d1_336_png.rf.80126fdcd5d8f916c1c0e831a78755d7","images/img_0368.jpg","path","shortest_path_intermediate_count","medium","Along the shortest component path from the capacitor in the diagram to the voltage source in the diagram, how many intermediate components must be traversed, excluding the start and end components?","从图中的电容到图中的电压源的最短元件路径中，至少要经过几个中间元件（不含起点和终点）？","0","number"
"qa_v6f_000283","img_0370","test500__d1_348_png.rf.6ba2566557f52d926f270829cce5d691","images/img_0370.jpg","path","shortest_path_intermediate_count","medium","Along the shortest component path from the capacitor in the diagram to the inductor in the diagram, how many intermediate components must be traversed, excluding the start and end components?","从图中的电容到图中的电感的最短元件路径中，至少要经过几个中间元件（不含起点和终点）？","0","number"
"qa_v6f_001477","img_0370","test500__d1_348_png.rf.6ba2566557f52d926f270829cce5d691","images/img_0370.jpg","path","shortest_path_component_count","medium","Along the shortest component path from the capacitor in the diagram to the inductor in the diagram, how many components are included when both the start and end components are counted?","从图中的电容到图中的电感的最短元件路径中，若包含起点和终点，共有几个元件？","2","number"
"qa_v6f_000738","img_0275","test500__d1_351_png.rf.b46c07a9f8d3f85297fe8cf1285715f8","images/img_0275.jpg","path","shortest_path_intermediate_count","medium","Along the shortest component path from the 2nd port from the top to the capacitor in the diagram, how many intermediate components must be traversed, excluding the start and end components?","从从上到下第2个端口到图中的电容的最短元件路径中，至少要经过几个中间元件（不含起点和终点）？","0","number"
"qa_v6f_001391","img_0275","test500__d1_351_png.rf.b46c07a9f8d3f85297fe8cf1285715f8","images/img_0275.jpg","path","shortest_path_component_count","medium","Along the shortest component path from the 2nd port from the top to the capacitor in the diagram, how many components are included when both the start and end components are counted?","从从上到下第2个端口到图中的电容的最短元件路径中，若包含起点和终点，共有几个元件？","2","number"
"qa_v6f_000619","img_0280","test500__d1_autockt_-120_png.rf.a3bb85cd2691e63707e94d871b483d23","images/img_0280.jpg","path","shortest_path_component_count","medium","Along the shortest component path from the inductor in the diagram to the current source in the diagram, how many components are included when both the start and end components are counted?","从图中的电感到图中的电流源的最短元件路径中，若包含起点和终点，共有几个元件？","2","number"
"qa_v6f_000907","img_0280","test500__d1_autockt_-120_png.rf.a3bb85cd2691e63707e94d871b483d23","images/img_0280.jpg","path","shortest_path_intermediate_count","medium","Along the shortest component path from the capacitor in the diagram to the current source in the diagram, how many intermediate components must be traversed, excluding the start and end components?","从图中的电容到图中的电流源的最短元件路径中，至少要经过几个中间元件（不含起点和终点）？","0","number"
"qa_v6f_001762","img_0280","test500__d1_autockt_-120_png.rf.a3bb85cd2691e63707e94d871b483d23","images/img_0280.jpg","path","shortest_path_intermediate_count","medium","Along the shortest component path from the 1st resistor from the left to the inductor in the diagram, how many intermediate components must be traversed, excluding the start and end components?","从从左到右第1个电阻到图中的电感的最短元件路径中，至少要经过几个中间元件（不含起点和终点）？","0","number"
"qa_v6f_001195","img_0346","test500__d1_autockt_-140_png.rf.6e25f3bdff0e1261b22787f21e39c79b","images/img_0346.jpg","path","shortest_path_intermediate_count","medium","Along the shortest component path from the 2nd resistor from the left to the current source in the diagram, how many intermediate components must be traversed, excluding the start and end components?","从从左到右第2个电阻到图中的电流源的最短元件路径中，至少要经过几个中间元件（不含起点和终点）？","1","number"
"qa_v6f_001353","img_0346","test500__d1_autockt_-140_png.rf.6e25f3bdff0e1261b22787f21e39c79b","images/img_0346.jpg","path","shortest_path_component_count","medium","Along the shortest component path from the voltage source in the diagram to the 1st resistor from the left, how many components are included when both the start and end components are counted?","从图中的电压源到从左到右第1个电阻的最短元件路径中，若包含起点和终点，共有几个元件？","3","number"
"qa_v6f_001463","img_0346","test500__d1_autockt_-140_png.rf.6e25f3bdff0e1261b22787f21e39c79b","images/img_0346.jpg","path","shortest_path_intermediate_count","medium","Along the shortest component path from the 2nd resistor from the left to the 1st resistor from the left, how many intermediate components must be traversed, excluding the start and end components?","从从左到右第2个电阻到从左到右第1个电阻的最短元件路径中，至少要经过几个中间元件（不含起点和终点）？","0","number"
"qa_v6f_001754","img_0346","test500__d1_autockt_-140_png.rf.6e25f3bdff0e1261b22787f21e39c79b","images/img_0346.jpg","path","shortest_path_component_count","medium","Along the shortest component path from the voltage source in the diagram to the 2nd resistor from the left, how many components are included when both the start and end components are counted?","从图中的电压源到从左到右第2个电阻的最短元件路径中，若包含起点和终点，共有几个元件？","2","number"
"qa_v6f_000106","img_0263","test500__d1_autockt_-143_png.rf.ee52e4aba23f19f81e6d3c3f9e9d58f5","images/img_0263.jpg","path","shortest_path_intermediate_count","medium","Along the shortest component path from the inductor in the diagram to the capacitor in the diagram, how many intermediate components must be traversed, excluding the start and end components?","从图中的电感到图中的电容的最短元件路径中，至少要经过几个中间元件（不含起点和终点）？","0","number"
"qa_v6f_000363","img_0263","test500__d1_autockt_-143_png.rf.ee52e4aba23f19f81e6d3c3f9e9d58f5","images/img_0263.jpg","path","shortest_path_component_count","medium","Along the shortest component path from the voltage source in the diagram to the capacitor in the diagram, how many components are included when both the start and end components are counted?","从图中的电压源到图中的电容的最短元件路径中，若包含起点和终点，共有几个元件？","2","number"
"qa_v6f_001327","img_0263","test500__d1_autockt_-143_png.rf.ee52e4aba23f19f81e6d3c3f9e9d58f5","images/img_0263.jpg","path","shortest_path_intermediate_count","medium","Along the shortest component path from the inductor in the diagram to the voltage source in the diagram, how many intermediate components must be traversed, excluding the start and end components?","从图中的电感到图中的电压源的最短元件路径中，至少要经过几个中间元件（不含起点和终点）？","1","number"
"qa_v6f_001788","img_0263","test500__d1_autockt_-143_png.rf.ee52e4aba23f19f81e6d3c3f9e9d58f5","images/img_0263.jpg","path","shortest_path_component_count","medium","Along the shortest component path from the inductor in the diagram to the voltage source in the diagram, how many components are included when both the start and end components are counted?","从图中的电感到图中的电压源的最短元件路径中，若包含起点和终点，共有几个元件？","3","number"
"qa_v6f_001536","img_0099","test500__d1_autockt_-171_png.rf.fd6079bb003a1487a272e55213a89c59","images/img_0099.jpg","path","shortest_path_intermediate_count","medium","Along the shortest component path from the voltage source in the diagram to the 1st resistor from the left, how many intermediate components must be traversed, excluding the start and end components?","从图中的电压源到从左到右第1个电阻的最短元件路径中，至少要经过几个中间元件（不含起点和终点）？","0","number"
"qa_v6f_001648","img_0099","test500__d1_autockt_-171_png.rf.fd6079bb003a1487a272e55213a89c59","images/img_0099.jpg","path","shortest_path_component_count","medium","Along the shortest component path from the 2nd resistor from the left to the current source in the diagram, how many components are included when both the start and end components are counted?","从从左到右第2个电阻到图中的电流源的最短元件路径中，若包含起点和终点，共有几个元件？","2","number"
"qa_v6f_000739","img_0244","test500__d1_autockt_-172_png.rf.fa39f5695747bd3c54c74cb3408d54a1","images/img_0244.jpg","path","shortest_path_intermediate_count","medium","Along the shortest component path from the 1st resistor from the left to the capacitor in the diagram, how many intermediate components must be traversed, excluding the start and end components?","从从左到右第1个电阻到图中的电容的最短元件路径中，至少要经过几个中间元件（不含起点和终点）？","0","number"
"qa_v6f_001326","img_0244","test500__d1_autockt_-172_png.rf.fa39f5695747bd3c54c74cb3408d54a1","images/img_0244.jpg","path","shortest_path_component_count","medium","Along the shortest component path from the capacitor in the diagram to the current source in the diagram, how many components are included when both the start and end components are counted?","从图中的电容到图中的电流源的最短元件路径中，若包含起点和终点，共有几个元件？","3","number"
"qa_v6f_001390","img_0016","test500__d1_autockt_-17_png.rf.20abd76f3e8e09baca303cf10e7c04ab","images/img_0016.jpg","path","shortest_path_intermediate_count","medium","Along the shortest component path from the 1st inductor from the left to the capacitor in the diagram, how many intermediate components must be traversed, excluding the start and end components?","从从左到右第1个电感到图中的电容的最短元件路径中，至少要经过几个中间元件（不含起点和终点）？","0","number"
"qa_v6f_001920","img_0016","test500__d1_autockt_-17_png.rf.20abd76f3e8e09baca303cf10e7c04ab","images/img_0016.jpg","path","shortest_path_component_count","medium","Along the shortest component path from the capacitor in the diagram to the 2nd voltage source from the left, how many components are included when both the start and end components are counted?","从图中的电容到从左到右第2个电压源的最短元件路径中，若包含起点和终点，共有几个元件？","3","number"
"qa_v6f_000625","img_0377","test500__d1_autockt_-1_png.rf.23fcfeb82e2f264cab71ec3c38455ac2","images/img_0377.jpg","path","shortest_path_intermediate_count","medium","Along the shortest component path from the 1st resistor from the left to the current source in the diagram, how many intermediate components must be traversed, excluding the start and end components?","从从左到右第1个电阻到图中的电流源的最短元件路径中，至少要经过几个中间元件（不含起点和终点）？","0","number"
"qa_v6f_000884","img_0377","test500__d1_autockt_-1_png.rf.23fcfeb82e2f264cab71ec3c38455ac2","images/img_0377.jpg","path","shortest_path_component_count","medium","Along the shortest component path from the inductor in the diagram to the 1st resistor from the left, how many components are included when both the start and end components are counted?","从图中的电感到从左到右第1个电阻的最短元件路径中，若包含起点和终点，共有几个元件？","2","number"
"qa_v6f_001531","img_0377","test500__d1_autockt_-1_png.rf.23fcfeb82e2f264cab71ec3c38455ac2","images/img_0377.jpg","path","shortest_path_component_count","medium","Along the shortest component path from the inductor in the diagram to the current source in the diagram, how many components are included when both the start and end components are counted?","从图中的电感到图中的电流源的最短元件路径中，若包含起点和终点，共有几个元件？","3","number"
"qa_v6f_000011","img_0144","test500__d1_autockt_-213_png.rf.d548cdb0fa3219c798c708ed8abd1371","images/img_0144.jpg","path","shortest_path_intermediate_count","medium","Along the shortest component path from the inductor in the diagram to the capacitor in the diagram, how many intermediate components must be traversed, excluding the start and end components?","从图中的电感到图中的电容的最短元件路径中，至少要经过几个中间元件（不含起点和终点）？","1","number"
"qa_v6f_001306","img_0144","test500__d1_autockt_-213_png.rf.d548cdb0fa3219c798c708ed8abd1371","images/img_0144.jpg","path","shortest_path_component_count","medium","Along the shortest component path from the inductor in the diagram to the current source in the diagram, how many components are included when both the start and end components are counted?","从图中的电感到图中的电流源的最短元件路径中，若包含起点和终点，共有几个元件？","4","number"
"qa_v6f_000047","img_0307","test500__d1_autockt_-223_png.rf.3e860cd6dfaa923148f9112c02dc7598","images/img_0307.jpg","path","shortest_path_intermediate_count","medium","Along the shortest component path from the inductor in the diagram to the current source in the diagram, how many intermediate components must be traversed, excluding the start and end components?","从图中的电感到图中的电流源的最短元件路径中，至少要经过几个中间元件（不含起点和终点）？","1","number"
"qa_v6f_000575","img_0307","test500__d1_autockt_-223_png.rf.3e860cd6dfaa923148f9112c02dc7598","images/img_0307.jpg","path","shortest_path_component_count","medium","Along the shortest component path from the voltage source in the diagram to the current source in the diagram, how many components are included when both the start and end components are counted?","从图中的电压源到图中的电流源的最短元件路径中，若包含起点和终点，共有几个元件？","2","number"
"qa_v6f_000683","img_0307","test500__d1_autockt_-223_png.rf.3e860cd6dfaa923148f9112c02dc7598","images/img_0307.jpg","path","shortest_path_component_count","medium","Along the shortest component path from the voltage source in the diagram to the capacitor in the diagram, how many components are included when both the start and end components are counted?","从图中的电压源到图中的电容的最短元件路径中，若包含起点和终点，共有几个元件？","5","number"
"qa_v6f_002155","img_0307","test500__d1_autockt_-223_png.rf.3e860cd6dfaa923148f9112c02dc7598","images/img_0307.jpg","path","shortest_path_intermediate_count","medium","Along the shortest component path from the inductor in the diagram to the 2nd resistor from the top, how many intermediate components must be traversed, excluding the start and end components?","从图中的电感到从上到下第2个电阻的最短元件路径中，至少要经过几个中间元件（不含起点和终点）？","3","number"
"qa_v6f_000499","img_0221","test500__d1_autockt_-229_png.rf.2c54b82e1a3ca25e677ad8a85ddec714","images/img_0221.jpg","path","shortest_path_component_count","medium","Along the shortest component path from the voltage source in the diagram to the 2nd inductor from the left, how many components are included when both the start and end components are counted?","从图中的电压源到从左到右第2个电感的最短元件路径中，若包含起点和终点，共有几个元件？","4","number"
"qa_v6f_000545","img_0221","test500__d1_autockt_-229_png.rf.2c54b82e1a3ca25e677ad8a85ddec714","images/img_0221.jpg","path","shortest_path_component_count","medium","Along the shortest component path from the voltage source in the diagram to the 3rd resistor from the left, how many components are included when both the start and end components are counted?","从图中的电压源到从左到右第3个电阻的最短元件路径中，若包含起点和终点，共有几个元件？","2","number"
"qa_v6f_002091","img_0221","test500__d1_autockt_-229_png.rf.2c54b82e1a3ca25e677ad8a85ddec714","images/img_0221.jpg","path","shortest_path_intermediate_count","medium","Along the shortest component path from the voltage source in the diagram to the 2nd inductor from the left, how many intermediate components must be traversed, excluding the start and end components?","从图中的电压源到从左到右第2个电感的最短元件路径中，至少要经过几个中间元件（不含起点和终点）？","2","number"
"qa_v6f_002149","img_0221","test500__d1_autockt_-229_png.rf.2c54b82e1a3ca25e677ad8a85ddec714","images/img_0221.jpg","path","shortest_path_intermediate_count","medium","Along the shortest component path from the 2nd inductor from the left to the 3rd resistor from the left, how many intermediate components must be traversed, excluding the start and end components?","从从左到右第2个电感到从左到右第3个电阻的最短元件路径中，至少要经过几个中间元件（不含起点和终点）？","1","number"
"qa_v6f_000600","img_0081","test500__d1_autockt_-275_png.rf.d450a27a0032bf38aa10b86488403126","images/img_0081.jpg","path","shortest_path_component_count","medium","Along the shortest component path from the 2nd inductor from the left to the 1st inductor from the left, how many components are included when both the start and end components are counted?","从从左到右第2个电感到从左到右第1个电感的最短元件路径中，若包含起点和终点，共有几个元件？","2","number"
"qa_v6f_000762","img_0081","test500__d1_autockt_-275_png.rf.d450a27a0032bf38aa10b86488403126","images/img_0081.jpg","path","shortest_path_intermediate_count","medium","Along the shortest component path from the 1st resistor from the left to the 2nd inductor from the left, how many intermediate components must be traversed, excluding the start and end components?","从从左到右第1个电阻到从左到右第2个电感的最短元件路径中，至少要经过几个中间元件（不含起点和终点）？","1","number"
"qa_v6f_000313","img_0325","test500__d1_autockt_-27_png.rf.7f9527e137bd26978e6705e8c0f8af91","images/img_0325.jpg","path","shortest_path_component_count","medium","Along the shortest component path from the inductor in the diagram to the 1st resistor from the left, how many components are included when both the start and end components are counted?","从图中的电感到从左到右第1个电阻的最短元件路径中，若包含起点和终点，共有几个元件？","2","number"
"qa_v6f_001722","img_0325","test500__d1_autockt_-27_png.rf.7f9527e137bd26978e6705e8c0f8af91","images/img_0325.jpg","path","shortest_path_intermediate_count","medium","Along the shortest component path from the inductor in the diagram to the 1st resistor from the left, how many intermediate components must be traversed, excluding the start and end components?","从图中的电感到从左到右第1个电阻的最短元件路径中，至少要经过几个中间元件（不含起点和终点）？","0","number"
"qa_v6f_002069","img_0325","test500__d1_autockt_-27_png.rf.7f9527e137bd26978e6705e8c0f8af91","images/img_0325.jpg","path","shortest_path_intermediate_count","medium","Along the shortest component path from the 1st resistor from the left to the capacitor in the diagram, how many intermediate components must be traversed, excluding the start and end components?","从从左到右第1个电阻到图中的电容的最短元件路径中，至少要经过几个中间元件（不含起点和终点）？","0","number"
"qa_v6f_002088","img_0325","test500__d1_autockt_-27_png.rf.7f9527e137bd26978e6705e8c0f8af91","images/img_0325.jpg","path","shortest_path_component_count","medium","Along the shortest component path from the inductor in the diagram to the capacitor in the diagram, how many components are included when both the start and end components are counted?","从图中的电感到图中的电容的最短元件路径中，若包含起点和终点，共有几个元件？","2","number"
"qa_v6f_000644","img_0011","test500__d1_autockt_-286_png.rf.9929c6bed5a7e2439e2f2d28f17bccc8","images/img_0011.jpg","path","shortest_path_intermediate_count","medium","Along the shortest component path from the voltage source in the diagram to the capacitor in the diagram, how many intermediate components must be traversed, excluding the start and end components?","从图中的电压源到图中的电容的最短元件路径中，至少要经过几个中间元件（不含起点和终点）？","0","number"
"qa_v6f_000660","img_0011","test500__d1_autockt_-286_png.rf.9929c6bed5a7e2439e2f2d28f17bccc8","images/img_0011.jpg","path","shortest_path_component_count","medium","Along the shortest component path from the current source in the diagram to the 1st resistor from the top, how many components are included when both the start and end components are counted?","从图中的电流源到从上到下第1个电阻的最短元件路径中，若包含起点和终点，共有几个元件？","2","number"
"qa_v6f_000756","img_0011","test500__d1_autockt_-286_png.rf.9929c6bed5a7e2439e2f2d28f17bccc8","images/img_0011.jpg","path","shortest_path_intermediate_count","medium","Along the shortest component path from the current source in the diagram to the 1st resistor from the top, how many intermediate components must be traversed, excluding the start and end components?","从图中的电流源到从上到下第1个电阻的最短元件路径中，至少要经过几个中间元件（不含起点和终点）？","0","number"
"qa_v6f_001946","img_0011","test500__d1_autockt_-286_png.rf.9929c6bed5a7e2439e2f2d28f17bccc8","images/img_0011.jpg","path","shortest_path_component_count","medium","Along the shortest component path from the capacitor in the diagram to the current source in the diagram, how many components are included when both the start and end components are counted?","从图中的电容到图中的电流源的最短元件路径中，若包含起点和终点，共有几个元件？","2","number"
"qa_v6f_001626","img_0094","test500__d1_autockt_-304_png.rf.84edf22f1a8418a9c025ed79e5968e44","images/img_0094.jpg","path","shortest_path_component_count","medium","Along the shortest component path from the 1st resistor from the left to the 1st capacitor from the left, how many components are included when both the start and end components are counted?","从从左到右第1个电阻到从左到右第1个电容的最短元件路径中，若包含起点和终点，共有几个元件？","2","number"
"qa_v6f_001987","img_0094","test500__d1_autockt_-304_png.rf.84edf22f1a8418a9c025ed79e5968e44","images/img_0094.jpg","path","shortest_path_intermediate_count","medium","Along the shortest component path from the voltage source in the diagram to the 2nd capacitor from the left, how many intermediate components must be traversed, excluding the start and end components?","从图中的电压源到从左到右第2个电容的最短元件路径中，至少要经过几个中间元件（不含起点和终点）？","2","number"
"qa_v6f_000318","img_0109","test500__d1_autockt_-31_png.rf.ddb8fa3af873912460684b7ce817468d","images/img_0109.jpg","path","shortest_path_intermediate_count","medium","Along the shortest component path from the 2nd current source from the left to the 1st current source from the left, how many intermediate components must be traversed, excluding the start and end components?","从从左到右第2个电流源到从左到右第1个电流源的最短元件路径中，至少要经过几个中间元件（不含起点和终点）？","0","number"
"qa_v6f_000530","img_0109","test500__d1_autockt_-31_png.rf.ddb8fa3af873912460684b7ce817468d","images/img_0109.jpg","path","shortest_path_component_count","medium","Along the shortest component path from the capacitor in the diagram to the 1st current source from the left, how many components are included when both the start and end components are counted?","从图中的电容到从左到右第1个电流源的最短元件路径中，若包含起点和终点，共有几个元件？","3","number"
"qa_v6f_000832","img_0238","test500__d1_autockt_-345_png.rf.a38dcd7bd83e33b9fe65822085d37b2e","images/img_0238.jpg","path","shortest_path_intermediate_count","medium","Along the shortest component path from the 1st resistor from the top to the current source in the diagram, how many intermediate components must be traversed, excluding the start and end components?","从从上到下第1个电阻到图中的电流源的最短元件路径中，至少要经过几个中间元件（不含起点和终点）？","2","number"
"qa_v6f_001619","img_0238","test500__d1_autockt_-345_png.rf.a38dcd7bd83e33b9fe65822085d37b2e","images/img_0238.jpg","path","shortest_path_intermediate_count","medium","Along the shortest component path from the 3rd resistor from the top to the capacitor in the diagram, how many intermediate components must be traversed, excluding the start and end components?","从从上到下第3个电阻到图中的电容的最短元件路径中，至少要经过几个中间元件（不含起点和终点）？","0","number"
"qa_v6f_002313","img_0238","test500__d1_autockt_-345_png.rf.a38dcd7bd83e33b9fe65822085d37b2e","images/img_0238.jpg","path","shortest_path_component_count","medium","Along the shortest component path from the 1st resistor from the top to the 3rd resistor from the top, how many components are included when both the start and end components are counted?","从从上到下第1个电阻到从上到下第3个电阻的最短元件路径中，若包含起点和终点，共有几个元件？","3","number"
"qa_v6f_002346","img_0238","test500__d1_autockt_-345_png.rf.a38dcd7bd83e33b9fe65822085d37b2e","images/img_0238.jpg","path","shortest_path_component_count","medium","Along the shortest component path from the 1st resistor from the top to the capacitor in the diagram, how many components are included when both the start and end components are counted?","从从上到下第1个电阻到图中的电容的最短元件路径中，若包含起点和终点，共有几个元件？","2","number"
"qa_v6f_000941","img_0332","test500__d1_autockt_-358_png.rf.2e4a547ba612ed2069d0b175f4d56524","images/img_0332.jpg","path","shortest_path_intermediate_count","medium","Along the shortest component path from the voltage source in the diagram to the capacitor in the diagram, how many intermediate components must be traversed, excluding the start and end components?","从图中的电压源到图中的电容的最短元件路径中，至少要经过几个中间元件（不含起点和终点）？","1","number"
"qa_v6f_001368","img_0332","test500__d1_autockt_-358_png.rf.2e4a547ba612ed2069d0b175f4d56524","images/img_0332.jpg","path","shortest_path_component_count","medium","Along the shortest component path from the inductor in the diagram to the 1st resistor from the top, how many components are included when both the start and end components are counted?","从图中的电感到从上到下第1个电阻的最短元件路径中，若包含起点和终点，共有几个元件？","3","number"
"qa_v6f_001799","img_0332","test500__d1_autockt_-358_png.rf.2e4a547ba612ed2069d0b175f4d56524","images/img_0332.jpg","path","shortest_path_component_count","medium","Along the shortest component path from the 3rd resistor from the top to the 1st resistor from the top, how many components are included when both the start and end components are counted?","从从上到下第3个电阻到从上到下第1个电阻的最短元件路径中，若包含起点和终点，共有几个元件？","3","number"
"qa_v6f_002351","img_0332","test500__d1_autockt_-358_png.rf.2e4a547ba612ed2069d0b175f4d56524","images/img_0332.jpg","path","shortest_path_intermediate_count","medium","Along the shortest component path from the voltage source in the diagram to the inductor in the diagram, how many intermediate components must be traversed, excluding the start and end components?","从图中的电压源到图中的电感的最短元件路径中，至少要经过几个中间元件（不含起点和终点）？","0","number"
"qa_v6f_000631","img_0219","test500__d1_autockt_-360_png.rf.099ca8cd253c336716ea7c6e06a4fb04","images/img_0219.jpg","path","shortest_path_component_count","medium","Along the shortest component path from the inductor in the diagram to the 1st resistor from the left, how many components are included when both the start and end components are counted?","从图中的电感到从左到右第1个电阻的最短元件路径中，若包含起点和终点，共有几个元件？","4","number"
"qa_v6f_002189","img_0219","test500__d1_autockt_-360_png.rf.099ca8cd253c336716ea7c6e06a4fb04","images/img_0219.jpg","path","shortest_path_intermediate_count","medium","Along the shortest component path from the 1st voltage source from the left to the 2nd resistor from the left, how many intermediate components must be traversed, excluding the start and end components?","从从左到右第1个电压源到从左到右第2个电阻的最短元件路径中，至少要经过几个中间元件（不含起点和终点）？","2","number"
"qa_v6f_000022","img_0160","test500__d1_autockt_-369_png.rf.09448f550cb4389133033c981bf1a41d","images/img_0160.jpg","path","shortest_path_component_count","medium","Along the shortest component path from the 1st inductor from the left to the 2nd inductor from the left, how many components are included when both the start and end components are counted?","从从左到右第1个电感到从左到右第2个电感的最短元件路径中，若包含起点和终点，共有几个元件？","2","number"
"qa_v6f_000281","img_0160","test500__d1_autockt_-369_png.rf.09448f550cb4389133033c981bf1a41d","images/img_0160.jpg","path","shortest_path_intermediate_count","medium","Along the shortest component path from the 1st inductor from the left to the 2nd inductor from the left, how many intermediate components must be traversed, excluding the start and end components?","从从左到右第1个电感到从左到右第2个电感的最短元件路径中，至少要经过几个中间元件（不含起点和终点）？","0","number"
"qa_v6f_000442","img_0292","test500__d1_autockt_-374_png.rf.27f1e8497b924e53414bca51f99fb324","images/img_0292.jpg","path","shortest_path_component_count","medium","Along the shortest component path from the inductor in the diagram to the 3rd resistor from the left, how many components are included when both the start and end components are counted?","从图中的电感到从左到右第3个电阻的最短元件路径中，若包含起点和终点，共有几个元件？","2","number"
"qa_v6f_000676","img_0292","test500__d1_autockt_-374_png.rf.27f1e8497b924e53414bca51f99fb324","images/img_0292.jpg","path","shortest_path_intermediate_count","medium","Along the shortest component path from the 1st resistor from the left to the 3rd resistor from the left, how many intermediate components must be traversed, excluding the start and end components?","从从左到右第1个电阻到从左到右第3个电阻的最短元件路径中，至少要经过几个中间元件（不含起点和终点）？","1","number"
"qa_v6f_000503","img_0090","test500__d1_autockt_-406_png.rf.cfbb7ac16fd4972ab5b62de3fa6b5b5e","images/img_0090.jpg","path","shortest_path_intermediate_count","medium","Along the shortest component path from the inductor in the diagram to the current source in the diagram, how many intermediate components must be traversed, excluding the start and end components?","从图中的电感到图中的电流源的最短元件路径中，至少要经过几个中间元件（不含起点和终点）？","1","number"
"qa_v6f_000922","img_0090","test500__d1_autockt_-406_png.rf.cfbb7ac16fd4972ab5b62de3fa6b5b5e","images/img_0090.jpg","path","shortest_path_intermediate_count","medium","Along the shortest component path from the inductor in the diagram to the 1st resistor from the left, how many intermediate components must be traversed, excluding the start and end components?","从图中的电感到从左到右第1个电阻的最短元件路径中，至少要经过几个中间元件（不含起点和终点）？","0","number"
"qa_v6f_000976","img_0090","test500__d1_autockt_-406_png.rf.cfbb7ac16fd4972ab5b62de3fa6b5b5e","images/img_0090.jpg","path","shortest_path_component_count","medium","Along the shortest component path from the inductor in the diagram to the current source in the diagram, how many components are included when both the start and end components are counted?","从图中的电感到图中的电流源的最短元件路径中，若包含起点和终点，共有几个元件？","3","number"
"qa_v6f_000016","img_0049","test500__d1_autockt_-410_png.rf.44ccc47e54e47d86c42574ac1fa36b65","images/img_0049.jpg","path","shortest_path_component_count","medium","Along the shortest component path from the 2nd inductor from the left to the 2nd resistor from the left, how many components are included when both the start and end components are counted?","从从左到右第2个电感到从左到右第2个电阻的最短元件路径中，若包含起点和终点，共有几个元件？","3","number"
"qa_v6f_000450","img_0049","test500__d1_autockt_-410_png.rf.44ccc47e54e47d86c42574ac1fa36b65","images/img_0049.jpg","path","shortest_path_intermediate_count","medium","Along the shortest component path from the voltage source in the diagram to the 2nd resistor from the left, how many intermediate components must be traversed, excluding the start and end components?","从图中的电压源到从左到右第2个电阻的最短元件路径中，至少要经过几个中间元件（不含起点和终点）？","0","number"
"qa_v6f_001049","img_0049","test500__d1_autockt_-410_png.rf.44ccc47e54e47d86c42574ac1fa36b65","images/img_0049.jpg","path","shortest_path_intermediate_count","medium","Along the shortest component path from the voltage source in the diagram to the 2nd inductor from the left, how many intermediate components must be traversed, excluding the start and end components?","从图中的电压源到从左到右第2个电感的最短元件路径中，至少要经过几个中间元件（不含起点和终点）？","0","number"
"qa_v6f_001395","img_0049","test500__d1_autockt_-410_png.rf.44ccc47e54e47d86c42574ac1fa36b65","images/img_0049.jpg","path","shortest_path_component_count","medium","Along the shortest component path from the voltage source in the diagram to the current source in the diagram, how many components are included when both the start and end components are counted?","从图中的电压源到图中的电流源的最短元件路径中，若包含起点和终点，共有几个元件？","3","number"
"qa_v6f_000244","img_0093","test500__d1_autockt_-44_png.rf.f652b850f1528945c70301cf9776d1bd","images/img_0093.jpg","path","shortest_path_component_count","medium","Along the shortest component path from the voltage source in the diagram to the capacitor in the diagram, how many components are included when both the start and end components are counted?","从图中的电压源到图中的电容的最短元件路径中，若包含起点和终点，共有几个元件？","2","number"
"qa_v6f_000334","img_0093","test500__d1_autockt_-44_png.rf.f652b850f1528945c70301cf9776d1bd","images/img_0093.jpg","path","shortest_path_intermediate_count","medium","Along the shortest component path from the voltage source in the diagram to the 1st resistor from the left, how many intermediate components must be traversed, excluding the start and end components?","从图中的电压源到从左到右第1个电阻的最短元件路径中，至少要经过几个中间元件（不含起点和终点）？","0","number"
"qa_v6f_002314","img_0093","test500__d1_autockt_-44_png.rf.f652b850f1528945c70301cf9776d1bd","images/img_0093.jpg","path","shortest_path_intermediate_count","medium","Along the shortest component path from the voltage source in the diagram to the capacitor in the diagram, how many intermediate components must be traversed, excluding the start and end components?","从图中的电压源到图中的电容的最短元件路径中，至少要经过几个中间元件（不含起点和终点）？","0","number"
"qa_v6f_001262","img_0240","test500__d1_autockt_-456_png.rf.b924ebf7b6b5ebdfa540234451657449","images/img_0240.jpg","path","shortest_path_intermediate_count","medium","Along the shortest component path from the current source in the diagram to the 2nd resistor from the left, how many intermediate components must be traversed, excluding the start and end components?","从图中的电流源到从左到右第2个电阻的最短元件路径中，至少要经过几个中间元件（不含起点和终点）？","1","number"
"qa_v6f_001384","img_0240","test500__d1_autockt_-456_png.rf.b924ebf7b6b5ebdfa540234451657449","images/img_0240.jpg","path","shortest_path_intermediate_count","medium","Along the shortest component path from the 2nd inductor from the left to the 2nd resistor from the left, how many intermediate components must be traversed, excluding the start and end components?","从从左到右第2个电感到从左到右第2个电阻的最短元件路径中，至少要经过几个中间元件（不含起点和终点）？","0","number"
"qa_v6f_001811","img_0240","test500__d1_autockt_-456_png.rf.b924ebf7b6b5ebdfa540234451657449","images/img_0240.jpg","path","shortest_path_component_count","medium","Along the shortest component path from the 1st resistor from the left to the current source in the diagram, how many components are included when both the start and end components are counted?","从从左到右第1个电阻到图中的电流源的最短元件路径中，若包含起点和终点，共有几个元件？","2","number"
"qa_v6f_000231","img_0183","test500__d1_autockt_-476_png.rf.c821a562c47d858f4f2eb0572308e6b6","images/img_0183.jpg","path","shortest_path_intermediate_count","medium","Along the shortest component path from the 1st voltage source from the left to the capacitor in the diagram, how many intermediate components must be traversed, excluding the start and end components?","从从左到右第1个电压源到图中的电容的最短元件路径中，至少要经过几个中间元件（不含起点和终点）？","1","number"
"qa_v6f_000610","img_0183","test500__d1_autockt_-476_png.rf.c821a562c47d858f4f2eb0572308e6b6","images/img_0183.jpg","path","shortest_path_component_count","medium","Along the shortest component path from the 1st voltage source from the left to the capacitor in the diagram, how many components are included when both the start and end components are counted?","从从左到右第1个电压源到图中的电容的最短元件路径中，若包含起点和终点，共有几个元件？","3","number"
"qa_v6f_001609","img_0183","test500__d1_autockt_-476_png.rf.c821a562c47d858f4f2eb0572308e6b6","images/img_0183.jpg","path","shortest_path_intermediate_count","medium","Along the shortest component path from the capacitor in the diagram to the 2nd resistor from the left, how many intermediate components must be traversed, excluding the start and end components?","从图中的电容到从左到右第2个电阻的最短元件路径中，至少要经过几个中间元件（不含起点和终点）？","0","number"
"qa_v6f_000438","img_0397","test500__d1_autockt_-4_png.rf.716ac1688a4e9b882624ca6b52d58fa5","images/img_0397.jpg","path","shortest_path_component_count","medium","Along the shortest component path from the inductor in the diagram to the 1st resistor from the left, how many components are included when both the start and end components are counted?","从图中的电感到从左到右第1个电阻的最短元件路径中，若包含起点和终点，共有几个元件？","3","number"
"qa_v6f_000621","img_0397","test500__d1_autockt_-4_png.rf.716ac1688a4e9b882624ca6b52d58fa5","images/img_0397.jpg","path","shortest_path_intermediate_count","medium","Along the shortest component path from the 2nd voltage source from the left to the 4th resistor from the left, how many intermediate components must be traversed, excluding the start and end components?","从从左到右第2个电压源到从左到右第4个电阻的最短元件路径中，至少要经过几个中间元件（不含起点和终点）？","1","number"
"qa_v6f_000698","img_0397","test500__d1_autockt_-4_png.rf.716ac1688a4e9b882624ca6b52d58fa5","images/img_0397.jpg","path","shortest_path_intermediate_count","medium","Along the shortest component path from the 2nd resistor from the left to the 1st voltage source from the left, how many intermediate components must be traversed, excluding the start and end components?","从从左到右第2个电阻到从左到右第1个电压源的最短元件路径中，至少要经过几个中间元件（不含起点和终点）？","1","number"
"qa_v6f_001919","img_0397","test500__d1_autockt_-4_png.rf.716ac1688a4e9b882624ca6b52d58fa5","images/img_0397.jpg","path","shortest_path_component_count","medium","Along the shortest component path from the 2nd voltage source from the left to the 4th resistor from the left, how many components are included when both the start and end components are counted?","从从左到右第2个电压源到从左到右第4个电阻的最短元件路径中，若包含起点和终点，共有几个元件？","3","number"
"qa_v6f_000381","img_0156","test500__d1_autockt_-503_png.rf.e9d14bb7212e648f520164102d28d174","images/img_0156.jpg","path","shortest_path_component_count","medium","Along the shortest component path from the voltage source in the diagram to the 3rd resistor from the left, how many components are included when both the start and end components are counted?","从图中的电压源到从左到右第3个电阻的最短元件路径中，若包含起点和终点，共有几个元件？","3","number"
"qa_v6f_002219","img_0156","test500__d1_autockt_-503_png.rf.e9d14bb7212e648f520164102d28d174","images/img_0156.jpg","path","shortest_path_intermediate_count","medium","Along the shortest component path from the voltage source in the diagram to the inductor in the diagram, how many intermediate components must be traversed, excluding the start and end components?","从图中的电压源到图中的电感的最短元件路径中，至少要经过几个中间元件（不含起点和终点）？","0","number"
"qa_v6f_001281","img_0064","test500__d1_autockt_-519_png.rf.db15c5f621b2b7c686c23ea2089378d5","images/img_0064.jpg","path","shortest_path_component_count","medium","Along the shortest component path from the capacitor in the diagram to the 2nd resistor from the left, how many components are included when both the start and end components are counted?","从图中的电容到从左到右第2个电阻的最短元件路径中，若包含起点和终点，共有几个元件？","2","number"
"qa_v6f_001984","img_0064","test500__d1_autockt_-519_png.rf.db15c5f621b2b7c686c23ea2089378d5","images/img_0064.jpg","path","shortest_path_intermediate_count","medium","Along the shortest component path from the capacitor in the diagram to the 2nd resistor from the left, how many intermediate components must be traversed, excluding the start and end components?","从图中的电容到从左到右第2个电阻的最短元件路径中，至少要经过几个中间元件（不含起点和终点）？","0","number"
"qa_v6f_000975","img_0224","test500__d1_autockt_-527_png.rf.836d7a4c4a0d35cc12451c5a57662428","images/img_0224.jpg","path","shortest_path_component_count","medium","Along the shortest component path from the 1st inductor from the left to the 2nd resistor from the left, how many components are included when both the start and end components are counted?","从从左到右第1个电感到从左到右第2个电阻的最短元件路径中，若包含起点和终点，共有几个元件？","3","number"
"qa_v6f_001442","img_0224","test500__d1_autockt_-527_png.rf.836d7a4c4a0d35cc12451c5a57662428","images/img_0224.jpg","path","shortest_path_intermediate_count","medium","Along the shortest component path from the 1st inductor from the left to the current source in the diagram, how many intermediate components must be traversed, excluding the start and end components?","从从左到右第1个电感到图中的电流源的最短元件路径中，至少要经过几个中间元件（不含起点和终点）？","0","number"
"qa_v6f_002016","img_0224","test500__d1_autockt_-527_png.rf.836d7a4c4a0d35cc12451c5a57662428","images/img_0224.jpg","path","shortest_path_component_count","medium","Along the shortest component path from the 2nd inductor from the left to the current source in the diagram, how many components are included when both the start and end components are counted?","从从左到右第2个电感到图中的电流源的最短元件路径中，若包含起点和终点，共有几个元件？","3","number"
"qa_v6f_002300","img_0224","test500__d1_autockt_-527_png.rf.836d7a4c4a0d35cc12451c5a57662428","images/img_0224.jpg","path","shortest_path_intermediate_count","medium","Along the shortest component path from the 2nd inductor from the left to the 1st inductor from the left, how many intermediate components must be traversed, excluding the start and end components?","从从左到右第2个电感到从左到右第1个电感的最短元件路径中，至少要经过几个中间元件（不含起点和终点）？","2","number"
"qa_v6f_001379","img_0072","test500__d1_autockt_-63_png.rf.702b8d8a5a171e5776f132e74087f83f","images/img_0072.jpg","path","shortest_path_component_count","medium","Along the shortest component path from the 1st inductor from the left to the 2nd resistor from the left, how many components are included when both the start and end components are counted?","从从左到右第1个电感到从左到右第2个电阻的最短元件路径中，若包含起点和终点，共有几个元件？","2","number"
"qa_v6f_002316","img_0072","test500__d1_autockt_-63_png.rf.702b8d8a5a171e5776f132e74087f83f","images/img_0072.jpg","path","shortest_path_intermediate_count","medium","Along the shortest component path from the 3rd resistor from the left to the 2nd resistor from the left, how many intermediate components must be traversed, excluding the start and end components?","从从左到右第3个电阻到从左到右第2个电阻的最短元件路径中，至少要经过几个中间元件（不含起点和终点）？","1","number"
"qa_v6f_000278","img_0313","test500__d1_autockt_-685_png.rf.2ca4700355a67e0dcef5fa4601eb915a","images/img_0313.jpg","path","shortest_path_component_count","medium","Along the shortest component path from the capacitor in the diagram to the 2nd resistor from the left, how many components are included when both the start and end components are counted?","从图中的电容到从左到右第2个电阻的最短元件路径中，若包含起点和终点，共有几个元件？","2","number"
"qa_v6f_000971","img_0313","test500__d1_autockt_-685_png.rf.2ca4700355a67e0dcef5fa4601eb915a","images/img_0313.jpg","path","shortest_path_intermediate_count","medium","Along the shortest component path from the 2nd voltage source from the left to the 1st resistor from the left, how many intermediate components must be traversed, excluding the start and end components?","从从左到右第2个电压源到从左到右第1个电阻的最短元件路径中，至少要经过几个中间元件（不含起点和终点）？","0","number"
"qa_v6f_001352","img_0029","test500__d1_autockt_-74_png.rf.16b70ff7ecfa488eda18e753a3d7ed18","images/img_0029.jpg","path","shortest_path_component_count","medium","Along the shortest component path from the 2nd resistor from the left to the current source in the diagram, how many components are included when both the start and end components are counted?","从从左到右第2个电阻到图中的电流源的最短元件路径中，若包含起点和终点，共有几个元件？","2","number"
"qa_v6f_001409","img_0029","test500__d1_autockt_-74_png.rf.16b70ff7ecfa488eda18e753a3d7ed18","images/img_0029.jpg","path","shortest_path_intermediate_count","medium","Along the shortest component path from the 2nd resistor from the left to the 1st resistor from the left, how many intermediate components must be traversed, excluding the start and end components?","从从左到右第2个电阻到从左到右第1个电阻的最短元件路径中，至少要经过几个中间元件（不含起点和终点）？","0","number"
"qa_v6f_000986","img_0198","test500__d1_autockt_-81_png.rf.ee5cb8720549e45b6bd371230a0cabd4","images/img_0198.jpg","path","shortest_path_intermediate_count","medium","Along the shortest component path from the 3rd resistor from the left to the 1st resistor from the left, how many intermediate components must be traversed, excluding the start and end components?","从从左到右第3个电阻到从左到右第1个电阻的最短元件路径中，至少要经过几个中间元件（不含起点和终点）？","0","number"
"qa_v6f_002205","img_0198","test500__d1_autockt_-81_png.rf.ee5cb8720549e45b6bd371230a0cabd4","images/img_0198.jpg","path","shortest_path_component_count","medium","Along the shortest component path from the 3rd resistor from the left to the 1st resistor from the left, how many components are included when both the start and end components are counted?","从从左到右第3个电阻到从左到右第1个电阻的最短元件路径中，若包含起点和终点，共有几个元件？","2","number"
"qa_v6f_000118","img_0314","test__d1_autockt_-96_png.rf.11104925e4ccc62d530421c31b93915c","images/img_0314.jpg","path","shortest_path_component_count","medium","Along the shortest component path from the current source in the diagram to the 1st capacitor from the left, how many components are included when both the start and end components are counted?","从图中的电流源到从左到右第1个电容的最短元件路径中，若包含起点和终点，共有几个元件？","2","number"
"qa_v6f_001220","img_0314","test__d1_autockt_-96_png.rf.11104925e4ccc62d530421c31b93915c","images/img_0314.jpg","path","shortest_path_intermediate_count","medium","Along the shortest component path from the current source in the diagram to the 1st capacitor from the left, how many intermediate components must be traversed, excluding the start and end components?","从图中的电流源到从左到右第1个电容的最短元件路径中，至少要经过几个中间元件（不含起点和终点）？","0","number"
"qa_v6f_001008","img_0347","train__d1_281_png.rf.e53c6cd71152de2a9a4c9052e2857ad9","images/img_0347.jpg","path","shortest_path_component_count","medium","Along the shortest component path from the 3rd capacitor from the left to the voltage source in the diagram, how many components are included when both the start and end components are counted?","从从左到右第3个电容到图中的电压源的最短元件路径中，若包含起点和终点，共有几个元件？","3","number"
"qa_v6f_002071","img_0347","train__d1_281_png.rf.e53c6cd71152de2a9a4c9052e2857ad9","images/img_0347.jpg","path","shortest_path_intermediate_count","medium","Along the shortest component path from the 3rd capacitor from the left to the 1st capacitor from the left, how many intermediate components must be traversed, excluding the start and end components?","从从左到右第3个电容到从左到右第1个电容的最短元件路径中，至少要经过几个中间元件（不含起点和终点）？","0","number"
"qa_v6f_002081","img_0087","train__d1_302_png.rf.a537b10f78a8cc4d042a038a08acc383","images/img_0087.jpg","path","shortest_path_intermediate_count","medium","Along the shortest component path from the resistor in the diagram to the capacitor in the diagram, how many intermediate components must be traversed, excluding the start and end components?","从图中的电阻到图中的电容的最短元件路径中，至少要经过几个中间元件（不含起点和终点）？","0","number"
"qa_v6f_002201","img_0087","train__d1_302_png.rf.a537b10f78a8cc4d042a038a08acc383","images/img_0087.jpg","path","shortest_path_component_count","medium","Along the shortest component path from the 1st port from the top to the capacitor in the diagram, how many components are included when both the start and end components are counted?","从从上到下第1个端口到图中的电容的最短元件路径中，若包含起点和终点，共有几个元件？","4","number"
"qa_v6f_001425","img_0361","train__d1_308_png.rf.6f5be5464281f6a841faa477896004f7","images/img_0361.jpg","path","shortest_path_component_count","medium","Along the shortest component path from the voltage source in the diagram to the capacitor in the diagram, how many components are included when both the start and end components are counted?","从图中的电压源到图中的电容的最短元件路径中，若包含起点和终点，共有几个元件？","2","number"
"qa_v6f_002058","img_0361","train__d1_308_png.rf.6f5be5464281f6a841faa477896004f7","images/img_0361.jpg","path","shortest_path_intermediate_count","medium","Along the shortest component path from the capacitor in the diagram to the 1st resistor from the top, how many intermediate components must be traversed, excluding the start and end components?","从图中的电容到从上到下第1个电阻的最短元件路径中，至少要经过几个中间元件（不含起点和终点）？","1","number"
"qa_v6f_002235","img_0361","train__d1_308_png.rf.6f5be5464281f6a841faa477896004f7","images/img_0361.jpg","path","shortest_path_intermediate_count","medium","Along the shortest component path from the voltage source in the diagram to the 2nd resistor from the top, how many intermediate components must be traversed, excluding the start and end components?","从图中的电压源到从上到下第2个电阻的最短元件路径中，至少要经过几个中间元件（不含起点和终点）？","1","number"
"qa_v6f_000219","img_0079","train__d1_312_png.rf.d9fb0223cd7dda1eeec236ef4c682f14","images/img_0079.jpg","path","shortest_path_component_count","medium","Along the shortest component path from the voltage source in the diagram to the capacitor in the diagram, how many components are included when both the start and end components are counted?","从图中的电压源到图中的电容的最短元件路径中，若包含起点和终点，共有几个元件？","2","number"
"qa_v6f_001210","img_0079","train__d1_312_png.rf.d9fb0223cd7dda1eeec236ef4c682f14","images/img_0079.jpg","path","shortest_path_intermediate_count","medium","Along the shortest component path from the inductor in the diagram to the voltage source in the diagram, how many intermediate components must be traversed, excluding the start and end components?","从图中的电感到图中的电压源的最短元件路径中，至少要经过几个中间元件（不含起点和终点）？","0","number"
"qa_v6f_000401","img_0020","train__d1_313_png.rf.a773497ac80844357238819e95003acc","images/img_0020.jpg","path","shortest_path_component_count","medium","Along the shortest component path from the inductor in the diagram to the voltage source in the diagram, how many components are included when both the start and end components are counted?","从图中的电感到图中的电压源的最短元件路径中，若包含起点和终点，共有几个元件？","4","number"
"qa_v6f_001192","img_0020","train__d1_313_png.rf.a773497ac80844357238819e95003acc","images/img_0020.jpg","path","shortest_path_intermediate_count","medium","Along the shortest component path from the voltage source in the diagram to the resistor in the diagram, how many intermediate components must be traversed, excluding the start and end components?","从图中的电压源到图中的电阻的最短元件路径中，至少要经过几个中间元件（不含起点和终点）？","0","number"
"qa_v6f_001623","img_0020","train__d1_313_png.rf.a773497ac80844357238819e95003acc","images/img_0020.jpg","path","shortest_path_intermediate_count","medium","Along the shortest component path from the capacitor in the diagram to the resistor in the diagram, how many intermediate components must be traversed, excluding the start and end components?","从图中的电容到图中的电阻的最短元件路径中，至少要经过几个中间元件（不含起点和终点）？","0","number"
"qa_v6f_000786","img_0047","train__d1_315_png.rf.c9cbc3ced564aabb2910b9f4f64ab7c5","images/img_0047.jpg","path","shortest_path_intermediate_count","medium","Along the shortest component path from the capacitor in the diagram to the 2nd inductor from the left, how many intermediate components must be traversed, excluding the start and end components?","从图中的电容到从左到右第2个电感的最短元件路径中，至少要经过几个中间元件（不含起点和终点）？","0","number"
"qa_v6f_001930","img_0047","train__d1_315_png.rf.c9cbc3ced564aabb2910b9f4f64ab7c5","images/img_0047.jpg","path","shortest_path_component_count","medium","Along the shortest component path from the capacitor in the diagram to the 1st inductor from the left, how many components are included when both the start and end components are counted?","从图中的电容到从左到右第1个电感的最短元件路径中，若包含起点和终点，共有几个元件？","2","number"
"qa_v6f_001179","img_0353","train__d1_316_png.rf.c8e95c59bb0d01d9f6804d1f7d651803","images/img_0353.jpg","path","shortest_path_intermediate_count","medium","Along the shortest component path from the inductor in the diagram to the resistor in the diagram, how many intermediate components must be traversed, excluding the start and end components?","从图中的电感到图中的电阻的最短元件路径中，至少要经过几个中间元件（不含起点和终点）？","0","number"
"qa_v6f_001371","img_0353","train__d1_316_png.rf.c8e95c59bb0d01d9f6804d1f7d651803","images/img_0353.jpg","path","shortest_path_component_count","medium","Along the shortest component path from the capacitor in the diagram to the resistor in the diagram, how many components are included when both the start and end components are counted?","从图中的电容到图中的电阻的最短元件路径中，若包含起点和终点，共有几个元件？","3","number"
"qa_v6f_002067","img_0353","train__d1_316_png.rf.c8e95c59bb0d01d9f6804d1f7d651803","images/img_0353.jpg","path","shortest_path_intermediate_count","medium","Along the shortest component path from the resistor in the diagram to the voltage source in the diagram, how many intermediate components must be traversed, excluding the start and end components?","从图中的电阻到图中的电压源的最短元件路径中，至少要经过几个中间元件（不含起点和终点）？","0","number"
"qa_v6f_000245","img_0364","train__d1_319_png.rf.aacdc27c284107173b249fb0e754abf2","images/img_0364.jpg","path","shortest_path_component_count","medium","Along the shortest component path from the voltage source in the diagram to the capacitor in the diagram, how many components are included when both the start and end components are counted?","从图中的电压源到图中的电容的最短元件路径中，若包含起点和终点，共有几个元件？","3","number"
"qa_v6f_000461","img_0364","train__d1_319_png.rf.aacdc27c284107173b249fb0e754abf2","images/img_0364.jpg","path","shortest_path_intermediate_count","medium","Along the shortest component path from the inductor in the diagram to the resistor in the diagram, how many intermediate components must be traversed, excluding the start and end components?","从图中的电感到图中的电阻的最短元件路径中，至少要经过几个中间元件（不含起点和终点）？","1","number"
"qa_v6f_001246","img_0364","train__d1_319_png.rf.aacdc27c284107173b249fb0e754abf2","images/img_0364.jpg","path","shortest_path_intermediate_count","medium","Along the shortest component path from the inductor in the diagram to the capacitor in the diagram, how many intermediate components must be traversed, excluding the start and end components?","从图中的电感到图中的电容的最短元件路径中，至少要经过几个中间元件（不含起点和终点）？","0","number"
"qa_v6f_002132","img_0364","train__d1_319_png.rf.aacdc27c284107173b249fb0e754abf2","images/img_0364.jpg","path","shortest_path_component_count","medium","Along the shortest component path from the inductor in the diagram to the voltage source in the diagram, how many components are included when both the start and end components are counted?","从图中的电感到图中的电压源的最短元件路径中，若包含起点和终点，共有几个元件？","2","number"
"qa_v6f_001314","img_0061","train__d1_322_png.rf.d00d43465079ff29554c34c060881550","images/img_0061.jpg","path","shortest_path_intermediate_count","medium","Along the shortest component path from the 1st resistor from the left to the 2nd resistor from the left, how many intermediate components must be traversed, excluding the start and end components?","从从左到右第1个电阻到从左到右第2个电阻的最短元件路径中，至少要经过几个中间元件（不含起点和终点）？","0","number"
"qa_v6f_001495","img_0061","train__d1_322_png.rf.d00d43465079ff29554c34c060881550","images/img_0061.jpg","path","shortest_path_intermediate_count","medium","Along the shortest component path from the 1st resistor from the left to the voltage source in the diagram, how many intermediate components must be traversed, excluding the start and end components?","从从左到右第1个电阻到图中的电压源的最短元件路径中，至少要经过几个中间元件（不含起点和终点）？","0","number"
"qa_v6f_001602","img_0061","train__d1_322_png.rf.d00d43465079ff29554c34c060881550","images/img_0061.jpg","path","shortest_path_component_count","medium","Along the shortest component path from the 1st resistor from the left to the 2nd resistor from the left, how many components are included when both the start and end components are counted?","从从左到右第1个电阻到从左到右第2个电阻的最短元件路径中，若包含起点和终点，共有几个元件？","2","number"
"qa_v6f_000421","img_0014","train__d1_323_png.rf.5c42726992727e25a463c24c47520a55","images/img_0014.jpg","path","shortest_path_component_count","medium","Along the shortest component path from the capacitor in the diagram to the inductor in the diagram, how many components are included when both the start and end components are counted?","从图中的电容到图中的电感的最短元件路径中，若包含起点和终点，共有几个元件？","2","number"
"qa_v6f_001090","img_0014","train__d1_323_png.rf.5c42726992727e25a463c24c47520a55","images/img_0014.jpg","path","shortest_path_intermediate_count","medium","Along the shortest component path from the capacitor in the diagram to the inductor in the diagram, how many intermediate components must be traversed, excluding the start and end components?","从图中的电容到图中的电感的最短元件路径中，至少要经过几个中间元件（不含起点和终点）？","0","number"
"qa_v6f_002082","img_0014","train__d1_323_png.rf.5c42726992727e25a463c24c47520a55","images/img_0014.jpg","path","shortest_path_intermediate_count","medium","Along the shortest component path from the capacitor in the diagram to the resistor in the diagram, how many intermediate components must be traversed, excluding the start and end components?","从图中的电容到图中的电阻的最短元件路径中，至少要经过几个中间元件（不含起点和终点）？","0","number"
"qa_v6f_000185","img_0130","train__d1_329_png.rf.25218716573093ee81a3b7d085ade787","images/img_0130.jpg","path","shortest_path_component_count","medium","Along the shortest component path from the resistor in the diagram to the inductor in the diagram, how many components are included when both the start and end components are counted?","从图中的电阻到图中的电感的最短元件路径中，若包含起点和终点，共有几个元件？","3","number"
"qa_v6f_001375","img_0130","train__d1_329_png.rf.25218716573093ee81a3b7d085ade787","images/img_0130.jpg","path","shortest_path_intermediate_count","medium","Along the shortest component path from the resistor in the diagram to the capacitor in the diagram, how many intermediate components must be traversed, excluding the start and end components?","从图中的电阻到图中的电容的最短元件路径中，至少要经过几个中间元件（不含起点和终点）？","0","number"
"qa_v6f_001422","img_0130","train__d1_329_png.rf.25218716573093ee81a3b7d085ade787","images/img_0130.jpg","path","shortest_path_component_count","medium","Along the shortest component path from the inductor in the diagram to the capacitor in the diagram, how many components are included when both the start and end components are counted?","从图中的电感到图中的电容的最短元件路径中，若包含起点和终点，共有几个元件？","2","number"
"qa_v6f_002335","img_0130","train__d1_329_png.rf.25218716573093ee81a3b7d085ade787","images/img_0130.jpg","path","shortest_path_intermediate_count","medium","Along the shortest component path from the resistor in the diagram to the inductor in the diagram, how many intermediate components must be traversed, excluding the start and end components?","从图中的电阻到图中的电感的最短元件路径中，至少要经过几个中间元件（不含起点和终点）？","1","number"
"qa_v6f_000162","img_0039","train__d1_335_png.rf.1e10b956147a81cb707a8695cf046bdf","images/img_0039.jpg","path","shortest_path_component_count","medium","Along the shortest component path from the inductor in the diagram to the 2nd port from the top, how many components are included when both the start and end components are counted?","从图中的电感到从上到下第2个端口的最短元件路径中，若包含起点和终点，共有几个元件？","2","number"
"qa_v6f_000878","img_0039","train__d1_335_png.rf.1e10b956147a81cb707a8695cf046bdf","images/img_0039.jpg","path","shortest_path_intermediate_count","medium","Along the shortest component path from the inductor in the diagram to the 2nd port from the top, how many intermediate components must be traversed, excluding the start and end components?","从图中的电感到从上到下第2个端口的最短元件路径中，至少要经过几个中间元件（不含起点和终点）？","0","number"
"qa_v6f_000028","img_0223","train__d1_338_png.rf.975c4c8fc8f632485152275204aa41e4","images/img_0223.jpg","path","shortest_path_component_count","medium","Along the shortest component path from the capacitor in the diagram to the inductor in the diagram, how many components are included when both the start and end components are counted?","从图中的电容到图中的电感的最短元件路径中，若包含起点和终点，共有几个元件？","2","number"
"qa_v6f_002032","img_0223","train__d1_338_png.rf.975c4c8fc8f632485152275204aa41e4","images/img_0223.jpg","path","shortest_path_intermediate_count","medium","Along the shortest component path from the capacitor in the diagram to the inductor in the diagram, how many intermediate components must be traversed, excluding the start and end components?","从图中的电容到图中的电感的最短元件路径中，至少要经过几个中间元件（不含起点和终点）？","0","number"
"qa_v6f_001903","img_0355","train__d1_340_png.rf.9abf8fc7cffaeada3d4548c6c15ceacb","images/img_0355.jpg","path","shortest_path_intermediate_count","medium","Along the shortest component path from the resistor in the diagram to the inductor in the diagram, how many intermediate components must be traversed, excluding the start and end components?","从图中的电阻到图中的电感的最短元件路径中，至少要经过几个中间元件（不含起点和终点）？","0","number"
"qa_v6f_002131","img_0355","train__d1_340_png.rf.9abf8fc7cffaeada3d4548c6c15ceacb","images/img_0355.jpg","path","shortest_path_component_count","medium","Along the shortest component path from the resistor in the diagram to the inductor in the diagram, how many components are included when both the start and end components are counted?","从图中的电阻到图中的电感的最短元件路径中，若包含起点和终点，共有几个元件？","2","number"
"qa_v6f_001462","img_0215","train__d1_341_png.rf.bc8a3c97cee63d689f36a08cb217fb81","images/img_0215.jpg","path","shortest_path_component_count","medium","Along the shortest component path from the capacitor in the diagram to the inductor in the diagram, how many components are included when both the start and end components are counted?","从图中的电容到图中的电感的最短元件路径中，若包含起点和终点，共有几个元件？","2","number"
"qa_v6f_001663","img_0215","train__d1_341_png.rf.bc8a3c97cee63d689f36a08cb217fb81","images/img_0215.jpg","path","shortest_path_intermediate_count","medium","Along the shortest component path from the capacitor in the diagram to the inductor in the diagram, how many intermediate components must be traversed, excluding the start and end components?","从图中的电容到图中的电感的最短元件路径中，至少要经过几个中间元件（不含起点和终点）？","0","number"
"qa_v6f_000178","img_0291","train__d1_342_png.rf.8d4df72c442c9034af89742cc95379d3","images/img_0291.jpg","path","shortest_path_component_count","medium","Along the shortest component path from the voltage source in the diagram to the inductor in the diagram, how many components are included when both the start and end components are counted?","从图中的电压源到图中的电感的最短元件路径中，若包含起点和终点，共有几个元件？","2","number"
"qa_v6f_000587","img_0291","train__d1_342_png.rf.8d4df72c442c9034af89742cc95379d3","images/img_0291.jpg","path","shortest_path_component_count","medium","Along the shortest component path from the capacitor in the diagram to the inductor in the diagram, how many components are included when both the start and end components are counted?","从图中的电容到图中的电感的最短元件路径中，若包含起点和终点，共有几个元件？","2","number"
"qa_v6f_001185","img_0291","train__d1_342_png.rf.8d4df72c442c9034af89742cc95379d3","images/img_0291.jpg","path","shortest_path_intermediate_count","medium","Along the shortest component path from the voltage source in the diagram to the inductor in the diagram, how many intermediate components must be traversed, excluding the start and end components?","从图中的电压源到图中的电感的最短元件路径中，至少要经过几个中间元件（不含起点和终点）？","0","number"
"qa_v6f_001555","img_0291","train__d1_342_png.rf.8d4df72c442c9034af89742cc95379d3","images/img_0291.jpg","path","shortest_path_intermediate_count","medium","Along the shortest component path from the capacitor in the diagram to the inductor in the diagram, how many intermediate components must be traversed, excluding the start and end components?","从图中的电容到图中的电感的最短元件路径中，至少要经过几个中间元件（不含起点和终点）？","0","number"
"qa_v6f_000154","img_0185","train__d1_343_png.rf.a44e3839b619f7004b0df0df8ebaf147","images/img_0185.jpg","path","shortest_path_intermediate_count","medium","Along the shortest component path from the 1st inductor from the left to the capacitor in the diagram, how many intermediate components must be traversed, excluding the start and end components?","从从左到右第1个电感到图中的电容的最短元件路径中，至少要经过几个中间元件（不含起点和终点）？","0","number"
"qa_v6f_000542","img_0185","train__d1_343_png.rf.a44e3839b619f7004b0df0df8ebaf147","images/img_0185.jpg","path","shortest_path_component_count","medium","Along the shortest component path from the 1st inductor from the left to the capacitor in the diagram, how many components are included when both the start and end components are counted?","从从左到右第1个电感到图中的电容的最短元件路径中，若包含起点和终点，共有几个元件？","2","number"
"qa_v6f_001161","img_0400","train__d1_349_png.rf.1e9668f973fd21097235b1e33219eb09","images/img_0400.jpg","path","shortest_path_intermediate_count","medium","Along the shortest component path from the 2nd capacitor from the top to the 1st capacitor from the top, how many intermediate components must be traversed, excluding the start and end components?","从从上到下第2个电容到从上到下第1个电容的最短元件路径中，至少要经过几个中间元件（不含起点和终点）？","0","number"
"qa_v6f_001892","img_0400","train__d1_349_png.rf.1e9668f973fd21097235b1e33219eb09","images/img_0400.jpg","path","shortest_path_component_count","medium","Along the shortest component path from the 3rd capacitor from the top to the 1st capacitor from the top, how many components are included when both the start and end components are counted?","从从上到下第3个电容到从上到下第1个电容的最短元件路径中，若包含起点和终点，共有几个元件？","2","number"
"qa_v6f_000561","img_0065","train__d1_356_png.rf.632cbdbb26bc94f5ed191a2a38f22412","images/img_0065.jpg","path","shortest_path_component_count","medium","Along the shortest component path from the voltage source in the diagram to the capacitor in the diagram, how many components are included when both the start and end components are counted?","从图中的电压源到图中的电容的最短元件路径中，若包含起点和终点，共有几个元件？","2","number"
"qa_v6f_000944","img_0065","train__d1_356_png.rf.632cbdbb26bc94f5ed191a2a38f22412","images/img_0065.jpg","path","shortest_path_intermediate_count","medium","Along the shortest component path from the voltage source in the diagram to the capacitor in the diagram, how many intermediate components must be traversed, excluding the start and end components?","从图中的电压源到图中的电容的最短元件路径中，至少要经过几个中间元件（不含起点和终点）？","0","number"
"qa_v6f_000909","img_0324","train__d1_359_png.rf.b712616805df8cda55c99b49e65c0e7b","images/img_0324.jpg","path","shortest_path_component_count","medium","Along the shortest component path from the voltage source in the diagram to the inductor in the diagram, how many components are included when both the start and end components are counted?","从图中的电压源到图中的电感的最短元件路径中，若包含起点和终点，共有几个元件？","3","number"
"qa_v6f_002105","img_0324","train__d1_359_png.rf.b712616805df8cda55c99b49e65c0e7b","images/img_0324.jpg","path","shortest_path_intermediate_count","medium","Along the shortest component path from the voltage source in the diagram to the inductor in the diagram, how many intermediate components must be traversed, excluding the start and end components?","从图中的电压源到图中的电感的最短元件路径中，至少要经过几个中间元件（不含起点和终点）？","1","number"
"qa_v6f_002364","img_0324","train__d1_359_png.rf.b712616805df8cda55c99b49e65c0e7b","images/img_0324.jpg","path","shortest_path_intermediate_count","medium","Along the shortest component path from the voltage source in the diagram to the capacitor in the diagram, how many intermediate components must be traversed, excluding the start and end components?","从图中的电压源到图中的电容的最短元件路径中，至少要经过几个中间元件（不含起点和终点）？","0","number"
"qa_v6f_000316","img_0052","train__d1_362_png.rf.aa20b54541169e66a7ab0e3201f837a7","images/img_0052.jpg","path","shortest_path_intermediate_count","medium","Along the shortest component path from the voltage source in the diagram to the resistor in the diagram, how many intermediate components must be traversed, excluding the start and end components?","从图中的电压源到图中的电阻的最短元件路径中，至少要经过几个中间元件（不含起点和终点）？","0","number"
"qa_v6f_002386","img_0052","train__d1_362_png.rf.aa20b54541169e66a7ab0e3201f837a7","images/img_0052.jpg","path","shortest_path_component_count","medium","Along the shortest component path from the inductor in the diagram to the capacitor in the diagram, how many components are included when both the start and end components are counted?","从图中的电感到图中的电容的最短元件路径中，若包含起点和终点，共有几个元件？","2","number"
"qa_v6f_000890","img_0317","train__d1_364_png.rf.8fe25187c0f3a9bd45923aeca5bde986","images/img_0317.jpg","path","shortest_path_component_count","medium","Along the shortest component path from the 1st voltage source from the left to the 2nd resistor from the left, how many components are included when both the start and end components are counted?","从从左到右第1个电压源到从左到右第2个电阻的最短元件路径中，若包含起点和终点，共有几个元件？","3","number"
"qa_v6f_001077","img_0317","train__d1_364_png.rf.8fe25187c0f3a9bd45923aeca5bde986","images/img_0317.jpg","path","shortest_path_intermediate_count","medium","Along the shortest component path from the 1st voltage source from the left to the 2nd resistor from the left, how many intermediate components must be traversed, excluding the start and end components?","从从左到右第1个电压源到从左到右第2个电阻的最短元件路径中，至少要经过几个中间元件（不含起点和终点）？","1","number"
"qa_v6f_000138","img_0344","train__d1_365_png.rf.8235d6e9dd969f0decd6c9037b3d837b","images/img_0344.jpg","path","shortest_path_component_count","medium","Along the shortest component path from the 2nd inductor from the left to the voltage source in the diagram, how many components are included when both the start and end components are counted?","从从左到右第2个电感到图中的电压源的最短元件路径中，若包含起点和终点，共有几个元件？","4","number"
"qa_v6f_000338","img_0344","train__d1_365_png.rf.8235d6e9dd969f0decd6c9037b3d837b","images/img_0344.jpg","path","shortest_path_intermediate_count","medium","Along the shortest component path from the voltage source in the diagram to the capacitor in the diagram, how many intermediate components must be traversed, excluding the start and end components?","从图中的电压源到图中的电容的最短元件路径中，至少要经过几个中间元件（不含起点和终点）？","0","number"
"qa_v6f_001668","img_0344","train__d1_365_png.rf.8235d6e9dd969f0decd6c9037b3d837b","images/img_0344.jpg","path","shortest_path_intermediate_count","medium","Along the shortest component path from the capacitor in the diagram to the 1st resistor from the left, how many intermediate components must be traversed, excluding the start and end components?","从图中的电容到从左到右第1个电阻的最短元件路径中，至少要经过几个中间元件（不含起点和终点）？","1","number"
"qa_v6f_001145","img_0017","train__d1_366_png.rf.88015ad5a5250f21fc6b0e5266065021","images/img_0017.jpg","path","shortest_path_intermediate_count","medium","Along the shortest component path from the inductor in the diagram to the capacitor in the diagram, how many intermediate components must be traversed, excluding the start and end components?","从图中的电感到图中的电容的最短元件路径中，至少要经过几个中间元件（不含起点和终点）？","0","number"
"qa_v6f_001561","img_0017","train__d1_366_png.rf.88015ad5a5250f21fc6b0e5266065021","images/img_0017.jpg","path","shortest_path_component_count","medium","Along the shortest component path from the resistor in the diagram to the capacitor in the diagram, how many components are included when both the start and end components are counted?","从图中的电阻到图中的电容的最短元件路径中，若包含起点和终点，共有几个元件？","3","number"
"qa_v6f_000163","img_0365","train__d1_367_png.rf.9ae29d133562c9e4a9b09148be205207","images/img_0365.jpg","path","shortest_path_intermediate_count","medium","Along the shortest component path from the capacitor in the diagram to the inductor in the diagram, how many intermediate components must be traversed, excluding the start and end components?","从图中的电容到图中的电感的最短元件路径中，至少要经过几个中间元件（不含起点和终点）？","0","number"
"qa_v6f_001074","img_0365","train__d1_367_png.rf.9ae29d133562c9e4a9b09148be205207","images/img_0365.jpg","path","shortest_path_component_count","medium","Along the shortest component path from the capacitor in the diagram to the inductor in the diagram, how many components are included when both the start and end components are counted?","从图中的电容到图中的电感的最短元件路径中，若包含起点和终点，共有几个元件？","2","number"
"qa_v6f_001519","img_0256","train__d1_373_png.rf.482c6e1dafc157525d65b11a7e0e22ad","images/img_0256.jpg","path","shortest_path_intermediate_count","medium","Along the shortest component path from the inductor in the diagram to the resistor in the diagram, how many intermediate components must be traversed, excluding the start and end components?","从图中的电感到图中的电阻的最短元件路径中，至少要经过几个中间元件（不含起点和终点）？","0","number"
"qa_v6f_001645","img_0256","train__d1_373_png.rf.482c6e1dafc157525d65b11a7e0e22ad","images/img_0256.jpg","path","shortest_path_component_count","medium","Along the shortest component path from the 1st port from the top to the 2nd port from the top, how many components are included when both the start and end components are counted?","从从上到下第1个端口到从上到下第2个端口的最短元件路径中，若包含起点和终点，共有几个元件？","4","number"
"qa_v6f_002028","img_0256","train__d1_373_png.rf.482c6e1dafc157525d65b11a7e0e22ad","images/img_0256.jpg","path","shortest_path_intermediate_count","medium","Along the shortest component path from the resistor in the diagram to the 2nd port from the top, how many intermediate components must be traversed, excluding the start and end components?","从图中的电阻到从上到下第2个端口的最短元件路径中，至少要经过几个中间元件（不含起点和终点）？","1","number"
"qa_v6f_001182","img_0143","train__d1_374_png.rf.536a4d55fbd2da73dd69d29569926a6b","images/img_0143.jpg","path","shortest_path_intermediate_count","medium","Along the shortest component path from the inductor in the diagram to the voltage source in the diagram, how many intermediate components must be traversed, excluding the start and end components?","从图中的电感到图中的电压源的最短元件路径中，至少要经过几个中间元件（不含起点和终点）？","0","number"
"qa_v6f_001229","img_0143","train__d1_374_png.rf.536a4d55fbd2da73dd69d29569926a6b","images/img_0143.jpg","path","shortest_path_component_count","medium","Along the shortest component path from the capacitor in the diagram to the voltage source in the diagram, how many components are included when both the start and end components are counted?","从图中的电容到图中的电压源的最短元件路径中，若包含起点和终点，共有几个元件？","3","number"
"qa_v6f_002208","img_0143","train__d1_374_png.rf.536a4d55fbd2da73dd69d29569926a6b","images/img_0143.jpg","path","shortest_path_intermediate_count","medium","Along the shortest component path from the resistor in the diagram to the voltage source in the diagram, how many intermediate components must be traversed, excluding the start and end components?","从图中的电阻到图中的电压源的最短元件路径中，至少要经过几个中间元件（不含起点和终点）？","0","number"
"qa_v6f_001419","img_0286","train__d1_383_png.rf.00205d9b1f4c05a9ba7bd4f6000a4f32","images/img_0286.jpg","path","shortest_path_component_count","medium","Along the shortest component path from the capacitor in the diagram to the voltage source in the diagram, how many components are included when both the start and end components are counted?","从图中的电容到图中的电压源的最短元件路径中，若包含起点和终点，共有几个元件？","3","number"
"qa_v6f_000768","img_0139","train__d1_386_png.rf.a82dbff91efeb4e0d09d02c01383fad0","images/img_0139.jpg","path","shortest_path_component_count","medium","Along the shortest component path from the inductor in the diagram to the capacitor in the diagram, how many components are included when both the start and end components are counted?","从图中的电感到图中的电容的最短元件路径中，若包含起点和终点，共有几个元件？","2","number"
"qa_v6f_002391","img_0139","train__d1_386_png.rf.a82dbff91efeb4e0d09d02c01383fad0","images/img_0139.jpg","path","shortest_path_intermediate_count","medium","Along the shortest component path from the inductor in the diagram to the capacitor in the diagram, how many intermediate components must be traversed, excluding the start and end components?","从图中的电感到图中的电容的最短元件路径中，至少要经过几个中间元件（不含起点和终点）？","0","number"
"qa_v6f_000115","img_0019","train__d1_387_png.rf.9ef626f8c7816ec8cc81545bd0fca992","images/img_0019.jpg","path","shortest_path_component_count","medium","Along the shortest component path from the capacitor in the diagram to the inductor in the diagram, how many components are included when both the start and end components are counted?","从图中的电容到图中的电感的最短元件路径中，若包含起点和终点，共有几个元件？","3","number"
"qa_v6f_000132","img_0019","train__d1_387_png.rf.9ef626f8c7816ec8cc81545bd0fca992","images/img_0019.jpg","path","shortest_path_intermediate_count","medium","Along the shortest component path from the resistor in the diagram to the 2nd port from the top, how many intermediate components must be traversed, excluding the start and end components?","从图中的电阻到从上到下第2个端口的最短元件路径中，至少要经过几个中间元件（不含起点和终点）？","1","number"
"qa_v6f_000655","img_0120","train__d1_390_png.rf.966db7690418f0892206ba543e3de76d","images/img_0120.jpg","path","shortest_path_intermediate_count","medium","Along the shortest component path from the capacitor in the diagram to the resistor in the diagram, how many intermediate components must be traversed, excluding the start and end components?","从图中的电容到图中的电阻的最短元件路径中，至少要经过几个中间元件（不含起点和终点）？","0","number"
"qa_v6f_002128","img_0120","train__d1_390_png.rf.966db7690418f0892206ba543e3de76d","images/img_0120.jpg","path","shortest_path_component_count","medium","Along the shortest component path from the inductor in the diagram to the capacitor in the diagram, how many components are included when both the start and end components are counted?","从图中的电感到图中的电容的最短元件路径中，若包含起点和终点，共有几个元件？","2","number"
"qa_v6f_000560","img_0101","train__d1_391_png.rf.b9002b71a942ca47b9acd4d532322e0d","images/img_0101.jpg","path","shortest_path_intermediate_count","medium","Along the shortest component path from the current source in the diagram to the capacitor in the diagram, how many intermediate components must be traversed, excluding the start and end components?","从图中的电流源到图中的电容的最短元件路径中，至少要经过几个中间元件（不含起点和终点）？","0","number"
"qa_v6f_001597","img_0101","train__d1_391_png.rf.b9002b71a942ca47b9acd4d532322e0d","images/img_0101.jpg","path","shortest_path_component_count","medium","Along the shortest component path from the current source in the diagram to the capacitor in the diagram, how many components are included when both the start and end components are counted?","从图中的电流源到图中的电容的最短元件路径中，若包含起点和终点，共有几个元件？","2","number"
"qa_v6f_001399","img_0265","train__d1_397_png.rf.0b8b32cd438271372418b756f44b40b6","images/img_0265.jpg","path","shortest_path_intermediate_count","medium","Along the shortest component path from the inductor in the diagram to the voltage source in the diagram, how many intermediate components must be traversed, excluding the start and end components?","从图中的电感到图中的电压源的最短元件路径中，至少要经过几个中间元件（不含起点和终点）？","0","number"
"qa_v6f_001912","img_0265","train__d1_397_png.rf.0b8b32cd438271372418b756f44b40b6","images/img_0265.jpg","path","shortest_path_component_count","medium","Along the shortest component path from the capacitor in the diagram to the inductor in the diagram, how many components are included when both the start and end components are counted?","从图中的电容到图中的电感的最短元件路径中，若包含起点和终点，共有几个元件？","2","number"
"qa_v6f_000324","img_0380","train__d1_autockt_-109_png.rf.d84fb18ba91a62c80909c60f51cfc087","images/img_0380.jpg","path","shortest_path_component_count","medium","Along the shortest component path from the 1st voltage source from the left to the 1st resistor from the left, how many components are included when both the start and end components are counted?","从从左到右第1个电压源到从左到右第1个电阻的最短元件路径中，若包含起点和终点，共有几个元件？","2","number"
"qa_v6f_000522","img_0380","train__d1_autockt_-109_png.rf.d84fb18ba91a62c80909c60f51cfc087","images/img_0380.jpg","path","shortest_path_intermediate_count","medium","Along the shortest component path from the 2nd inductor from the left to the 2nd resistor from the left, how many intermediate components must be traversed, excluding the start and end components?","从从左到右第2个电感到从左到右第2个电阻的最短元件路径中，至少要经过几个中间元件（不含起点和终点）？","0","number"
"qa_v6f_000161","img_0323","train__d1_autockt_-111_png.rf.1a59b6dd3c38d828c79b8aaa7c6cd1b3","images/img_0323.jpg","path","shortest_path_intermediate_count","medium","Along the shortest component path from the inductor in the diagram to the 2nd current source from the left, how many intermediate components must be traversed, excluding the start and end components?","从图中的电感到从左到右第2个电流源的最短元件路径中，至少要经过几个中间元件（不含起点和终点）？","1","number"
"qa_v6f_001023","img_0323","train__d1_autockt_-111_png.rf.1a59b6dd3c38d828c79b8aaa7c6cd1b3","images/img_0323.jpg","path","shortest_path_component_count","medium","Along the shortest component path from the 2nd current source from the left to the 1st resistor from the left, how many components are included when both the start and end components are counted?","从从左到右第2个电流源到从左到右第1个电阻的最短元件路径中，若包含起点和终点，共有几个元件？","2","number"
"qa_v6f_001924","img_0200","train__d1_autockt_-113_png.rf.55a0c3902d7e4ba7a990ce81436de3a6","images/img_0200.jpg","path","shortest_path_component_count","medium","Along the shortest component path from the 2nd resistor from the top to the capacitor in the diagram, how many components are included when both the start and end components are counted?","从从上到下第2个电阻到图中的电容的最短元件路径中，若包含起点和终点，共有几个元件？","4","number"
"qa_v6f_001966","img_0200","train__d1_autockt_-113_png.rf.55a0c3902d7e4ba7a990ce81436de3a6","images/img_0200.jpg","path","shortest_path_intermediate_count","medium","Along the shortest component path from the inductor in the diagram to the 1st resistor from the top, how many intermediate components must be traversed, excluding the start and end components?","从图中的电感到从上到下第1个电阻的最短元件路径中，至少要经过几个中间元件（不含起点和终点）？","1","number"
"qa_v6f_001152","img_0111","train__d1_autockt_-115_png.rf.25fcff4128ce96986c2e715be91f57ba","images/img_0111.jpg","path","shortest_path_component_count","medium","Along the shortest component path from the voltage source in the diagram to the 1st resistor from the left, how many components are included when both the start and end components are counted?","从图中的电压源到从左到右第1个电阻的最短元件路径中，若包含起点和终点，共有几个元件？","6","number"
"qa_v6f_001128","img_0123","train__d1_autockt_-119_png.rf.a37a75551c934c7871b131c8daa630be","images/img_0123.jpg","path","shortest_path_component_count","medium","Along the shortest component path from the voltage source in the diagram to the 2nd resistor from the top, how many components are included when both the start and end components are counted?","从图中的电压源到从上到下第2个电阻的最短元件路径中，若包含起点和终点，共有几个元件？","2","number"
"qa_v6f_002133","img_0123","train__d1_autockt_-119_png.rf.a37a75551c934c7871b131c8daa630be","images/img_0123.jpg","path","shortest_path_intermediate_count","medium","Along the shortest component path from the voltage source in the diagram to the capacitor in the diagram, how many intermediate components must be traversed, excluding the start and end components?","从图中的电压源到图中的电容的最短元件路径中，至少要经过几个中间元件（不含起点和终点）？","1","number"
"qa_v6f_000846","img_0095","train__d1_autockt_-124_png.rf.ed6cee6453173739f2b209b7b250015e","images/img_0095.jpg","path","shortest_path_intermediate_count","medium","Along the shortest component path from the 1st resistor from the left to the 3rd resistor from the left, how many intermediate components must be traversed, excluding the start and end components?","从从左到右第1个电阻到从左到右第3个电阻的最短元件路径中，至少要经过几个中间元件（不含起点和终点）？","0","number"
"qa_v6f_000873","img_0095","train__d1_autockt_-124_png.rf.ed6cee6453173739f2b209b7b250015e","images/img_0095.jpg","path","shortest_path_intermediate_count","medium","Along the shortest component path from the inductor in the diagram to the 1st resistor from the left, how many intermediate components must be traversed, excluding the start and end components?","从图中的电感到从左到右第1个电阻的最短元件路径中，至少要经过几个中间元件（不含起点和终点）？","2","number"
"qa_v6f_001849","img_0095","train__d1_autockt_-124_png.rf.ed6cee6453173739f2b209b7b250015e","images/img_0095.jpg","path","shortest_path_component_count","medium","Along the shortest component path from the 1st resistor from the left to the capacitor in the diagram, how many components are included when both the start and end components are counted?","从从左到右第1个电阻到图中的电容的最短元件路径中，若包含起点和终点，共有几个元件？","3","number"
"qa_v6f_001091","img_0015","train__d1_autockt_-131_png.rf.f6a3f28e5af57c53a61dbc6afca37603","images/img_0015.jpg","path","shortest_path_intermediate_count","medium","Along the shortest component path from the voltage source in the diagram to the current source in the diagram, how many intermediate components must be traversed, excluding the start and end components?","从图中的电压源到图中的电流源的最短元件路径中，至少要经过几个中间元件（不含起点和终点）？","0","number"
"qa_v6f_002288","img_0015","train__d1_autockt_-131_png.rf.f6a3f28e5af57c53a61dbc6afca37603","images/img_0015.jpg","path","shortest_path_component_count","medium","Along the shortest component path from the inductor in the diagram to the current source in the diagram, how many components are included when both the start and end components are counted?","从图中的电感到图中的电流源的最短元件路径中，若包含起点和终点，共有几个元件？","3","number"
"qa_v6f_000125","img_0241","train__d1_autockt_-132_png.rf.1b0f492f817fbdb706f85f9c4ce4d6bb","images/img_0241.jpg","path","shortest_path_intermediate_count","medium","Along the shortest component path from the 1st resistor from the left to the 3rd resistor from the left, how many intermediate components must be traversed, excluding the start and end components?","从从左到右第1个电阻到从左到右第3个电阻的最短元件路径中，至少要经过几个中间元件（不含起点和终点）？","0","number"
"qa_v6f_000140","img_0241","train__d1_autockt_-132_png.rf.1b0f492f817fbdb706f85f9c4ce4d6bb","images/img_0241.jpg","path","shortest_path_intermediate_count","medium","Along the shortest component path from the voltage source in the diagram to the 3rd resistor from the left, how many intermediate components must be traversed, excluding the start and end components?","从图中的电压源到从左到右第3个电阻的最短元件路径中，至少要经过几个中间元件（不含起点和终点）？","1","number"
"qa_v6f_000454","img_0241","train__d1_autockt_-132_png.rf.1b0f492f817fbdb706f85f9c4ce4d6bb","images/img_0241.jpg","path","shortest_path_component_count","medium","Along the shortest component path from the voltage source in the diagram to the 1st resistor from the left, how many components are included when both the start and end components are counted?","从图中的电压源到从左到右第1个电阻的最短元件路径中，若包含起点和终点，共有几个元件？","2","number"
"qa_v6f_000901","img_0241","train__d1_autockt_-132_png.rf.1b0f492f817fbdb706f85f9c4ce4d6bb","images/img_0241.jpg","path","shortest_path_component_count","medium","Along the shortest component path from the 1st resistor from the left to the 3rd resistor from the left, how many components are included when both the start and end components are counted?","从从左到右第1个电阻到从左到右第3个电阻的最短元件路径中，若包含起点和终点，共有几个元件？","2","number"
"qa_v6f_000831","img_0196","train__d1_autockt_-135_png.rf.1c27c76accc8d18c84f58823d2775d5b","images/img_0196.jpg","path","shortest_path_intermediate_count","medium","Along the shortest component path from the 1st resistor from the top to the capacitor in the diagram, how many intermediate components must be traversed, excluding the start and end components?","从从上到下第1个电阻到图中的电容的最短元件路径中，至少要经过几个中间元件（不含起点和终点）？","0","number"
"qa_v6f_001775","img_0196","train__d1_autockt_-135_png.rf.1c27c76accc8d18c84f58823d2775d5b","images/img_0196.jpg","path","shortest_path_component_count","medium","Along the shortest component path from the inductor in the diagram to the 1st resistor from the top, how many components are included when both the start and end components are counted?","从图中的电感到从上到下第1个电阻的最短元件路径中，若包含起点和终点，共有几个元件？","2","number"
"qa_v6f_002197","img_0196","train__d1_autockt_-135_png.rf.1c27c76accc8d18c84f58823d2775d5b","images/img_0196.jpg","path","shortest_path_component_count","medium","Along the shortest component path from the 1st resistor from the top to the capacitor in the diagram, how many components are included when both the start and end components are counted?","从从上到下第1个电阻到图中的电容的最短元件路径中，若包含起点和终点，共有几个元件？","2","number"
"qa_v6f_000402","img_0149","train__d1_autockt_-136_png.rf.8e604fb6f98ed60f4436ae47a82699ae","images/img_0149.jpg","path","shortest_path_component_count","medium","Along the shortest component path from the voltage source in the diagram to the capacitor in the diagram, how many components are included when both the start and end components are counted?","从图中的电压源到图中的电容的最短元件路径中，若包含起点和终点，共有几个元件？","2","number"
"qa_v6f_001011","img_0149","train__d1_autockt_-136_png.rf.8e604fb6f98ed60f4436ae47a82699ae","images/img_0149.jpg","path","shortest_path_intermediate_count","medium","Along the shortest component path from the 1st resistor from the left to the 3rd resistor from the left, how many intermediate components must be traversed, excluding the start and end components?","从从左到右第1个电阻到从左到右第3个电阻的最短元件路径中，至少要经过几个中间元件（不含起点和终点）？","0","number"
"qa_v6f_001708","img_0149","train__d1_autockt_-136_png.rf.8e604fb6f98ed60f4436ae47a82699ae","images/img_0149.jpg","path","shortest_path_intermediate_count","medium","Along the shortest component path from the voltage source in the diagram to the capacitor in the diagram, how many intermediate components must be traversed, excluding the start and end components?","从图中的电压源到图中的电容的最短元件路径中，至少要经过几个中间元件（不含起点和终点）？","0","number"
"qa_v6f_001771","img_0149","train__d1_autockt_-136_png.rf.8e604fb6f98ed60f4436ae47a82699ae","images/img_0149.jpg","path","shortest_path_component_count","medium","Along the shortest component path from the 1st resistor from the left to the 3rd resistor from the left, how many components are included when both the start and end components are counted?","从从左到右第1个电阻到从左到右第3个电阻的最短元件路径中，若包含起点和终点，共有几个元件？","2","number"
"qa_v6f_000584","img_0270","train__d1_autockt_-13_png.rf.025534ea436898928757dc3827ed6cd5","images/img_0270.jpg","path","shortest_path_component_count","medium","Along the shortest component path from the inductor in the diagram to the 4th resistor from the left, how many components are included when both the start and end components are counted?","从图中的电感到从左到右第4个电阻的最短元件路径中，若包含起点和终点，共有几个元件？","2","number"
"qa_v6f_000847","img_0270","train__d1_autockt_-13_png.rf.025534ea436898928757dc3827ed6cd5","images/img_0270.jpg","path","shortest_path_component_count","medium","Along the shortest component path from the capacitor in the diagram to the 4th resistor from the left, how many components are included when both the start and end components are counted?","从图中的电容到从左到右第4个电阻的最短元件路径中，若包含起点和终点，共有几个元件？","2","number"
"qa_v6f_001441","img_0270","train__d1_autockt_-13_png.rf.025534ea436898928757dc3827ed6cd5","images/img_0270.jpg","path","shortest_path_intermediate_count","medium","Along the shortest component path from the 2nd resistor from the left to the capacitor in the diagram, how many intermediate components must be traversed, excluding the start and end components?","从从左到右第2个电阻到图中的电容的最短元件路径中，至少要经过几个中间元件（不含起点和终点）？","3","number"
"qa_v6f_001746","img_0270","train__d1_autockt_-13_png.rf.025534ea436898928757dc3827ed6cd5","images/img_0270.jpg","path","shortest_path_intermediate_count","medium","Along the shortest component path from the inductor in the diagram to the 1st current source from the left, how many intermediate components must be traversed, excluding the start and end components?","从图中的电感到从左到右第1个电流源的最短元件路径中，至少要经过几个中间元件（不含起点和终点）？","2","number"
"qa_v6f_000485","img_0162","train__d1_autockt_-142_png.rf.ff74d374cf796e4ec677cfdc0f805eda","images/img_0162.jpg","path","shortest_path_component_count","medium","Along the shortest component path from the 2nd resistor from the left to the 1st resistor from the left, how many components are included when both the start and end components are counted?","从从左到右第2个电阻到从左到右第1个电阻的最短元件路径中，若包含起点和终点，共有几个元件？","3","number"
"qa_v6f_000135","img_0051","train__d1_autockt_-144_png.rf.d6268fbd3172b4d0f71da288031397d0","images/img_0051.jpg","path","shortest_path_intermediate_count","medium","Along the shortest component path from the 1st voltage source from the left to the 1st resistor from the left, how many intermediate components must be traversed, excluding the start and end components?","从从左到右第1个电压源到从左到右第1个电阻的最短元件路径中，至少要经过几个中间元件（不含起点和终点）？","0","number"
"qa_v6f_000379","img_0051","train__d1_autockt_-144_png.rf.d6268fbd3172b4d0f71da288031397d0","images/img_0051.jpg","path","shortest_path_component_count","medium","Along the shortest component path from the 1st voltage source from the left to the 2nd resistor from the left, how many components are included when both the start and end components are counted?","从从左到右第1个电压源到从左到右第2个电阻的最短元件路径中，若包含起点和终点，共有几个元件？","2","number"
"qa_v6f_001654","img_0055","train__d1_autockt_-145_png.rf.5cdde9875633aa11b68cd7ed33a6e59b","images/img_0055.jpg","path","shortest_path_component_count","medium","Along the shortest component path from the 1st voltage source from the left to the 1st resistor from the top, how many components are included when both the start and end components are counted?","从从左到右第1个电压源到从上到下第1个电阻的最短元件路径中，若包含起点和终点，共有几个元件？","4","number"
"qa_v6f_002097","img_0055","train__d1_autockt_-145_png.rf.5cdde9875633aa11b68cd7ed33a6e59b","images/img_0055.jpg","path","shortest_path_intermediate_count","medium","Along the shortest component path from the 1st voltage source from the left to the capacitor in the diagram, how many intermediate components must be traversed, excluding the start and end components?","从从左到右第1个电压源到图中的电容的最短元件路径中，至少要经过几个中间元件（不含起点和终点）？","0","number"
"qa_v6f_000448","img_0164","train__d1_autockt_-148_png.rf.042d8ec0ac3afadf033652b0d5e78b74","images/img_0164.jpg","path","shortest_path_component_count","medium","Along the shortest component path from the 2nd current source from the left to the 2nd resistor from the top, how many components are included when both the start and end components are counted?","从从左到右第2个电流源到从上到下第2个电阻的最短元件路径中，若包含起点和终点，共有几个元件？","2","number"
"qa_v6f_002041","img_0164","train__d1_autockt_-148_png.rf.042d8ec0ac3afadf033652b0d5e78b74","images/img_0164.jpg","path","shortest_path_intermediate_count","medium","Along the shortest component path from the 2nd resistor from the top to the 1st current source from the left, how many intermediate components must be traversed, excluding the start and end components?","从从上到下第2个电阻到从左到右第1个电流源的最短元件路径中，至少要经过几个中间元件（不含起点和终点）？","0","number"
"qa_v6f_000317","img_0115","train__d1_autockt_-153_png.rf.24137d8307ac729d7442f4aba4617663","images/img_0115.jpg","path","shortest_path_component_count","medium","Along the shortest component path from the current source in the diagram to the 2nd resistor from the left, how many components are included when both the start and end components are counted?","从图中的电流源到从左到右第2个电阻的最短元件路径中，若包含起点和终点，共有几个元件？","2","number"
"qa_v6f_001856","img_0115","train__d1_autockt_-153_png.rf.24137d8307ac729d7442f4aba4617663","images/img_0115.jpg","path","shortest_path_intermediate_count","medium","Along the shortest component path from the 2nd inductor from the left to the 2nd resistor from the left, how many intermediate components must be traversed, excluding the start and end components?","从从左到右第2个电感到从左到右第2个电阻的最短元件路径中，至少要经过几个中间元件（不含起点和终点）？","0","number"
"qa_v6f_000969","img_0044","train__d1_autockt_-154_png.rf.1d50739e7b1f87df0b2b3121dedf3572","images/img_0044.jpg","path","shortest_path_component_count","medium","Along the shortest component path from the 3rd resistor from the left to the 2nd resistor from the left, how many components are included when both the start and end components are counted?","从从左到右第3个电阻到从左到右第2个电阻的最短元件路径中，若包含起点和终点，共有几个元件？","2","number"
"qa_v6f_000770","img_0381","train__d1_autockt_-157_png.rf.faa2457020e11118cf7957b9a7a0fd4b","images/img_0381.jpg","path","shortest_path_intermediate_count","medium","Along the shortest component path from the 1st resistor from the left to the 3rd resistor from the left, how many intermediate components must be traversed, excluding the start and end components?","从从左到右第1个电阻到从左到右第3个电阻的最短元件路径中，至少要经过几个中间元件（不含起点和终点）？","0","number"
"qa_v6f_001153","img_0381","train__d1_autockt_-157_png.rf.faa2457020e11118cf7957b9a7a0fd4b","images/img_0381.jpg","path","shortest_path_intermediate_count","medium","Along the shortest component path from the inductor in the diagram to the 3rd resistor from the left, how many intermediate components must be traversed, excluding the start and end components?","从图中的电感到从左到右第3个电阻的最短元件路径中，至少要经过几个中间元件（不含起点和终点）？","0","number"
"qa_v6f_001596","img_0381","train__d1_autockt_-157_png.rf.faa2457020e11118cf7957b9a7a0fd4b","images/img_0381.jpg","path","shortest_path_component_count","medium","Along the shortest component path from the voltage source in the diagram to the inductor in the diagram, how many components are included when both the start and end components are counted?","从图中的电压源到图中的电感的最短元件路径中，若包含起点和终点，共有几个元件？","2","number"
"qa_v6f_001927","img_0381","train__d1_autockt_-157_png.rf.faa2457020e11118cf7957b9a7a0fd4b","images/img_0381.jpg","path","shortest_path_component_count","medium","Along the shortest component path from the 1st resistor from the left to the inductor in the diagram, how many components are included when both the start and end components are counted?","从从左到右第1个电阻到图中的电感的最短元件路径中，若包含起点和终点，共有几个元件？","3","number"
"qa_v6f_000355","img_0359","train__d1_autockt_-162_png.rf.c4862eec77a29de4b90e9e9e3d53a8d4","images/img_0359.jpg","path","shortest_path_component_count","medium","Along the shortest component path from the 1st resistor from the left to the current source in the diagram, how many components are included when both the start and end components are counted?","从从左到右第1个电阻到图中的电流源的最短元件路径中，若包含起点和终点，共有几个元件？","2","number"
"qa_v6f_001188","img_0359","train__d1_autockt_-162_png.rf.c4862eec77a29de4b90e9e9e3d53a8d4","images/img_0359.jpg","path","shortest_path_intermediate_count","medium","Along the shortest component path from the 1st resistor from the left to the 3rd resistor from the left, how many intermediate components must be traversed, excluding the start and end components?","从从左到右第1个电阻到从左到右第3个电阻的最短元件路径中，至少要经过几个中间元件（不含起点和终点）？","1","number"
"qa_v6f_000464","img_0251","train__d1_autockt_-163_png.rf.e05478c4f718206b1ba145723be6e464","images/img_0251.jpg","path","shortest_path_component_count","medium","Along the shortest component path from the 1st resistor from the left to the 2nd resistor from the left, how many components are included when both the start and end components are counted?","从从左到右第1个电阻到从左到右第2个电阻的最短元件路径中，若包含起点和终点，共有几个元件？","2","number"
"qa_v6f_002169","img_0251","train__d1_autockt_-163_png.rf.e05478c4f718206b1ba145723be6e464","images/img_0251.jpg","path","shortest_path_intermediate_count","medium","Along the shortest component path from the voltage source in the diagram to the 3rd resistor from the left, how many intermediate components must be traversed, excluding the start and end components?","从图中的电压源到从左到右第3个电阻的最短元件路径中，至少要经过几个中间元件（不含起点和终点）？","0","number"
"qa_v6f_001564","img_0046","train__d1_autockt_-176_png.rf.9d18276e947642b313f8b194479caa96","images/img_0046.jpg","path","shortest_path_component_count","medium","Along the shortest component path from the voltage source in the diagram to the capacitor in the diagram, how many components are included when both the start and end components are counted?","从图中的电压源到图中的电容的最短元件路径中，若包含起点和终点，共有几个元件？","2","number"
"qa_v6f_000532","img_0158","train__d1_autockt_-178_png.rf.6e8e76540774f195a7a26d81497a19ca","images/img_0158.jpg","path","shortest_path_component_count","medium","Along the shortest component path from the 2nd inductor from the left to the 3rd resistor from the left, how many components are included when both the start and end components are counted?","从从左到右第2个电感到从左到右第3个电阻的最短元件路径中，若包含起点和终点，共有几个元件？","2","number"
"qa_v6f_000543","img_0158","train__d1_autockt_-178_png.rf.6e8e76540774f195a7a26d81497a19ca","images/img_0158.jpg","path","shortest_path_component_count","medium","Along the shortest component path from the 1st inductor from the left to the current source in the diagram, how many components are included when both the start and end components are counted?","从从左到右第1个电感到图中的电流源的最短元件路径中，若包含起点和终点，共有几个元件？","2","number"
"qa_v6f_001068","img_0158","train__d1_autockt_-178_png.rf.6e8e76540774f195a7a26d81497a19ca","images/img_0158.jpg","path","shortest_path_intermediate_count","medium","Along the shortest component path from the 2nd inductor from the left to the 3rd resistor from the left, how many intermediate components must be traversed, excluding the start and end components?","从从左到右第2个电感到从左到右第3个电阻的最短元件路径中，至少要经过几个中间元件（不含起点和终点）？","0","number"
"qa_v6f_001109","img_0158","train__d1_autockt_-178_png.rf.6e8e76540774f195a7a26d81497a19ca","images/img_0158.jpg","path","shortest_path_intermediate_count","medium","Along the shortest component path from the 1st inductor from the left to the current source in the diagram, how many intermediate components must be traversed, excluding the start and end components?","从从左到右第1个电感到图中的电流源的最短元件路径中，至少要经过几个中间元件（不含起点和终点）？","0","number"
"qa_v6f_000080","img_0119","train__d1_autockt_-181_png.rf.27562d0a9a3d928425895b6474b448cc","images/img_0119.jpg","path","shortest_path_component_count","medium","Along the shortest component path from the 2nd resistor from the left to the 1st current source from the left, how many components are included when both the start and end components are counted?","从从左到右第2个电阻到从左到右第1个电流源的最短元件路径中，若包含起点和终点，共有几个元件？","4","number"
"qa_v6f_001067","img_0119","train__d1_autockt_-181_png.rf.27562d0a9a3d928425895b6474b448cc","images/img_0119.jpg","path","shortest_path_intermediate_count","medium","Along the shortest component path from the 1st resistor from the left to the 2nd current source from the left, how many intermediate components must be traversed, excluding the start and end components?","从从左到右第1个电阻到从左到右第2个电流源的最短元件路径中，至少要经过几个中间元件（不含起点和终点）？","0","number"
"qa_v6f_000749","img_0100","train__d1_autockt_-183_png.rf.e279e82606bf281c709fc9c53f80e739","images/img_0100.jpg","path","shortest_path_component_count","medium","Along the shortest component path from the inductor in the diagram to the capacitor in the diagram, how many components are included when both the start and end components are counted?","从图中的电感到图中的电容的最短元件路径中，若包含起点和终点，共有几个元件？","3","number"
"qa_v6f_000823","img_0100","train__d1_autockt_-183_png.rf.e279e82606bf281c709fc9c53f80e739","images/img_0100.jpg","path","shortest_path_intermediate_count","medium","Along the shortest component path from the 1st resistor from the left to the capacitor in the diagram, how many intermediate components must be traversed, excluding the start and end components?","从从左到右第1个电阻到图中的电容的最短元件路径中，至少要经过几个中间元件（不含起点和终点）？","2","number"
"qa_v6f_001440","img_0027","train__d1_autockt_-185_png.rf.cdbeabe0ea76f342426a179191398cae","images/img_0027.jpg","path","shortest_path_intermediate_count","medium","Along the shortest component path from the capacitor in the diagram to the 1st resistor from the left, how many intermediate components must be traversed, excluding the start and end components?","从图中的电容到从左到右第1个电阻的最短元件路径中，至少要经过几个中间元件（不含起点和终点）？","0","number"
"qa_v6f_001883","img_0027","train__d1_autockt_-185_png.rf.cdbeabe0ea76f342426a179191398cae","images/img_0027.jpg","path","shortest_path_component_count","medium","Along the shortest component path from the 1st voltage source from the left to the 1st resistor from the left, how many components are included when both the start and end components are counted?","从从左到右第1个电压源到从左到右第1个电阻的最短元件路径中，若包含起点和终点，共有几个元件？","3","number"
"qa_v6f_000165","img_0209","train__d1_autockt_-186_png.rf.b832966fc1ffa8a317d9c65c2b2a3700","images/img_0209.jpg","path","shortest_path_component_count","medium","Along the shortest component path from the 3rd resistor from the left to the 2nd resistor from the left, how many components are included when both the start and end components are counted?","从从左到右第3个电阻到从左到右第2个电阻的最短元件路径中，若包含起点和终点，共有几个元件？","4","number"
"qa_v6f_001881","img_0209","train__d1_autockt_-186_png.rf.b832966fc1ffa8a317d9c65c2b2a3700","images/img_0209.jpg","path","shortest_path_intermediate_count","medium","Along the shortest component path from the capacitor in the diagram to the inductor in the diagram, how many intermediate components must be traversed, excluding the start and end components?","从图中的电容到图中的电感的最短元件路径中，至少要经过几个中间元件（不含起点和终点）？","3","number"
"qa_v6f_000179","img_0083","train__d1_autockt_-197_png.rf.3398024521496010fc964ed00cd6d6b7","images/img_0083.jpg","path","shortest_path_component_count","medium","Along the shortest component path from the 1st inductor from the left to the capacitor in the diagram, how many components are included when both the start and end components are counted?","从从左到右第1个电感到图中的电容的最短元件路径中，若包含起点和终点，共有几个元件？","3","number"
"qa_v6f_001268","img_0083","train__d1_autockt_-197_png.rf.3398024521496010fc964ed00cd6d6b7","images/img_0083.jpg","path","shortest_path_intermediate_count","medium","Along the shortest component path from the 1st inductor from the left to the capacitor in the diagram, how many intermediate components must be traversed, excluding the start and end components?","从从左到右第1个电感到图中的电容的最短元件路径中，至少要经过几个中间元件（不含起点和终点）？","1","number"
"qa_v6f_001335","img_0083","train__d1_autockt_-197_png.rf.3398024521496010fc964ed00cd6d6b7","images/img_0083.jpg","path","shortest_path_component_count","medium","Along the shortest component path from the 1st voltage source from the left to the capacitor in the diagram, how many components are included when both the start and end components are counted?","从从左到右第1个电压源到图中的电容的最短元件路径中，若包含起点和终点，共有几个元件？","2","number"
"qa_v6f_001976","img_0298","train__d1_autockt_-201_png.rf.55106b117ccb380bc2541978a8b6049c","images/img_0298.jpg","path","shortest_path_intermediate_count","medium","Along the shortest component path from the 1st resistor from the left to the 3rd resistor from the left, how many intermediate components must be traversed, excluding the start and end components?","从从左到右第1个电阻到从左到右第3个电阻的最短元件路径中，至少要经过几个中间元件（不含起点和终点）？","1","number"
"qa_v6f_002372","img_0298","train__d1_autockt_-201_png.rf.55106b117ccb380bc2541978a8b6049c","images/img_0298.jpg","path","shortest_path_component_count","medium","Along the shortest component path from the 3rd resistor from the left to the 2nd resistor from the left, how many components are included when both the start and end components are counted?","从从左到右第3个电阻到从左到右第2个电阻的最短元件路径中，若包含起点和终点，共有几个元件？","4","number"
"qa_v6f_000953","img_0260","train__d1_autockt_-205_png.rf.5dc0799f6829932f2b57f142daeb4dc5","images/img_0260.jpg","path","shortest_path_intermediate_count","medium","Along the shortest component path from the capacitor in the diagram to the 1st resistor from the top, how many intermediate components must be traversed, excluding the start and end components?","从图中的电容到从上到下第1个电阻的最短元件路径中，至少要经过几个中间元件（不含起点和终点）？","0","number"
"qa_v6f_001534","img_0260","train__d1_autockt_-205_png.rf.5dc0799f6829932f2b57f142daeb4dc5","images/img_0260.jpg","path","shortest_path_component_count","medium","Along the shortest component path from the 1st voltage source from the left to the 2nd resistor from the top, how many components are included when both the start and end components are counted?","从从左到右第1个电压源到从上到下第2个电阻的最短元件路径中，若包含起点和终点，共有几个元件？","2","number"
"qa_v6f_002087","img_0260","train__d1_autockt_-205_png.rf.5dc0799f6829932f2b57f142daeb4dc5","images/img_0260.jpg","path","shortest_path_intermediate_count","medium","Along the shortest component path from the 2nd voltage source from the left to the 1st resistor from the top, how many intermediate components must be traversed, excluding the start and end components?","从从左到右第2个电压源到从上到下第1个电阻的最短元件路径中，至少要经过几个中间元件（不含起点和终点）？","2","number"
"qa_v6f_002332","img_0260","train__d1_autockt_-205_png.rf.5dc0799f6829932f2b57f142daeb4dc5","images/img_0260.jpg","path","shortest_path_component_count","medium","Along the shortest component path from the inductor in the diagram to the capacitor in the diagram, how many components are included when both the start and end components are counted?","从图中的电感到图中的电容的最短元件路径中，若包含起点和终点，共有几个元件？","2","number"
"qa_v6f_000754","img_0066","train__d1_autockt_-206_png.rf.b0ec0917b62fc263195fe44aafc7feb0","images/img_0066.jpg","path","shortest_path_intermediate_count","medium","Along the shortest component path from the 2nd voltage source from the left to the 2nd resistor from the left, how many intermediate components must be traversed, excluding the start and end components?","从从左到右第2个电压源到从左到右第2个电阻的最短元件路径中，至少要经过几个中间元件（不含起点和终点）？","0","number"
"qa_v6f_001733","img_0066","train__d1_autockt_-206_png.rf.b0ec0917b62fc263195fe44aafc7feb0","images/img_0066.jpg","path","shortest_path_component_count","medium","Along the shortest component path from the 2nd voltage source from the left to the 2nd resistor from the left, how many components are included when both the start and end components are counted?","从从左到右第2个电压源到从左到右第2个电阻的最短元件路径中，若包含起点和终点，共有几个元件？","2","number"
"qa_v6f_000967","img_0287","train__d1_autockt_-208_png.rf.5819e4e9a8cfbdbfa84d39b7c1c08181","images/img_0287.jpg","path","shortest_path_intermediate_count","medium","Along the shortest component path from the 2nd resistor from the top to the capacitor in the diagram, how many intermediate components must be traversed, excluding the start and end components?","从从上到下第2个电阻到图中的电容的最短元件路径中，至少要经过几个中间元件（不含起点和终点）？","2","number"
"qa_v6f_001137","img_0287","train__d1_autockt_-208_png.rf.5819e4e9a8cfbdbfa84d39b7c1c08181","images/img_0287.jpg","path","shortest_path_component_count","medium","Along the shortest component path from the 3rd resistor from the top to the capacitor in the diagram, how many components are included when both the start and end components are counted?","从从上到下第3个电阻到图中的电容的最短元件路径中，若包含起点和终点，共有几个元件？","2","number"
"qa_v6f_001420","img_0395","train__d1_autockt_-209_png.rf.871b80895a2d3e21e2835a296773b8f4","images/img_0395.jpg","path","shortest_path_intermediate_count","medium","Along the shortest component path from the voltage source in the diagram to the 2nd resistor from the left, how many intermediate components must be traversed, excluding the start and end components?","从图中的电压源到从左到右第2个电阻的最短元件路径中，至少要经过几个中间元件（不含起点和终点）？","0","number"
"qa_v6f_001720","img_0395","train__d1_autockt_-209_png.rf.871b80895a2d3e21e2835a296773b8f4","images/img_0395.jpg","path","shortest_path_component_count","medium","Along the shortest component path from the voltage source in the diagram to the 1st inductor from the left, how many components are included when both the start and end components are counted?","从图中的电压源到从左到右第1个电感的最短元件路径中，若包含起点和终点，共有几个元件？","2","number"
"qa_v6f_002252","img_0327","train__d1_autockt_-211_png.rf.d7726348920d15f89aa6a6ae7dc10597","images/img_0327.jpg","path","shortest_path_component_count","medium","Along the shortest component path from the voltage source in the diagram to the 1st resistor from the top, how many components are included when both the start and end components are counted?","从图中的电压源到从上到下第1个电阻的最短元件路径中，若包含起点和终点，共有几个元件？","2","number"
"qa_v6f_000326","img_0366","train__d1_autockt_-214_png.rf.e0c51ef9b7e23fa1f077a6127e010e17","images/img_0366.jpg","path","shortest_path_component_count","medium","Along the shortest component path from the 1st current source from the left to the 1st capacitor from the left, how many components are included when both the start and end components are counted?","从从左到右第1个电流源到从左到右第1个电容的最短元件路径中，若包含起点和终点，共有几个元件？","2","number"
"qa_v6f_000877","img_0366","train__d1_autockt_-214_png.rf.e0c51ef9b7e23fa1f077a6127e010e17","images/img_0366.jpg","path","shortest_path_intermediate_count","medium","Along the shortest component path from the 2nd current source from the left to the 1st capacitor from the left, how many intermediate components must be traversed, excluding the start and end components?","从从左到右第2个电流源到从左到右第1个电容的最短元件路径中，至少要经过几个中间元件（不含起点和终点）？","0","number"
"qa_v6f_001907","img_0366","train__d1_autockt_-214_png.rf.e0c51ef9b7e23fa1f077a6127e010e17","images/img_0366.jpg","path","shortest_path_intermediate_count","medium","Along the shortest component path from the 2nd current source from the left to the 1st current source from the left, how many intermediate components must be traversed, excluding the start and end components?","从从左到右第2个电流源到从左到右第1个电流源的最短元件路径中，至少要经过几个中间元件（不含起点和终点）？","1","number"
"qa_v6f_002104","img_0366","train__d1_autockt_-214_png.rf.e0c51ef9b7e23fa1f077a6127e010e17","images/img_0366.jpg","path","shortest_path_component_count","medium","Along the shortest component path from the 2nd current source from the left to the 1st current source from the left, how many components are included when both the start and end components are counted?","从从左到右第2个电流源到从左到右第1个电流源的最短元件路径中，若包含起点和终点，共有几个元件？","3","number"
"qa_v6f_001551","img_0299","train__d1_autockt_-215_png.rf.f13ee742362c583a6267bbfefa2025a6","images/img_0299.jpg","path","shortest_path_component_count","medium","Along the shortest component path from the 1st inductor from the left to the current source in the diagram, how many components are included when both the start and end components are counted?","从从左到右第1个电感到图中的电流源的最短元件路径中，若包含起点和终点，共有几个元件？","2","number"
"qa_v6f_002023","img_0299","train__d1_autockt_-215_png.rf.f13ee742362c583a6267bbfefa2025a6","images/img_0299.jpg","path","shortest_path_intermediate_count","medium","Along the shortest component path from the 1st inductor from the left to the current source in the diagram, how many intermediate components must be traversed, excluding the start and end components?","从从左到右第1个电感到图中的电流源的最短元件路径中，至少要经过几个中间元件（不含起点和终点）？","0","number"
"qa_v6f_000157","img_0267","train__d1_autockt_-219_png.rf.091b956fd3b071b85dbe70f9f927e549","images/img_0267.jpg","path","shortest_path_intermediate_count","medium","Along the shortest component path from the 2nd inductor from the left to the current source in the diagram, how many intermediate components must be traversed, excluding the start and end components?","从从左到右第2个电感到图中的电流源的最短元件路径中，至少要经过几个中间元件（不含起点和终点）？","1","number"
"qa_v6f_001297","img_0267","train__d1_autockt_-219_png.rf.091b956fd3b071b85dbe70f9f927e549","images/img_0267.jpg","path","shortest_path_component_count","medium","Along the shortest component path from the 2nd inductor from the left to the 3rd resistor from the left, how many components are included when both the start and end components are counted?","从从左到右第2个电感到从左到右第3个电阻的最短元件路径中，若包含起点和终点，共有几个元件？","4","number"
"qa_v6f_000290","img_0289","train__d1_autockt_-222_png.rf.c001ee31370fbfbccfd7142f387253ae","images/img_0289.jpg","path","shortest_path_intermediate_count","medium","Along the shortest component path from the 1st resistor from the left to the capacitor in the diagram, how many intermediate components must be traversed, excluding the start and end components?","从从左到右第1个电阻到图中的电容的最短元件路径中，至少要经过几个中间元件（不含起点和终点）？","1","number"
"qa_v6f_001055","img_0289","train__d1_autockt_-222_png.rf.c001ee31370fbfbccfd7142f387253ae","images/img_0289.jpg","path","shortest_path_component_count","medium","Along the shortest component path from the 1st resistor from the left to the capacitor in the diagram, how many components are included when both the start and end components are counted?","从从左到右第1个电阻到图中的电容的最短元件路径中，若包含起点和终点，共有几个元件？","3","number"
"qa_v6f_002018","img_0341","train__d1_autockt_-227_png.rf.4de4f1238dd146d0b142d3b42a8d4c2f","images/img_0341.jpg","path","shortest_path_component_count","medium","Along the shortest component path from the 1st resistor from the left to the 3rd resistor from the left, how many components are included when both the start and end components are counted?","从从左到右第1个电阻到从左到右第3个电阻的最短元件路径中，若包含起点和终点，共有几个元件？","2","number"
"qa_v6f_002012","img_0338","train__d1_autockt_-232_png.rf.1c09a3675234bd688610dfa5f6017e8a","images/img_0338.jpg","path","shortest_path_component_count","medium","Along the shortest component path from the inductor in the diagram to the 2nd current source from the left, how many components are included when both the start and end components are counted?","从图中的电感到从左到右第2个电流源的最短元件路径中，若包含起点和终点，共有几个元件？","2","number"
"qa_v6f_000389","img_0172","train__d1_autockt_-236_png.rf.cc4d1a31abbd8a1b32c9a20fd70273d5","images/img_0172.jpg","path","shortest_path_component_count","medium","Along the shortest component path from the 2nd resistor from the top to the current source in the diagram, how many components are included when both the start and end components are counted?","从从上到下第2个电阻到图中的电流源的最短元件路径中，若包含起点和终点，共有几个元件？","3","number"
"qa_v6f_000440","img_0172","train__d1_autockt_-236_png.rf.cc4d1a31abbd8a1b32c9a20fd70273d5","images/img_0172.jpg","path","shortest_path_intermediate_count","medium","Along the shortest component path from the current source in the diagram to the capacitor in the diagram, how many intermediate components must be traversed, excluding the start and end components?","从图中的电流源到图中的电容的最短元件路径中，至少要经过几个中间元件（不含起点和终点）？","0","number"
"qa_v6f_000645","img_0104","train__d1_autockt_-238_png.rf.ef3d9a844e18348c120c870ebac5b2dc","images/img_0104.jpg","path","shortest_path_component_count","medium","Along the shortest component path from the 2nd resistor from the top to the 1st resistor from the top, how many components are included when both the start and end components are counted?","从从上到下第2个电阻到从上到下第1个电阻的最短元件路径中，若包含起点和终点，共有几个元件？","3","number"
"qa_v6f_001598","img_0104","train__d1_autockt_-238_png.rf.ef3d9a844e18348c120c870ebac5b2dc","images/img_0104.jpg","path","shortest_path_intermediate_count","medium","Along the shortest component path from the 2nd resistor from the top to the current source in the diagram, how many intermediate components must be traversed, excluding the start and end components?","从从上到下第2个电阻到图中的电流源的最短元件路径中，至少要经过几个中间元件（不含起点和终点）？","0","number"
"qa_v6f_000453","img_0330","train__d1_autockt_-23_png.rf.027bd37e1ba58a5b27e911960f07c89c","images/img_0330.jpg","path","shortest_path_component_count","medium","Along the shortest component path from the voltage source in the diagram to the 3rd resistor from the left, how many components are included when both the start and end components are counted?","从图中的电压源到从左到右第3个电阻的最短元件路径中，若包含起点和终点，共有几个元件？","2","number"
"qa_v6f_000538","img_0330","train__d1_autockt_-23_png.rf.027bd37e1ba58a5b27e911960f07c89c","images/img_0330.jpg","path","shortest_path_intermediate_count","medium","Along the shortest component path from the 3rd resistor from the left to the inductor in the diagram, how many intermediate components must be traversed, excluding the start and end components?","从从左到右第3个电阻到图中的电感的最短元件路径中，至少要经过几个中间元件（不含起点和终点）？","0","number"
"qa_v6f_000051","img_0284","train__d1_autockt_-243_png.rf.6704bc9dfa27371416ca6de120f025d8","images/img_0284.jpg","path","shortest_path_component_count","medium","Along the shortest component path from the 2nd voltage source from the left to the 1st resistor from the left, how many components are included when both the start and end components are counted?","从从左到右第2个电压源到从左到右第1个电阻的最短元件路径中，若包含起点和终点，共有几个元件？","3","number"
"qa_v6f_001455","img_0176","train__d1_autockt_-244_png.rf.5b6f7ad75d59e5ba315c758d3a6fd04e","images/img_0176.jpg","path","shortest_path_component_count","medium","Along the shortest component path from the 1st capacitor from the left to the 2nd capacitor from the left, how many components are included when both the start and end components are counted?","从从左到右第1个电容到从左到右第2个电容的最短元件路径中，若包含起点和终点，共有几个元件？","3","number"
"qa_v6f_002254","img_0176","train__d1_autockt_-244_png.rf.5b6f7ad75d59e5ba315c758d3a6fd04e","images/img_0176.jpg","path","shortest_path_intermediate_count","medium","Along the shortest component path from the 1st capacitor from the left to the 2nd capacitor from the left, how many intermediate components must be traversed, excluding the start and end components?","从从左到右第1个电容到从左到右第2个电容的最短元件路径中，至少要经过几个中间元件（不含起点和终点）？","1","number"
"qa_v6f_001004","img_0179","train__d1_autockt_-245_png.rf.93e3c62d7e82b5edba9144be71728272","images/img_0179.jpg","path","shortest_path_component_count","medium","Along the shortest component path from the 1st resistor from the top to the capacitor in the diagram, how many components are included when both the start and end components are counted?","从从上到下第1个电阻到图中的电容的最短元件路径中，若包含起点和终点，共有几个元件？","2","number"
"qa_v6f_000478","img_0222","train__d1_autockt_-24_png.rf.2217a96e32b725062bb2929073f00421","images/img_0222.jpg","path","shortest_path_component_count","medium","Along the shortest component path from the inductor in the diagram to the 2nd current source from the left, how many components are included when both the start and end components are counted?","从图中的电感到从左到右第2个电流源的最短元件路径中，若包含起点和终点，共有几个元件？","4","number"
"qa_v6f_000703","img_0391","train__d1_autockt_-250_png.rf.5dc7f96a8499ed821bd95bbf31055c5c","images/img_0391.jpg","path","shortest_path_intermediate_count","medium","Along the shortest component path from the 2nd resistor from the left to the capacitor in the diagram, how many intermediate components must be traversed, excluding the start and end components?","从从左到右第2个电阻到图中的电容的最短元件路径中，至少要经过几个中间元件（不含起点和终点）？","1","number"
"qa_v6f_002368","img_0391","train__d1_autockt_-250_png.rf.5dc7f96a8499ed821bd95bbf31055c5c","images/img_0391.jpg","path","shortest_path_component_count","medium","Along the shortest component path from the 2nd current source from the top to the 1st resistor from the left, how many components are included when both the start and end components are counted?","从从上到下第2个电流源到从左到右第1个电阻的最短元件路径中，若包含起点和终点，共有几个元件？","3","number"
"qa_v6f_000270","img_0358","train__d1_autockt_-251_png.rf.e8eaeb31d2f4159d401d484e99f2272c","images/img_0358.jpg","path","shortest_path_intermediate_count","medium","Along the shortest component path from the 1st inductor from the left to the 2nd inductor from the left, how many intermediate components must be traversed, excluding the start and end components?","从从左到右第1个电感到从左到右第2个电感的最短元件路径中，至少要经过几个中间元件（不含起点和终点）？","1","number"
"qa_v6f_002042","img_0358","train__d1_autockt_-251_png.rf.e8eaeb31d2f4159d401d484e99f2272c","images/img_0358.jpg","path","shortest_path_component_count","medium","Along the shortest component path from the 2nd inductor from the left to the 2nd resistor from the left, how many components are included when both the start and end components are counted?","从从左到右第2个电感到从左到右第2个电阻的最短元件路径中，若包含起点和终点，共有几个元件？","2","number"
"qa_v6f_001864","img_0308","train__d1_autockt_-252_png.rf.3dc4b23e2579dd6c511905aac57d667e","images/img_0308.jpg","path","shortest_path_component_count","medium","Along the shortest component path from the 2nd capacitor from the left to the 2nd resistor from the left, how many components are included when both the start and end components are counted?","从从左到右第2个电容到从左到右第2个电阻的最短元件路径中，若包含起点和终点，共有几个元件？","4","number"
"qa_v6f_000127","img_0136","train__d1_autockt_-253_png.rf.6091c34e8523333a293a94711d8bf430","images/img_0136.jpg","path","shortest_path_intermediate_count","medium","Along the shortest component path from the 2nd resistor from the left to the 3rd resistor from the left, how many intermediate components must be traversed, excluding the start and end components?","从从左到右第2个电阻到从左到右第3个电阻的最短元件路径中，至少要经过几个中间元件（不含起点和终点）？","0","number"
"qa_v6f_000414","img_0136","train__d1_autockt_-253_png.rf.6091c34e8523333a293a94711d8bf430","images/img_0136.jpg","path","shortest_path_intermediate_count","medium","Along the shortest component path from the 3rd resistor from the left to the 1st resistor from the left, how many intermediate components must be traversed, excluding the start and end components?","从从左到右第3个电阻到从左到右第1个电阻的最短元件路径中，至少要经过几个中间元件（不含起点和终点）？","1","number"
"qa_v6f_001323","img_0136","train__d1_autockt_-253_png.rf.6091c34e8523333a293a94711d8bf430","images/img_0136.jpg","path","shortest_path_component_count","medium","Along the shortest component path from the 2nd resistor from the left to the 1st resistor from the left, how many components are included when both the start and end components are counted?","从从左到右第2个电阻到从左到右第1个电阻的最短元件路径中，若包含起点和终点，共有几个元件？","2","number"
"qa_v6f_000235","img_0103","train__d1_autockt_-25_png.rf.0b8942c3aacc03d778572d69aebb6362","images/img_0103.jpg","path","shortest_path_component_count","medium","Along the shortest component path from the voltage source in the diagram to the 1st resistor from the left, how many components are included when both the start and end components are counted?","从图中的电压源到从左到右第1个电阻的最短元件路径中，若包含起点和终点，共有几个元件？","2","number"
"qa_v6f_001579","img_0103","train__d1_autockt_-25_png.rf.0b8942c3aacc03d778572d69aebb6362","images/img_0103.jpg","path","shortest_path_intermediate_count","medium","Along the shortest component path from the voltage source in the diagram to the 3rd resistor from the left, how many intermediate components must be traversed, excluding the start and end components?","从图中的电压源到从左到右第3个电阻的最短元件路径中，至少要经过几个中间元件（不含起点和终点）？","0","number"
"qa_v6f_002156","img_0103","train__d1_autockt_-25_png.rf.0b8942c3aacc03d778572d69aebb6362","images/img_0103.jpg","path","shortest_path_intermediate_count","medium","Along the shortest component path from the voltage source in the diagram to the 1st resistor from the left, how many intermediate components must be traversed, excluding the start and end components?","从图中的电压源到从左到右第1个电阻的最短元件路径中，至少要经过几个中间元件（不含起点和终点）？","0","number"
"qa_v6f_001039","img_0013","train__d1_autockt_-263_png.rf.4372748f166f2920e2135e789538fdbc","images/img_0013.jpg","path","shortest_path_intermediate_count","medium","Along the shortest component path from the 1st capacitor from the left to the current source in the diagram, how many intermediate components must be traversed, excluding the start and end components?","从从左到右第1个电容到图中的电流源的最短元件路径中，至少要经过几个中间元件（不含起点和终点）？","0","number"
"qa_v6f_002379","img_0013","train__d1_autockt_-263_png.rf.4372748f166f2920e2135e789538fdbc","images/img_0013.jpg","path","shortest_path_component_count","medium","Along the shortest component path from the current source in the diagram to the 2nd capacitor from the left, how many components are included when both the start and end components are counted?","从图中的电流源到从左到右第2个电容的最短元件路径中，若包含起点和终点，共有几个元件？","2","number"
"qa_v6f_000249","img_0157","train__d1_autockt_-265_png.rf.bb5e611c809b6047ea7be5abd5ffbfca","images/img_0157.jpg","path","shortest_path_intermediate_count","medium","Along the shortest component path from the 1st voltage source from the left to the 2nd voltage source from the left, how many intermediate components must be traversed, excluding the start and end components?","从从左到右第1个电压源到从左到右第2个电压源的最短元件路径中，至少要经过几个中间元件（不含起点和终点）？","0","number"
"qa_v6f_000915","img_0157","train__d1_autockt_-265_png.rf.bb5e611c809b6047ea7be5abd5ffbfca","images/img_0157.jpg","path","shortest_path_intermediate_count","medium","Along the shortest component path from the 2nd voltage source from the left to the capacitor in the diagram, how many intermediate components must be traversed, excluding the start and end components?","从从左到右第2个电压源到图中的电容的最短元件路径中，至少要经过几个中间元件（不含起点和终点）？","1","number"
"qa_v6f_001824","img_0157","train__d1_autockt_-265_png.rf.bb5e611c809b6047ea7be5abd5ffbfca","images/img_0157.jpg","path","shortest_path_component_count","medium","Along the shortest component path from the 2nd voltage source from the left to the capacitor in the diagram, how many components are included when both the start and end components are counted?","从从左到右第2个电压源到图中的电容的最短元件路径中，若包含起点和终点，共有几个元件？","3","number"
"qa_v6f_000420","img_0190","train__d1_autockt_-266_png.rf.be0b8aff5eb0f00def9fe86afc3e5e7f","images/img_0190.jpg","path","shortest_path_component_count","medium","Along the shortest component path from the voltage source in the diagram to the 1st capacitor from the top, how many components are included when both the start and end components are counted?","从图中的电压源到从上到下第1个电容的最短元件路径中，若包含起点和终点，共有几个元件？","2","number"
"qa_v6f_000242","img_0116","train__d1_autockt_-268_png.rf.cdfe492ad8ddff07feb6f0a2fea450b6","images/img_0116.jpg","path","shortest_path_intermediate_count","medium","Along the shortest component path from the inductor in the diagram to the 1st resistor from the top, how many intermediate components must be traversed, excluding the start and end components?","从图中的电感到从上到下第1个电阻的最短元件路径中，至少要经过几个中间元件（不含起点和终点）？","0","number"
"qa_v6f_000602","img_0116","train__d1_autockt_-268_png.rf.cdfe492ad8ddff07feb6f0a2fea450b6","images/img_0116.jpg","path","shortest_path_component_count","medium","Along the shortest component path from the 1st resistor from the top to the capacitor in the diagram, how many components are included when both the start and end components are counted?","从从上到下第1个电阻到图中的电容的最短元件路径中，若包含起点和终点，共有几个元件？","3","number"
"qa_v6f_000958","img_0116","train__d1_autockt_-268_png.rf.cdfe492ad8ddff07feb6f0a2fea450b6","images/img_0116.jpg","path","shortest_path_intermediate_count","medium","Along the shortest component path from the 1st resistor from the top to the 3rd resistor from the top, how many intermediate components must be traversed, excluding the start and end components?","从从上到下第1个电阻到从上到下第3个电阻的最短元件路径中，至少要经过几个中间元件（不含起点和终点）？","0","number"
"qa_v6f_001692","img_0116","train__d1_autockt_-268_png.rf.cdfe492ad8ddff07feb6f0a2fea450b6","images/img_0116.jpg","path","shortest_path_component_count","medium","Along the shortest component path from the inductor in the diagram to the 3rd resistor from the top, how many components are included when both the start and end components are counted?","从图中的电感到从上到下第3个电阻的最短元件路径中，若包含起点和终点，共有几个元件？","3","number"
"qa_v6f_000234","img_0206","train__d1_autockt_-26_png.rf.6249d1124818b0f55b82be9563842735","images/img_0206.jpg","path","shortest_path_intermediate_count","medium","Along the shortest component path from the 1st inductor from the left to the 3rd resistor from the left, how many intermediate components must be traversed, excluding the start and end components?","从从左到右第1个电感到从左到右第3个电阻的最短元件路径中，至少要经过几个中间元件（不含起点和终点）？","0","number"
"qa_v6f_000735","img_0206","train__d1_autockt_-26_png.rf.6249d1124818b0f55b82be9563842735","images/img_0206.jpg","path","shortest_path_intermediate_count","medium","Along the shortest component path from the 2nd resistor from the left to the 2nd inductor from the left, how many intermediate components must be traversed, excluding the start and end components?","从从左到右第2个电阻到从左到右第2个电感的最短元件路径中，至少要经过几个中间元件（不含起点和终点）？","0","number"
"qa_v6f_001206","img_0206","train__d1_autockt_-26_png.rf.6249d1124818b0f55b82be9563842735","images/img_0206.jpg","path","shortest_path_component_count","medium","Along the shortest component path from the 1st inductor from the left to the 3rd resistor from the left, how many components are included when both the start and end components are counted?","从从左到右第1个电感到从左到右第3个电阻的最短元件路径中，若包含起点和终点，共有几个元件？","2","number"
"qa_v6f_001599","img_0206","train__d1_autockt_-26_png.rf.6249d1124818b0f55b82be9563842735","images/img_0206.jpg","path","shortest_path_component_count","medium","Along the shortest component path from the 1st resistor from the left to the 3rd resistor from the left, how many components are included when both the start and end components are counted?","从从左到右第1个电阻到从左到右第3个电阻的最短元件路径中，若包含起点和终点，共有几个元件？","3","number"
"qa_v6f_000946","img_0278","train__d1_autockt_-270_png.rf.ddaf5053e5542e0a28db2492ea4f3e04","images/img_0278.jpg","path","shortest_path_intermediate_count","medium","Along the shortest component path from the voltage source in the diagram to the 2nd resistor from the left, how many intermediate components must be traversed, excluding the start and end components?","从图中的电压源到从左到右第2个电阻的最短元件路径中，至少要经过几个中间元件（不含起点和终点）？","1","number"
"qa_v6f_001046","img_0278","train__d1_autockt_-270_png.rf.ddaf5053e5542e0a28db2492ea4f3e04","images/img_0278.jpg","path","shortest_path_intermediate_count","medium","Along the shortest component path from the voltage source in the diagram to the 3rd resistor from the left, how many intermediate components must be traversed, excluding the start and end components?","从图中的电压源到从左到右第3个电阻的最短元件路径中，至少要经过几个中间元件（不含起点和终点）？","0","number"
"qa_v6f_001621","img_0278","train__d1_autockt_-270_png.rf.ddaf5053e5542e0a28db2492ea4f3e04","images/img_0278.jpg","path","shortest_path_component_count","medium","Along the shortest component path from the voltage source in the diagram to the 3rd resistor from the left, how many components are included when both the start and end components are counted?","从图中的电压源到从左到右第3个电阻的最短元件路径中，若包含起点和终点，共有几个元件？","2","number"
"qa_v6f_000345","img_0188","train__d1_autockt_-271_png.rf.46d930e63b46e9409f08a69cb2888368","images/img_0188.jpg","path","shortest_path_intermediate_count","medium","Along the shortest component path from the 1st resistor from the top to the 2nd resistor from the top, how many intermediate components must be traversed, excluding the start and end components?","从从上到下第1个电阻到从上到下第2个电阻的最短元件路径中，至少要经过几个中间元件（不含起点和终点）？","1","number"
"qa_v6f_000816","img_0188","train__d1_autockt_-271_png.rf.46d930e63b46e9409f08a69cb2888368","images/img_0188.jpg","path","shortest_path_component_count","medium","Along the shortest component path from the 2nd current source from the left to the 1st resistor from the top, how many components are included when both the start and end components are counted?","从从左到右第2个电流源到从上到下第1个电阻的最短元件路径中，若包含起点和终点，共有几个元件？","3","number"
"qa_v6f_001988","img_0188","train__d1_autockt_-271_png.rf.46d930e63b46e9409f08a69cb2888368","images/img_0188.jpg","path","shortest_path_intermediate_count","medium","Along the shortest component path from the 1st current source from the left to the 1st resistor from the top, how many intermediate components must be traversed, excluding the start and end components?","从从左到右第1个电流源到从上到下第1个电阻的最短元件路径中，至少要经过几个中间元件（不含起点和终点）？","0","number"
"qa_v6f_001211","img_0385","train__d1_autockt_-272_png.rf.693947240b8dd7d512af77b18b6cda82","images/img_0385.jpg","path","shortest_path_intermediate_count","medium","Along the shortest component path from the current source in the diagram to the 2nd resistor from the left, how many intermediate components must be traversed, excluding the start and end components?","从图中的电流源到从左到右第2个电阻的最短元件路径中，至少要经过几个中间元件（不含起点和终点）？","0","number"
"qa_v6f_001791","img_0385","train__d1_autockt_-272_png.rf.693947240b8dd7d512af77b18b6cda82","images/img_0385.jpg","path","shortest_path_component_count","medium","Along the shortest component path from the 1st resistor from the left to the current source in the diagram, how many components are included when both the start and end components are counted?","从从左到右第1个电阻到图中的电流源的最短元件路径中，若包含起点和终点，共有几个元件？","3","number"
"qa_v6f_001739","img_0105","train__d1_autockt_-274_png.rf.209b5b5fb1a4feff90945a5a33722cb5","images/img_0105.jpg","path","shortest_path_component_count","medium","Along the shortest component path from the voltage source in the diagram to the 2nd resistor from the top, how many components are included when both the start and end components are counted?","从图中的电压源到从上到下第2个电阻的最短元件路径中，若包含起点和终点，共有几个元件？","2","number"
"qa_v6f_000351","img_0076","train__d1_autockt_-280_png.rf.04f6fc238ad1093b28868c13f8898a54","images/img_0076.jpg","path","shortest_path_component_count","medium","Along the shortest component path from the current source in the diagram to the 3rd resistor from the top, how many components are included when both the start and end components are counted?","从图中的电流源到从上到下第3个电阻的最短元件路径中，若包含起点和终点，共有几个元件？","2","number"
"qa_v6f_000550","img_0076","train__d1_autockt_-280_png.rf.04f6fc238ad1093b28868c13f8898a54","images/img_0076.jpg","path","shortest_path_intermediate_count","medium","Along the shortest component path from the 1st resistor from the top to the current source in the diagram, how many intermediate components must be traversed, excluding the start and end components?","从从上到下第1个电阻到图中的电流源的最短元件路径中，至少要经过几个中间元件（不含起点和终点）？","0","number"
"qa_v6f_000807","img_0076","train__d1_autockt_-280_png.rf.04f6fc238ad1093b28868c13f8898a54","images/img_0076.jpg","path","shortest_path_intermediate_count","medium","Along the shortest component path from the current source in the diagram to the 3rd resistor from the top, how many intermediate components must be traversed, excluding the start and end components?","从图中的电流源到从上到下第3个电阻的最短元件路径中，至少要经过几个中间元件（不含起点和终点）？","0","number"
"qa_v6f_000287","img_0056","train__d1_autockt_-285_png.rf.ca8fc170166ff6706561f1ce9ca4c4d5","images/img_0056.jpg","path","shortest_path_intermediate_count","medium","Along the shortest component path from the 2nd resistor from the left to the current source in the diagram, how many intermediate components must be traversed, excluding the start and end components?","从从左到右第2个电阻到图中的电流源的最短元件路径中，至少要经过几个中间元件（不含起点和终点）？","0","number"
"qa_v6f_002117","img_0056","train__d1_autockt_-285_png.rf.ca8fc170166ff6706561f1ce9ca4c4d5","images/img_0056.jpg","path","shortest_path_component_count","medium","Along the shortest component path from the 2nd resistor from the left to the 1st resistor from the left, how many components are included when both the start and end components are counted?","从从左到右第2个电阻到从左到右第1个电阻的最短元件路径中，若包含起点和终点，共有几个元件？","4","number"
"qa_v6f_000294","img_0254","train__d1_autockt_-288_png.rf.bd807708b49475c650afaba546c05c03","images/img_0254.jpg","path","shortest_path_component_count","medium","Along the shortest component path from the inductor in the diagram to the 3rd resistor from the left, how many components are included when both the start and end components are counted?","从图中的电感到从左到右第3个电阻的最短元件路径中，若包含起点和终点，共有几个元件？","2","number"
"qa_v6f_001312","img_0254","train__d1_autockt_-288_png.rf.bd807708b49475c650afaba546c05c03","images/img_0254.jpg","path","shortest_path_intermediate_count","medium","Along the shortest component path from the capacitor in the diagram to the 1st resistor from the left, how many intermediate components must be traversed, excluding the start and end components?","从图中的电容到从左到右第1个电阻的最短元件路径中，至少要经过几个中间元件（不含起点和终点）？","0","number"
"qa_v6f_001586","img_0254","train__d1_autockt_-288_png.rf.bd807708b49475c650afaba546c05c03","images/img_0254.jpg","path","shortest_path_component_count","medium","Along the shortest component path from the capacitor in the diagram to the 3rd resistor from the left, how many components are included when both the start and end components are counted?","从图中的电容到从左到右第3个电阻的最短元件路径中，若包含起点和终点，共有几个元件？","2","number"
"qa_v6f_001765","img_0169","train__d1_autockt_-28_png.rf.86fb779e280167fc883f40e4cd8f050b","images/img_0169.jpg","path","shortest_path_intermediate_count","medium","Along the shortest component path from the 1st resistor from the top to the current source in the diagram, how many intermediate components must be traversed, excluding the start and end components?","从从上到下第1个电阻到图中的电流源的最短元件路径中，至少要经过几个中间元件（不含起点和终点）？","0","number"
"qa_v6f_001979","img_0169","train__d1_autockt_-28_png.rf.86fb779e280167fc883f40e4cd8f050b","images/img_0169.jpg","path","shortest_path_component_count","medium","Along the shortest component path from the 3rd resistor from the top to the current source in the diagram, how many components are included when both the start and end components are counted?","从从上到下第3个电阻到图中的电流源的最短元件路径中，若包含起点和终点，共有几个元件？","3","number"
"qa_v6f_000033","img_0053","train__d1_autockt_-294_png.rf.0f86bcd2264ee672636588981caf8ab2","images/img_0053.jpg","path","shortest_path_component_count","medium","Along the shortest component path from the 2nd resistor from the left to the 1st resistor from the left, how many components are included when both the start and end components are counted?","从从左到右第2个电阻到从左到右第1个电阻的最短元件路径中，若包含起点和终点，共有几个元件？","2","number"
"qa_v6f_000173","img_0053","train__d1_autockt_-294_png.rf.0f86bcd2264ee672636588981caf8ab2","images/img_0053.jpg","path","shortest_path_intermediate_count","medium","Along the shortest component path from the capacitor in the diagram to the 1st current source from the left, how many intermediate components must be traversed, excluding the start and end components?","从图中的电容到从左到右第1个电流源的最短元件路径中，至少要经过几个中间元件（不含起点和终点）？","0","number"
"qa_v6f_001932","img_0053","train__d1_autockt_-294_png.rf.0f86bcd2264ee672636588981caf8ab2","images/img_0053.jpg","path","shortest_path_intermediate_count","medium","Along the shortest component path from the 2nd resistor from the left to the 1st current source from the left, how many intermediate components must be traversed, excluding the start and end components?","从从左到右第2个电阻到从左到右第1个电流源的最短元件路径中，至少要经过几个中间元件（不含起点和终点）？","0","number"
"qa_v6f_001184","img_0193","train__d1_autockt_-297_png.rf.21d1bd2ddfd037191bea20fe9d0238f6","images/img_0193.jpg","path","shortest_path_intermediate_count","medium","Along the shortest component path from the 1st resistor from the left to the 3rd resistor from the left, how many intermediate components must be traversed, excluding the start and end components?","从从左到右第1个电阻到从左到右第3个电阻的最短元件路径中，至少要经过几个中间元件（不含起点和终点）？","1","number"
"qa_v6f_002251","img_0193","train__d1_autockt_-297_png.rf.21d1bd2ddfd037191bea20fe9d0238f6","images/img_0193.jpg","path","shortest_path_component_count","medium","Along the shortest component path from the 1st resistor from the left to the 3rd resistor from the left, how many components are included when both the start and end components are counted?","从从左到右第1个电阻到从左到右第3个电阻的最短元件路径中，若包含起点和终点，共有几个元件？","3","number"
"qa_v6f_000834","img_0268","train__d1_autockt_-299_png.rf.fe98ce3743245c406e7f8604c06952df","images/img_0268.jpg","path","shortest_path_intermediate_count","medium","Along the shortest component path from the 1st inductor from the left to the 2nd resistor from the left, how many intermediate components must be traversed, excluding the start and end components?","从从左到右第1个电感到从左到右第2个电阻的最短元件路径中，至少要经过几个中间元件（不含起点和终点）？","0","number"
"qa_v6f_001807","img_0268","train__d1_autockt_-299_png.rf.fe98ce3743245c406e7f8604c06952df","images/img_0268.jpg","path","shortest_path_component_count","medium","Along the shortest component path from the 2nd inductor from the left to the 3rd resistor from the left, how many components are included when both the start and end components are counted?","从从左到右第2个电感到从左到右第3个电阻的最短元件路径中，若包含起点和终点，共有几个元件？","2","number"
"qa_v6f_000343","img_0086","train__d1_autockt_-29_png.rf.7c6aba8f9f28abd5605f795f8ed30c48","images/img_0086.jpg","path","shortest_path_intermediate_count","medium","Along the shortest component path from the capacitor in the diagram to the inductor in the diagram, how many intermediate components must be traversed, excluding the start and end components?","从图中的电容到图中的电感的最短元件路径中，至少要经过几个中间元件（不含起点和终点）？","0","number"
"qa_v6f_001338","img_0086","train__d1_autockt_-29_png.rf.7c6aba8f9f28abd5605f795f8ed30c48","images/img_0086.jpg","path","shortest_path_intermediate_count","medium","Along the shortest component path from the capacitor in the diagram to the current source in the diagram, how many intermediate components must be traversed, excluding the start and end components?","从图中的电容到图中的电流源的最短元件路径中，至少要经过几个中间元件（不含起点和终点）？","0","number"
"qa_v6f_002321","img_0086","train__d1_autockt_-29_png.rf.7c6aba8f9f28abd5605f795f8ed30c48","images/img_0086.jpg","path","shortest_path_component_count","medium","Along the shortest component path from the capacitor in the diagram to the current source in the diagram, how many components are included when both the start and end components are counted?","从图中的电容到图中的电流源的最短元件路径中，若包含起点和终点，共有几个元件？","2","number"
"qa_v6f_001213","img_0229","train__d1_autockt_-305_png.rf.233c2e69cbb5b2ecac3f332d8fac5b48","images/img_0229.jpg","path","shortest_path_component_count","medium","Along the shortest component path from the voltage source in the diagram to the 2nd resistor from the left, how many components are included when both the start and end components are counted?","从图中的电压源到从左到右第2个电阻的最短元件路径中，若包含起点和终点，共有几个元件？","3","number"
"qa_v6f_000771","img_0252","train__d1_autockt_-306_png.rf.376ca3c5a1c22d3dc54f351fd18105bf","images/img_0252.jpg","path","shortest_path_intermediate_count","medium","Along the shortest component path from the capacitor in the diagram to the 2nd resistor from the left, how many intermediate components must be traversed, excluding the start and end components?","从图中的电容到从左到右第2个电阻的最短元件路径中，至少要经过几个中间元件（不含起点和终点）？","0","number"
"qa_v6f_001433","img_0252","train__d1_autockt_-306_png.rf.376ca3c5a1c22d3dc54f351fd18105bf","images/img_0252.jpg","path","shortest_path_component_count","medium","Along the shortest component path from the 1st resistor from the left to the 2nd resistor from the left, how many components are included when both the start and end components are counted?","从从左到右第1个电阻到从左到右第2个电阻的最短元件路径中，若包含起点和终点，共有几个元件？","4","number"
"qa_v6f_001728","img_0252","train__d1_autockt_-306_png.rf.376ca3c5a1c22d3dc54f351fd18105bf","images/img_0252.jpg","path","shortest_path_intermediate_count","medium","Along the shortest component path from the capacitor in the diagram to the current source in the diagram, how many intermediate components must be traversed, excluding the start and end components?","从图中的电容到图中的电流源的最短元件路径中，至少要经过几个中间元件（不含起点和终点）？","0","number"
"qa_v6f_002354","img_0252","train__d1_autockt_-306_png.rf.376ca3c5a1c22d3dc54f351fd18105bf","images/img_0252.jpg","path","shortest_path_component_count","medium","Along the shortest component path from the capacitor in the diagram to the current source in the diagram, how many components are included when both the start and end components are counted?","从图中的电容到图中的电流源的最短元件路径中，若包含起点和终点，共有几个元件？","2","number"
"qa_v6f_000150","img_0230","train__d1_autockt_-307_png.rf.9031ba45e574c43f34167247654e141a","images/img_0230.jpg","path","shortest_path_component_count","medium","Along the shortest component path from the voltage source in the diagram to the 2nd resistor from the top, how many components are included when both the start and end components are counted?","从图中的电压源到从上到下第2个电阻的最短元件路径中，若包含起点和终点，共有几个元件？","3","number"
"qa_v6f_001812","img_0230","train__d1_autockt_-307_png.rf.9031ba45e574c43f34167247654e141a","images/img_0230.jpg","path","shortest_path_intermediate_count","medium","Along the shortest component path from the 2nd resistor from the top to the 1st resistor from the top, how many intermediate components must be traversed, excluding the start and end components?","从从上到下第2个电阻到从上到下第1个电阻的最短元件路径中，至少要经过几个中间元件（不含起点和终点）？","0","number"
"qa_v6f_000970","img_0102","train__d1_autockt_-309_png.rf.8e7d05cbea479e8175bebe7179478607","images/img_0102.jpg","path","shortest_path_component_count","medium","Along the shortest component path from the 2nd capacitor from the left to the 1st capacitor from the left, how many components are included when both the start and end components are counted?","从从左到右第2个电容到从左到右第1个电容的最短元件路径中，若包含起点和终点，共有几个元件？","2","number"
"qa_v6f_002262","img_0102","train__d1_autockt_-309_png.rf.8e7d05cbea479e8175bebe7179478607","images/img_0102.jpg","path","shortest_path_intermediate_count","medium","Along the shortest component path from the 2nd capacitor from the left to the 1st capacitor from the left, how many intermediate components must be traversed, excluding the start and end components?","从从左到右第2个电容到从左到右第1个电容的最短元件路径中，至少要经过几个中间元件（不含起点和终点）？","0","number"
"qa_v6f_001261","img_0182","train__d1_autockt_-30_png.rf.c632c6cf76582f79ea7f02104f9b0fd4","images/img_0182.jpg","path","shortest_path_component_count","medium","Along the shortest component path from the 1st resistor from the left to the 1st capacitor from the top, how many components are included when both the start and end components are counted?","从从左到右第1个电阻到从上到下第1个电容的最短元件路径中，若包含起点和终点，共有几个元件？","3","number"
"qa_v6f_002115","img_0182","train__d1_autockt_-30_png.rf.c632c6cf76582f79ea7f02104f9b0fd4","images/img_0182.jpg","path","shortest_path_intermediate_count","medium","Along the shortest component path from the voltage source in the diagram to the 1st capacitor from the top, how many intermediate components must be traversed, excluding the start and end components?","从图中的电压源到从上到下第1个电容的最短元件路径中，至少要经过几个中间元件（不含起点和终点）？","1","number"
"qa_v6f_000237","img_0025","train__d1_autockt_-310_png.rf.2a8187cab48984cef75e40e44b634512","images/img_0025.jpg","path","shortest_path_component_count","medium","Along the shortest component path from the capacitor in the diagram to the 1st resistor from the left, how many components are included when both the start and end components are counted?","从图中的电容到从左到右第1个电阻的最短元件路径中，若包含起点和终点，共有几个元件？","2","number"
"qa_v6f_000995","img_0025","train__d1_autockt_-310_png.rf.2a8187cab48984cef75e40e44b634512","images/img_0025.jpg","path","shortest_path_intermediate_count","medium","Along the shortest component path from the 1st current source from the left to the 2nd resistor from the left, how many intermediate components must be traversed, excluding the start and end components?","从从左到右第1个电流源到从左到右第2个电阻的最短元件路径中，至少要经过几个中间元件（不含起点和终点）？","0","number"
"qa_v6f_001178","img_0025","train__d1_autockt_-310_png.rf.2a8187cab48984cef75e40e44b634512","images/img_0025.jpg","path","shortest_path_component_count","medium","Along the shortest component path from the 1st current source from the left to the 2nd current source from the left, how many components are included when both the start and end components are counted?","从从左到右第1个电流源到从左到右第2个电流源的最短元件路径中，若包含起点和终点，共有几个元件？","3","number"
"qa_v6f_002377","img_0025","train__d1_autockt_-310_png.rf.2a8187cab48984cef75e40e44b634512","images/img_0025.jpg","path","shortest_path_intermediate_count","medium","Along the shortest component path from the 1st resistor from the left to the 2nd resistor from the left, how many intermediate components must be traversed, excluding the start and end components?","从从左到右第1个电阻到从左到右第2个电阻的最短元件路径中，至少要经过几个中间元件（不含起点和终点）？","1","number"
"qa_v6f_000741","img_0393","train__d1_autockt_-311_png.rf.d1ba27e60860fd082081e8b6adede799","images/img_0393.jpg","path","shortest_path_component_count","medium","Along the shortest component path from the voltage source in the diagram to the 2nd resistor from the left, how many components are included when both the start and end components are counted?","从图中的电压源到从左到右第2个电阻的最短元件路径中，若包含起点和终点，共有几个元件？","4","number"
"qa_v6f_001319","img_0393","train__d1_autockt_-311_png.rf.d1ba27e60860fd082081e8b6adede799","images/img_0393.jpg","path","shortest_path_intermediate_count","medium","Along the shortest component path from the voltage source in the diagram to the 1st resistor from the left, how many intermediate components must be traversed, excluding the start and end components?","从图中的电压源到从左到右第1个电阻的最短元件路径中，至少要经过几个中间元件（不含起点和终点）？","0","number"
"qa_v6f_001823","img_0393","train__d1_autockt_-311_png.rf.d1ba27e60860fd082081e8b6adede799","images/img_0393.jpg","path","shortest_path_intermediate_count","medium","Along the shortest component path from the voltage source in the diagram to the inductor in the diagram, how many intermediate components must be traversed, excluding the start and end components?","从图中的电压源到图中的电感的最短元件路径中，至少要经过几个中间元件（不含起点和终点）？","0","number"
"qa_v6f_002381","img_0393","train__d1_autockt_-311_png.rf.d1ba27e60860fd082081e8b6adede799","images/img_0393.jpg","path","shortest_path_component_count","medium","Along the shortest component path from the voltage source in the diagram to the inductor in the diagram, how many components are included when both the start and end components are counted?","从图中的电压源到图中的电感的最短元件路径中，若包含起点和终点，共有几个元件？","2","number"
"qa_v6f_000152","img_0283","train__d1_autockt_-312_png.rf.fbb42b4fa9872615fa40dbd2230f8fe7","images/img_0283.jpg","path","shortest_path_intermediate_count","medium","Along the shortest component path from the voltage source in the diagram to the 2nd resistor from the top, how many intermediate components must be traversed, excluding the start and end components?","从图中的电压源到从上到下第2个电阻的最短元件路径中，至少要经过几个中间元件（不含起点和终点）？","0","number"
"qa_v6f_001608","img_0283","train__d1_autockt_-312_png.rf.fbb42b4fa9872615fa40dbd2230f8fe7","images/img_0283.jpg","path","shortest_path_component_count","medium","Along the shortest component path from the inductor in the diagram to the 1st resistor from the top, how many components are included when both the start and end components are counted?","从图中的电感到从上到下第1个电阻的最短元件路径中，若包含起点和终点，共有几个元件？","2","number"
"qa_v6f_000871","img_0311","train__d1_autockt_-316_png.rf.3b805e4ccb180959231213e490ccffde","images/img_0311.jpg","path","shortest_path_intermediate_count","medium","Along the shortest component path from the 1st resistor from the left to the current source in the diagram, how many intermediate components must be traversed, excluding the start and end components?","从从左到右第1个电阻到图中的电流源的最短元件路径中，至少要经过几个中间元件（不含起点和终点）？","1","number"
"qa_v6f_001443","img_0311","train__d1_autockt_-316_png.rf.3b805e4ccb180959231213e490ccffde","images/img_0311.jpg","path","shortest_path_component_count","medium","Along the shortest component path from the 3rd resistor from the left to the current source in the diagram, how many components are included when both the start and end components are counted?","从从左到右第3个电阻到图中的电流源的最短元件路径中，若包含起点和终点，共有几个元件？","2","number"
"qa_v6f_001557","img_0311","train__d1_autockt_-316_png.rf.3b805e4ccb180959231213e490ccffde","images/img_0311.jpg","path","shortest_path_intermediate_count","medium","Along the shortest component path from the 1st inductor from the left to the 3rd resistor from the left, how many intermediate components must be traversed, excluding the start and end components?","从从左到右第1个电感到从左到右第3个电阻的最短元件路径中，至少要经过几个中间元件（不含起点和终点）？","1","number"
"qa_v6f_002007","img_0311","train__d1_autockt_-316_png.rf.3b805e4ccb180959231213e490ccffde","images/img_0311.jpg","path","shortest_path_component_count","medium","Along the shortest component path from the 1st inductor from the left to the current source in the diagram, how many components are included when both the start and end components are counted?","从从左到右第1个电感到图中的电流源的最短元件路径中，若包含起点和终点，共有几个元件？","2","number"
"qa_v6f_000525","img_0107","train__d1_autockt_-321_png.rf.f36e618b183252ed4bf47374db397f20","images/img_0107.jpg","path","shortest_path_component_count","medium","Along the shortest component path from the inductor in the diagram to the 3rd resistor from the left, how many components are included when both the start and end components are counted?","从图中的电感到从左到右第3个电阻的最短元件路径中，若包含起点和终点，共有几个元件？","3","number"
"qa_v6f_000714","img_0107","train__d1_autockt_-321_png.rf.f36e618b183252ed4bf47374db397f20","images/img_0107.jpg","path","shortest_path_intermediate_count","medium","Along the shortest component path from the inductor in the diagram to the 3rd resistor from the left, how many intermediate components must be traversed, excluding the start and end components?","从图中的电感到从左到右第3个电阻的最短元件路径中，至少要经过几个中间元件（不含起点和终点）？","1","number"
"qa_v6f_000851","img_0107","train__d1_autockt_-321_png.rf.f36e618b183252ed4bf47374db397f20","images/img_0107.jpg","path","shortest_path_intermediate_count","medium","Along the shortest component path from the voltage source in the diagram to the 1st resistor from the left, how many intermediate components must be traversed, excluding the start and end components?","从图中的电压源到从左到右第1个电阻的最短元件路径中，至少要经过几个中间元件（不含起点和终点）？","1","number"
"qa_v6f_000143","img_0187","train__d1_autockt_-324_png.rf.091eb00694d00775bc23251fa41022d3","images/img_0187.jpg","path","shortest_path_component_count","medium","Along the shortest component path from the 2nd voltage source from the left to the inductor in the diagram, how many components are included when both the start and end components are counted?","从从左到右第2个电压源到图中的电感的最短元件路径中，若包含起点和终点，共有几个元件？","2","number"
"qa_v6f_001209","img_0187","train__d1_autockt_-324_png.rf.091eb00694d00775bc23251fa41022d3","images/img_0187.jpg","path","shortest_path_component_count","medium","Along the shortest component path from the capacitor in the diagram to the 2nd resistor from the left, how many components are included when both the start and end components are counted?","从图中的电容到从左到右第2个电阻的最短元件路径中，若包含起点和终点，共有几个元件？","2","number"
"qa_v6f_001458","img_0187","train__d1_autockt_-324_png.rf.091eb00694d00775bc23251fa41022d3","images/img_0187.jpg","path","shortest_path_intermediate_count","medium","Along the shortest component path from the inductor in the diagram to the capacitor in the diagram, how many intermediate components must be traversed, excluding the start and end components?","从图中的电感到图中的电容的最短元件路径中，至少要经过几个中间元件（不含起点和终点）？","0","number"
"qa_v6f_001936","img_0034","train__d1_autockt_-326_png.rf.0f5dcb9e12a72062a2b824d837d24a4e","images/img_0034.jpg","path","shortest_path_component_count","medium","Along the shortest component path from the 1st inductor from the left to the current source in the diagram, how many components are included when both the start and end components are counted?","从从左到右第1个电感到图中的电流源的最短元件路径中，若包含起点和终点，共有几个元件？","2","number"
"qa_v6f_001965","img_0034","train__d1_autockt_-326_png.rf.0f5dcb9e12a72062a2b824d837d24a4e","images/img_0034.jpg","path","shortest_path_intermediate_count","medium","Along the shortest component path from the current source in the diagram to the 1st resistor from the left, how many intermediate components must be traversed, excluding the start and end components?","从图中的电流源到从左到右第1个电阻的最短元件路径中，至少要经过几个中间元件（不含起点和终点）？","1","number"
"qa_v6f_000359","img_0301","train__d1_autockt_-339_png.rf.2d2be08d2d45e8b10342ffd4313242b5","images/img_0301.jpg","path","shortest_path_component_count","medium","Along the shortest component path from the 2nd resistor from the top to the 1st resistor from the top, how many components are included when both the start and end components are counted?","从从上到下第2个电阻到从上到下第1个电阻的最短元件路径中，若包含起点和终点，共有几个元件？","3","number"
"qa_v6f_002119","img_0137","train__d1_autockt_-33_png.rf.c6aff569e7667e951596b970330cd7bf","images/img_0137.jpg","path","shortest_path_component_count","medium","Along the shortest component path from the 2nd voltage source from the top to the 1st resistor from the left, how many components are included when both the start and end components are counted?","从从上到下第2个电压源到从左到右第1个电阻的最短元件路径中，若包含起点和终点，共有几个元件？","2","number"
"qa_v6f_002142","img_0137","train__d1_autockt_-33_png.rf.c6aff569e7667e951596b970330cd7bf","images/img_0137.jpg","path","shortest_path_intermediate_count","medium","Along the shortest component path from the 2nd voltage source from the top to the 1st resistor from the left, how many intermediate components must be traversed, excluding the start and end components?","从从上到下第2个电压源到从左到右第1个电阻的最短元件路径中，至少要经过几个中间元件（不含起点和终点）？","0","number"
"qa_v6f_000693","img_0186","train__d1_autockt_-340_png.rf.326f302b0a1ac66ca7ced70f6d7ddcc6","images/img_0186.jpg","path","shortest_path_intermediate_count","medium","Along the shortest component path from the 1st resistor from the top to the current source in the diagram, how many intermediate components must be traversed, excluding the start and end components?","从从上到下第1个电阻到图中的电流源的最短元件路径中，至少要经过几个中间元件（不含起点和终点）？","0","number"
"qa_v6f_001476","img_0186","train__d1_autockt_-340_png.rf.326f302b0a1ac66ca7ced70f6d7ddcc6","images/img_0186.jpg","path","shortest_path_component_count","medium","Along the shortest component path from the 1st resistor from the top to the current source in the diagram, how many components are included when both the start and end components are counted?","从从上到下第1个电阻到图中的电流源的最短元件路径中，若包含起点和终点，共有几个元件？","2","number"
"qa_v6f_000353","img_0322","train__d1_autockt_-341_png.rf.c7ad6618b1a21c7b5e6069fd68d2df3d","images/img_0322.jpg","path","shortest_path_component_count","medium","Along the shortest component path from the capacitor in the diagram to the 1st resistor from the top, how many components are included when both the start and end components are counted?","从图中的电容到从上到下第1个电阻的最短元件路径中，若包含起点和终点，共有几个元件？","3","number"
"qa_v6f_000616","img_0322","train__d1_autockt_-341_png.rf.c7ad6618b1a21c7b5e6069fd68d2df3d","images/img_0322.jpg","path","shortest_path_intermediate_count","medium","Along the shortest component path from the inductor in the diagram to the 2nd resistor from the top, how many intermediate components must be traversed, excluding the start and end components?","从图中的电感到从上到下第2个电阻的最短元件路径中，至少要经过几个中间元件（不含起点和终点）？","0","number"
"qa_v6f_000651","img_0322","train__d1_autockt_-341_png.rf.c7ad6618b1a21c7b5e6069fd68d2df3d","images/img_0322.jpg","path","shortest_path_component_count","medium","Along the shortest component path from the voltage source in the diagram to the capacitor in the diagram, how many components are included when both the start and end components are counted?","从图中的电压源到图中的电容的最短元件路径中，若包含起点和终点，共有几个元件？","2","number"
"qa_v6f_000330","img_0316","train__d1_autockt_-343_png.rf.0e601cbd631f99434c65e1c2f92d0f41","images/img_0316.jpg","path","shortest_path_intermediate_count","medium","Along the shortest component path from the 2nd capacitor from the left to the 1st capacitor from the left, how many intermediate components must be traversed, excluding the start and end components?","从从左到右第2个电容到从左到右第1个电容的最短元件路径中，至少要经过几个中间元件（不含起点和终点）？","2","number"
"qa_v6f_000800","img_0316","train__d1_autockt_-343_png.rf.0e601cbd631f99434c65e1c2f92d0f41","images/img_0316.jpg","path","shortest_path_intermediate_count","medium","Along the shortest component path from the voltage source in the diagram to the 2nd capacitor from the left, how many intermediate components must be traversed, excluding the start and end components?","从图中的电压源到从左到右第2个电容的最短元件路径中，至少要经过几个中间元件（不含起点和终点）？","0","number"
"qa_v6f_001150","img_0316","train__d1_autockt_-343_png.rf.0e601cbd631f99434c65e1c2f92d0f41","images/img_0316.jpg","path","shortest_path_component_count","medium","Along the shortest component path from the 2nd capacitor from the left to the 1st capacitor from the left, how many components are included when both the start and end components are counted?","从从左到右第2个电容到从左到右第1个电容的最短元件路径中，若包含起点和终点，共有几个元件？","4","number"
"qa_v6f_001940","img_0316","train__d1_autockt_-343_png.rf.0e601cbd631f99434c65e1c2f92d0f41","images/img_0316.jpg","path","shortest_path_component_count","medium","Along the shortest component path from the voltage source in the diagram to the 1st capacitor from the left, how many components are included when both the start and end components are counted?","从图中的电压源到从左到右第1个电容的最短元件路径中，若包含起点和终点，共有几个元件？","3","number"
"qa_v6f_001121","img_0070","train__d1_autockt_-346_png.rf.28f6eb52704b4133d096c6598a41adc7","images/img_0070.jpg","path","shortest_path_intermediate_count","medium","Along the shortest component path from the inductor in the diagram to the voltage source in the diagram, how many intermediate components must be traversed, excluding the start and end components?","从图中的电感到图中的电压源的最短元件路径中，至少要经过几个中间元件（不含起点和终点）？","1","number"
"qa_v6f_001130","img_0070","train__d1_autockt_-346_png.rf.28f6eb52704b4133d096c6598a41adc7","images/img_0070.jpg","path","shortest_path_intermediate_count","medium","Along the shortest component path from the inductor in the diagram to the 3rd resistor from the left, how many intermediate components must be traversed, excluding the start and end components?","从图中的电感到从左到右第3个电阻的最短元件路径中，至少要经过几个中间元件（不含起点和终点）？","0","number"
"qa_v6f_002035","img_0070","train__d1_autockt_-346_png.rf.28f6eb52704b4133d096c6598a41adc7","images/img_0070.jpg","path","shortest_path_component_count","medium","Along the shortest component path from the 3rd resistor from the left to the voltage source in the diagram, how many components are included when both the start and end components are counted?","从从左到右第3个电阻到图中的电压源的最短元件路径中，若包含起点和终点，共有几个元件？","2","number"
"qa_v6f_000987","img_0003","train__d1_autockt_-350_png.rf.beb5c9eef642817ba08e42175d856c16","images/img_0003.jpg","path","shortest_path_component_count","medium","Along the shortest component path from the 2nd voltage source from the left to the capacitor in the diagram, how many components are included when both the start and end components are counted?","从从左到右第2个电压源到图中的电容的最短元件路径中，若包含起点和终点，共有几个元件？","4","number"
"qa_v6f_002331","img_0003","train__d1_autockt_-350_png.rf.beb5c9eef642817ba08e42175d856c16","images/img_0003.jpg","path","shortest_path_intermediate_count","medium","Along the shortest component path from the 2nd voltage source from the left to the inductor in the diagram, how many intermediate components must be traversed, excluding the start and end components?","从从左到右第2个电压源到图中的电感的最短元件路径中，至少要经过几个中间元件（不含起点和终点）？","0","number"
"qa_v6f_000635","img_0266","train__d1_autockt_-354_png.rf.abc754da008a1144663422e8688f429b","images/img_0266.jpg","path","shortest_path_intermediate_count","medium","Along the shortest component path from the 1st voltage source from the left to the capacitor in the diagram, how many intermediate components must be traversed, excluding the start and end components?","从从左到右第1个电压源到图中的电容的最短元件路径中，至少要经过几个中间元件（不含起点和终点）？","1","number"
"qa_v6f_001594","img_0266","train__d1_autockt_-354_png.rf.abc754da008a1144663422e8688f429b","images/img_0266.jpg","path","shortest_path_intermediate_count","medium","Along the shortest component path from the 2nd resistor from the left to the capacitor in the diagram, how many intermediate components must be traversed, excluding the start and end components?","从从左到右第2个电阻到图中的电容的最短元件路径中，至少要经过几个中间元件（不含起点和终点）？","0","number"
"qa_v6f_001885","img_0266","train__d1_autockt_-354_png.rf.abc754da008a1144663422e8688f429b","images/img_0266.jpg","path","shortest_path_component_count","medium","Along the shortest component path from the 2nd resistor from the left to the capacitor in the diagram, how many components are included when both the start and end components are counted?","从从左到右第2个电阻到图中的电容的最短元件路径中，若包含起点和终点，共有几个元件？","2","number"
"qa_v6f_000114","img_0138","train__d1_autockt_-359_png.rf.32f580e2f1f104466b0b37403333dff4","images/img_0138.jpg","path","shortest_path_component_count","medium","Along the shortest component path from the voltage source in the diagram to the 1st resistor from the left, how many components are included when both the start and end components are counted?","从图中的电压源到从左到右第1个电阻的最短元件路径中，若包含起点和终点，共有几个元件？","4","number"
"qa_v6f_001024","img_0138","train__d1_autockt_-359_png.rf.32f580e2f1f104466b0b37403333dff4","images/img_0138.jpg","path","shortest_path_intermediate_count","medium","Along the shortest component path from the capacitor in the diagram to the 3rd resistor from the left, how many intermediate components must be traversed, excluding the start and end components?","从图中的电容到从左到右第3个电阻的最短元件路径中，至少要经过几个中间元件（不含起点和终点）？","0","number"
"qa_v6f_001289","img_0247","train__d1_autockt_-367_png.rf.204275876925d789e357e5a08652946c","images/img_0247.jpg","path","shortest_path_intermediate_count","medium","Along the shortest component path from the 1st resistor from the left to the 3rd resistor from the left, how many intermediate components must be traversed, excluding the start and end components?","从从左到右第1个电阻到从左到右第3个电阻的最短元件路径中，至少要经过几个中间元件（不含起点和终点）？","0","number"
"qa_v6f_001670","img_0247","train__d1_autockt_-367_png.rf.204275876925d789e357e5a08652946c","images/img_0247.jpg","path","shortest_path_component_count","medium","Along the shortest component path from the 1st inductor from the left to the 1st resistor from the left, how many components are included when both the start and end components are counted?","从从左到右第1个电感到从左到右第1个电阻的最短元件路径中，若包含起点和终点，共有几个元件？","2","number"
"qa_v6f_001916","img_0247","train__d1_autockt_-367_png.rf.204275876925d789e357e5a08652946c","images/img_0247.jpg","path","shortest_path_intermediate_count","medium","Along the shortest component path from the 2nd inductor from the left to the 3rd resistor from the left, how many intermediate components must be traversed, excluding the start and end components?","从从左到右第2个电感到从左到右第3个电阻的最短元件路径中，至少要经过几个中间元件（不含起点和终点）？","0","number"
"qa_v6f_002366","img_0247","train__d1_autockt_-367_png.rf.204275876925d789e357e5a08652946c","images/img_0247.jpg","path","shortest_path_component_count","medium","Along the shortest component path from the 2nd inductor from the left to the 1st resistor from the left, how many components are included when both the start and end components are counted?","从从左到右第2个电感到从左到右第1个电阻的最短元件路径中，若包含起点和终点，共有几个元件？","3","number"
"qa_v6f_000639","img_0281","train__d1_autockt_-376_png.rf.7df8c99642973b2997a9f54c474d996c","images/img_0281.jpg","path","shortest_path_intermediate_count","medium","Along the shortest component path from the capacitor in the diagram to the 2nd resistor from the left, how many intermediate components must be traversed, excluding the start and end components?","从图中的电容到从左到右第2个电阻的最短元件路径中，至少要经过几个中间元件（不含起点和终点）？","2","number"
"qa_v6f_001181","img_0281","train__d1_autockt_-376_png.rf.7df8c99642973b2997a9f54c474d996c","images/img_0281.jpg","path","shortest_path_component_count","medium","Along the shortest component path from the 2nd resistor from the left to the 1st resistor from the left, how many components are included when both the start and end components are counted?","从从左到右第2个电阻到从左到右第1个电阻的最短元件路径中，若包含起点和终点，共有几个元件？","2","number"
"qa_v6f_001367","img_0281","train__d1_autockt_-376_png.rf.7df8c99642973b2997a9f54c474d996c","images/img_0281.jpg","path","shortest_path_component_count","medium","Along the shortest component path from the 1st voltage source from the left to the capacitor in the diagram, how many components are included when both the start and end components are counted?","从从左到右第1个电压源到图中的电容的最短元件路径中，若包含起点和终点，共有几个元件？","2","number"
"qa_v6f_002063","img_0281","train__d1_autockt_-376_png.rf.7df8c99642973b2997a9f54c474d996c","images/img_0281.jpg","path","shortest_path_intermediate_count","medium","Along the shortest component path from the 1st voltage source from the left to the capacitor in the diagram, how many intermediate components must be traversed, excluding the start and end components?","从从左到右第1个电压源到图中的电容的最短元件路径中，至少要经过几个中间元件（不含起点和终点）？","0","number"
"qa_v6f_000899","img_0181","train__d1_autockt_-377_png.rf.07d71485275947d9a8d6d02c5401effa","images/img_0181.jpg","path","shortest_path_intermediate_count","medium","Along the shortest component path from the capacitor in the diagram to the 1st current source from the left, how many intermediate components must be traversed, excluding the start and end components?","从图中的电容到从左到右第1个电流源的最短元件路径中，至少要经过几个中间元件（不含起点和终点）？","0","number"
"qa_v6f_002202","img_0181","train__d1_autockt_-377_png.rf.07d71485275947d9a8d6d02c5401effa","images/img_0181.jpg","path","shortest_path_component_count","medium","Along the shortest component path from the capacitor in the diagram to the inductor in the diagram, how many components are included when both the start and end components are counted?","从图中的电容到图中的电感的最短元件路径中，若包含起点和终点，共有几个元件？","2","number"
"qa_v6f_000096","img_0088","train__d1_autockt_-37_png.rf.a869669abd8fcccbde76a67ec795a53c","images/img_0088.jpg","path","shortest_path_intermediate_count","medium","Along the shortest component path from the 2nd voltage source from the left to the 1st resistor from the left, how many intermediate components must be traversed, excluding the start and end components?","从从左到右第2个电压源到从左到右第1个电阻的最短元件路径中，至少要经过几个中间元件（不含起点和终点）？","0","number"
"qa_v6f_000861","img_0088","train__d1_autockt_-37_png.rf.a869669abd8fcccbde76a67ec795a53c","images/img_0088.jpg","path","shortest_path_intermediate_count","medium","Along the shortest component path from the 1st voltage source from the left to the 1st resistor from the left, how many intermediate components must be traversed, excluding the start and end components?","从从左到右第1个电压源到从左到右第1个电阻的最短元件路径中，至少要经过几个中间元件（不含起点和终点）？","0","number"
"qa_v6f_001430","img_0088","train__d1_autockt_-37_png.rf.a869669abd8fcccbde76a67ec795a53c","images/img_0088.jpg","path","shortest_path_component_count","medium","Along the shortest component path from the 1st voltage source from the left to the capacitor in the diagram, how many components are included when both the start and end components are counted?","从从左到右第1个电压源到图中的电容的最短元件路径中，若包含起点和终点，共有几个元件？","2","number"
"qa_v6f_000397","img_0333","train__d1_autockt_-380_png.rf.fb5d9b91bc13833a3e4ec4e6fce18f07","images/img_0333.jpg","path","shortest_path_component_count","medium","Along the shortest component path from the inductor in the diagram to the capacitor in the diagram, how many components are included when both the start and end components are counted?","从图中的电感到图中的电容的最短元件路径中，若包含起点和终点，共有几个元件？","3","number"
"qa_v6f_000435","img_0333","train__d1_autockt_-380_png.rf.fb5d9b91bc13833a3e4ec4e6fce18f07","images/img_0333.jpg","path","shortest_path_component_count","medium","Along the shortest component path from the inductor in the diagram to the 2nd resistor from the top, how many components are included when both the start and end components are counted?","从图中的电感到从上到下第2个电阻的最短元件路径中，若包含起点和终点，共有几个元件？","2","number"
"qa_v6f_000755","img_0333","train__d1_autockt_-380_png.rf.fb5d9b91bc13833a3e4ec4e6fce18f07","images/img_0333.jpg","path","shortest_path_intermediate_count","medium","Along the shortest component path from the capacitor in the diagram to the 2nd resistor from the top, how many intermediate components must be traversed, excluding the start and end components?","从图中的电容到从上到下第2个电阻的最短元件路径中，至少要经过几个中间元件（不含起点和终点）？","2","number"
"qa_v6f_000840","img_0018","train__d1_autockt_-381_png.rf.70fbe857cd95ffb137f18c16c28c6c88","images/img_0018.jpg","path","shortest_path_component_count","medium","Along the shortest component path from the 2nd capacitor from the left to the 1st resistor from the left, how many components are included when both the start and end components are counted?","从从左到右第2个电容到从左到右第1个电阻的最短元件路径中，若包含起点和终点，共有几个元件？","3","number"
"qa_v6f_000667","img_0031","train__d1_autockt_-382_png.rf.a728c7a9544a2fd4e7ac4e97f751cc3c","images/img_0031.jpg","path","shortest_path_component_count","medium","Along the shortest component path from the 1st resistor from the left to the 2nd resistor from the left, how many components are included when both the start and end components are counted?","从从左到右第1个电阻到从左到右第2个电阻的最短元件路径中，若包含起点和终点，共有几个元件？","3","number"
"qa_v6f_000008","img_0253","train__d1_autockt_-384_png.rf.2a27b492a0b34ab8eece084ce1ab609c","images/img_0253.jpg","path","shortest_path_intermediate_count","medium","Along the shortest component path from the capacitor in the diagram to the inductor in the diagram, how many intermediate components must be traversed, excluding the start and end components?","从图中的电容到图中的电感的最短元件路径中，至少要经过几个中间元件（不含起点和终点）？","0","number"
"qa_v6f_000392","img_0253","train__d1_autockt_-384_png.rf.2a27b492a0b34ab8eece084ce1ab609c","images/img_0253.jpg","path","shortest_path_intermediate_count","medium","Along the shortest component path from the capacitor in the diagram to the 2nd current source from the left, how many intermediate components must be traversed, excluding the start and end components?","从图中的电容到从左到右第2个电流源的最短元件路径中，至少要经过几个中间元件（不含起点和终点）？","1","number"
"qa_v6f_001037","img_0253","train__d1_autockt_-384_png.rf.2a27b492a0b34ab8eece084ce1ab609c","images/img_0253.jpg","path","shortest_path_component_count","medium","Along the shortest component path from the 2nd current source from the left to the 1st current source from the left, how many components are included when both the start and end components are counted?","从从左到右第2个电流源到从左到右第1个电流源的最短元件路径中，若包含起点和终点，共有几个元件？","2","number"
"qa_v6f_001759","img_0253","train__d1_autockt_-384_png.rf.2a27b492a0b34ab8eece084ce1ab609c","images/img_0253.jpg","path","shortest_path_component_count","medium","Along the shortest component path from the capacitor in the diagram to the 2nd current source from the left, how many components are included when both the start and end components are counted?","从图中的电容到从左到右第2个电流源的最短元件路径中，若包含起点和终点，共有几个元件？","3","number"
"qa_v6f_000282","img_0233","train__d1_autockt_-386_png.rf.f61e314536dd5dc41e2100a8fc10489e","images/img_0233.jpg","path","shortest_path_component_count","medium","Along the shortest component path from the voltage source in the diagram to the 1st resistor from the left, how many components are included when both the start and end components are counted?","从图中的电压源到从左到右第1个电阻的最短元件路径中，若包含起点和终点，共有几个元件？","3","number"
"qa_v6f_000519","img_0233","train__d1_autockt_-386_png.rf.f61e314536dd5dc41e2100a8fc10489e","images/img_0233.jpg","path","shortest_path_component_count","medium","Along the shortest component path from the voltage source in the diagram to the 3rd resistor from the left, how many components are included when both the start and end components are counted?","从图中的电压源到从左到右第3个电阻的最短元件路径中，若包含起点和终点，共有几个元件？","2","number"
"qa_v6f_001676","img_0233","train__d1_autockt_-386_png.rf.f61e314536dd5dc41e2100a8fc10489e","images/img_0233.jpg","path","shortest_path_intermediate_count","medium","Along the shortest component path from the voltage source in the diagram to the capacitor in the diagram, how many intermediate components must be traversed, excluding the start and end components?","从图中的电压源到图中的电容的最短元件路径中，至少要经过几个中间元件（不含起点和终点）？","0","number"
"qa_v6f_002050","img_0233","train__d1_autockt_-386_png.rf.f61e314536dd5dc41e2100a8fc10489e","images/img_0233.jpg","path","shortest_path_intermediate_count","medium","Along the shortest component path from the voltage source in the diagram to the 3rd resistor from the left, how many intermediate components must be traversed, excluding the start and end components?","从图中的电压源到从左到右第3个电阻的最短元件路径中，至少要经过几个中间元件（不含起点和终点）？","0","number"
"qa_v6f_000553","img_0336","train__d1_autockt_-38_png.rf.9faa205028090ca6c082437ebab5545d","images/img_0336.jpg","path","shortest_path_component_count","medium","Along the shortest component path from the 1st voltage source from the left to the 2nd inductor from the left, how many components are included when both the start and end components are counted?","从从左到右第1个电压源到从左到右第2个电感的最短元件路径中，若包含起点和终点，共有几个元件？","4","number"
"qa_v6f_001803","img_0336","train__d1_autockt_-38_png.rf.9faa205028090ca6c082437ebab5545d","images/img_0336.jpg","path","shortest_path_intermediate_count","medium","Along the shortest component path from the 2nd inductor from the left to the 2nd voltage source from the left, how many intermediate components must be traversed, excluding the start and end components?","从从左到右第2个电感到从左到右第2个电压源的最短元件路径中，至少要经过几个中间元件（不含起点和终点）？","1","number"
"qa_v6f_000286","img_0062","train__d1_autockt_-398_png.rf.e39109e94fb9b165553dccf66c4965e4","images/img_0062.jpg","path","shortest_path_component_count","medium","Along the shortest component path from the 2nd inductor from the left to the 2nd resistor from the left, how many components are included when both the start and end components are counted?","从从左到右第2个电感到从左到右第2个电阻的最短元件路径中，若包含起点和终点，共有几个元件？","2","number"
"qa_v6f_000564","img_0062","train__d1_autockt_-398_png.rf.e39109e94fb9b165553dccf66c4965e4","images/img_0062.jpg","path","shortest_path_intermediate_count","medium","Along the shortest component path from the 2nd inductor from the left to the 2nd resistor from the left, how many intermediate components must be traversed, excluding the start and end components?","从从左到右第2个电感到从左到右第2个电阻的最短元件路径中，至少要经过几个中间元件（不含起点和终点）？","0","number"
"qa_v6f_000892","img_0062","train__d1_autockt_-398_png.rf.e39109e94fb9b165553dccf66c4965e4","images/img_0062.jpg","path","shortest_path_component_count","medium","Along the shortest component path from the 2nd inductor from the left to the 2nd voltage source from the left, how many components are included when both the start and end components are counted?","从从左到右第2个电感到从左到右第2个电压源的最短元件路径中，若包含起点和终点，共有几个元件？","2","number"
"qa_v6f_001660","img_0062","train__d1_autockt_-398_png.rf.e39109e94fb9b165553dccf66c4965e4","images/img_0062.jpg","path","shortest_path_intermediate_count","medium","Along the shortest component path from the 1st voltage source from the left to the 2nd resistor from the left, how many intermediate components must be traversed, excluding the start and end components?","从从左到右第1个电压源到从左到右第2个电阻的最短元件路径中，至少要经过几个中间元件（不含起点和终点）？","2","number"
"qa_v6f_001187","img_0262","train__d1_autockt_-402_png.rf.cfc916c5ce009ea58831c24178cbaf70","images/img_0262.jpg","path","shortest_path_intermediate_count","medium","Along the shortest component path from the 2nd inductor from the left to the 2nd resistor from the left, how many intermediate components must be traversed, excluding the start and end components?","从从左到右第2个电感到从左到右第2个电阻的最短元件路径中，至少要经过几个中间元件（不含起点和终点）？","1","number"
"qa_v6f_001943","img_0262","train__d1_autockt_-402_png.rf.cfc916c5ce009ea58831c24178cbaf70","images/img_0262.jpg","path","shortest_path_component_count","medium","Along the shortest component path from the 1st inductor from the left to the 2nd resistor from the left, how many components are included when both the start and end components are counted?","从从左到右第1个电感到从左到右第2个电阻的最短元件路径中，若包含起点和终点，共有几个元件？","2","number"
"qa_v6f_000624","img_0133","train__d1_autockt_-403_png.rf.9c28a52ffb8eb8f3136b54832bf06e2f","images/img_0133.jpg","path","shortest_path_component_count","medium","Along the shortest component path from the inductor in the diagram to the current source in the diagram, how many components are included when both the start and end components are counted?","从图中的电感到图中的电流源的最短元件路径中，若包含起点和终点，共有几个元件？","2","number"
"qa_v6f_001110","img_0133","train__d1_autockt_-403_png.rf.9c28a52ffb8eb8f3136b54832bf06e2f","images/img_0133.jpg","path","shortest_path_intermediate_count","medium","Along the shortest component path from the voltage source in the diagram to the 2nd resistor from the left, how many intermediate components must be traversed, excluding the start and end components?","从图中的电压源到从左到右第2个电阻的最短元件路径中，至少要经过几个中间元件（不含起点和终点）？","0","number"
"qa_v6f_002175","img_0133","train__d1_autockt_-403_png.rf.9c28a52ffb8eb8f3136b54832bf06e2f","images/img_0133.jpg","path","shortest_path_intermediate_count","medium","Along the shortest component path from the inductor in the diagram to the current source in the diagram, how many intermediate components must be traversed, excluding the start and end components?","从图中的电感到图中的电流源的最短元件路径中，至少要经过几个中间元件（不含起点和终点）？","0","number"
"qa_v6f_002221","img_0133","train__d1_autockt_-403_png.rf.9c28a52ffb8eb8f3136b54832bf06e2f","images/img_0133.jpg","path","shortest_path_component_count","medium","Along the shortest component path from the voltage source in the diagram to the 2nd resistor from the left, how many components are included when both the start and end components are counted?","从图中的电压源到从左到右第2个电阻的最短元件路径中，若包含起点和终点，共有几个元件？","2","number"
"qa_v6f_000124","img_0191","train__d1_autockt_-407_png.rf.3416d51ea768d8fcefa78d8b96114377","images/img_0191.jpg","path","shortest_path_intermediate_count","medium","Along the shortest component path from the inductor in the diagram to the capacitor in the diagram, how many intermediate components must be traversed, excluding the start and end components?","从图中的电感到图中的电容的最短元件路径中，至少要经过几个中间元件（不含起点和终点）？","1","number"
"qa_v6f_001964","img_0191","train__d1_autockt_-407_png.rf.3416d51ea768d8fcefa78d8b96114377","images/img_0191.jpg","path","shortest_path_intermediate_count","medium","Along the shortest component path from the inductor in the diagram to the 1st current source from the left, how many intermediate components must be traversed, excluding the start and end components?","从图中的电感到从左到右第1个电流源的最短元件路径中，至少要经过几个中间元件（不含起点和终点）？","0","number"
"qa_v6f_001971","img_0191","train__d1_autockt_-407_png.rf.3416d51ea768d8fcefa78d8b96114377","images/img_0191.jpg","path","shortest_path_component_count","medium","Along the shortest component path from the inductor in the diagram to the capacitor in the diagram, how many components are included when both the start and end components are counted?","从图中的电感到图中的电容的最短元件路径中，若包含起点和终点，共有几个元件？","3","number"
"qa_v6f_000067","img_0166","train__d1_autockt_-412_png.rf.edfb98165ea242e0775bc00b9c69793f","images/img_0166.jpg","path","shortest_path_component_count","medium","Along the shortest component path from the 1st resistor from the left to the capacitor in the diagram, how many components are included when both the start and end components are counted?","从从左到右第1个电阻到图中的电容的最短元件路径中，若包含起点和终点，共有几个元件？","3","number"
"qa_v6f_001254","img_0166","train__d1_autockt_-412_png.rf.edfb98165ea242e0775bc00b9c69793f","images/img_0166.jpg","path","shortest_path_intermediate_count","medium","Along the shortest component path from the 1st resistor from the left to the capacitor in the diagram, how many intermediate components must be traversed, excluding the start and end components?","从从左到右第1个电阻到图中的电容的最短元件路径中，至少要经过几个中间元件（不含起点和终点）？","1","number"
"qa_v6f_001774","img_0369","train__d1_autockt_-413_png.rf.7f0c7598d5a1530a22e4baafd6ed429f","images/img_0369.jpg","path","shortest_path_component_count","medium","Along the shortest component path from the capacitor in the diagram to the 2nd resistor from the left, how many components are included when both the start and end components are counted?","从图中的电容到从左到右第2个电阻的最短元件路径中，若包含起点和终点，共有几个元件？","3","number"
"qa_v6f_002154","img_0369","train__d1_autockt_-413_png.rf.7f0c7598d5a1530a22e4baafd6ed429f","images/img_0369.jpg","path","shortest_path_intermediate_count","medium","Along the shortest component path from the inductor in the diagram to the 2nd resistor from the left, how many intermediate components must be traversed, excluding the start and end components?","从图中的电感到从左到右第2个电阻的最短元件路径中，至少要经过几个中间元件（不含起点和终点）？","0","number"
"qa_v6f_002260","img_0320","train__d1_autockt_-414_png.rf.de58dde21eba2a54e7df9ebdc840867a","images/img_0320.jpg","path","shortest_path_component_count","medium","Along the shortest component path from the inductor in the diagram to the capacitor in the diagram, how many components are included when both the start and end components are counted?","从图中的电感到图中的电容的最短元件路径中，若包含起点和终点，共有几个元件？","2","number"
"qa_v6f_002338","img_0320","train__d1_autockt_-414_png.rf.de58dde21eba2a54e7df9ebdc840867a","images/img_0320.jpg","path","shortest_path_component_count","medium","Along the shortest component path from the voltage source in the diagram to the capacitor in the diagram, how many components are included when both the start and end components are counted?","从图中的电压源到图中的电容的最短元件路径中，若包含起点和终点，共有几个元件？","2","number"
"qa_v6f_002382","img_0320","train__d1_autockt_-414_png.rf.de58dde21eba2a54e7df9ebdc840867a","images/img_0320.jpg","path","shortest_path_intermediate_count","medium","Along the shortest component path from the voltage source in the diagram to the 3rd resistor from the left, how many intermediate components must be traversed, excluding the start and end components?","从图中的电压源到从左到右第3个电阻的最短元件路径中，至少要经过几个中间元件（不含起点和终点）？","0","number"
"qa_v6f_001104","img_0077","train__d1_autockt_-417_png.rf.7bc46ed01c3dacaa21123fe04ea75494","images/img_0077.jpg","path","shortest_path_intermediate_count","medium","Along the shortest component path from the inductor in the diagram to the capacitor in the diagram, how many intermediate components must be traversed, excluding the start and end components?","从图中的电感到图中的电容的最短元件路径中，至少要经过几个中间元件（不含起点和终点）？","0","number"
"qa_v6f_001685","img_0077","train__d1_autockt_-417_png.rf.7bc46ed01c3dacaa21123fe04ea75494","images/img_0077.jpg","path","shortest_path_component_count","medium","Along the shortest component path from the voltage source in the diagram to the 1st resistor from the left, how many components are included when both the start and end components are counted?","从图中的电压源到从左到右第1个电阻的最短元件路径中，若包含起点和终点，共有几个元件？","2","number"
"qa_v6f_000868","img_0360","train__d1_autockt_-418_png.rf.e2ba99310a487464c367bde390929131","images/img_0360.jpg","path","shortest_path_component_count","medium","Along the shortest component path from the capacitor in the diagram to the 1st resistor from the left, how many components are included when both the start and end components are counted?","从图中的电容到从左到右第1个电阻的最短元件路径中，若包含起点和终点，共有几个元件？","2","number"
"qa_v6f_001007","img_0360","train__d1_autockt_-418_png.rf.e2ba99310a487464c367bde390929131","images/img_0360.jpg","path","shortest_path_component_count","medium","Along the shortest component path from the voltage source in the diagram to the 1st resistor from the left, how many components are included when both the start and end components are counted?","从图中的电压源到从左到右第1个电阻的最短元件路径中，若包含起点和终点，共有几个元件？","2","number"
"qa_v6f_001501","img_0360","train__d1_autockt_-418_png.rf.e2ba99310a487464c367bde390929131","images/img_0360.jpg","path","shortest_path_intermediate_count","medium","Along the shortest component path from the capacitor in the diagram to the 1st resistor from the left, how many intermediate components must be traversed, excluding the start and end components?","从图中的电容到从左到右第1个电阻的最短元件路径中，至少要经过几个中间元件（不含起点和终点）？","0","number"
"qa_v6f_000005","img_0122","train__d1_autockt_-419_png.rf.724fe0542c06f76e876b26faaf1bc86a","images/img_0122.jpg","path","shortest_path_intermediate_count","medium","Along the shortest component path from the 2nd resistor from the left to the 1st resistor from the left, how many intermediate components must be traversed, excluding the start and end components?","从从左到右第2个电阻到从左到右第1个电阻的最短元件路径中，至少要经过几个中间元件（不含起点和终点）？","0","number"
"qa_v6f_000938","img_0122","train__d1_autockt_-419_png.rf.724fe0542c06f76e876b26faaf1bc86a","images/img_0122.jpg","path","shortest_path_component_count","medium","Along the shortest component path from the voltage source in the diagram to the 1st resistor from the left, how many components are included when both the start and end components are counted?","从图中的电压源到从左到右第1个电阻的最短元件路径中，若包含起点和终点，共有几个元件？","3","number"
"qa_v6f_001047","img_0122","train__d1_autockt_-419_png.rf.724fe0542c06f76e876b26faaf1bc86a","images/img_0122.jpg","path","shortest_path_intermediate_count","medium","Along the shortest component path from the 2nd resistor from the left to the current source in the diagram, how many intermediate components must be traversed, excluding the start and end components?","从从左到右第2个电阻到图中的电流源的最短元件路径中，至少要经过几个中间元件（不含起点和终点）？","1","number"
"qa_v6f_000021","img_0259","train__d1_autockt_-423_png.rf.fccb3bbb996179e9fea087ce07932901","images/img_0259.jpg","path","shortest_path_intermediate_count","medium","Along the shortest component path from the capacitor in the diagram to the 3rd resistor from the left, how many intermediate components must be traversed, excluding the start and end components?","从图中的电容到从左到右第3个电阻的最短元件路径中，至少要经过几个中间元件（不含起点和终点）？","0","number"
"qa_v6f_002277","img_0259","train__d1_autockt_-423_png.rf.fccb3bbb996179e9fea087ce07932901","images/img_0259.jpg","path","shortest_path_component_count","medium","Along the shortest component path from the capacitor in the diagram to the 3rd resistor from the left, how many components are included when both the start and end components are counted?","从图中的电容到从左到右第3个电阻的最短元件路径中，若包含起点和终点，共有几个元件？","2","number"
"qa_v6f_000801","img_0326","train__d1_autockt_-431_png.rf.41418e75a5e6bb8a0eb52209212a78b1","images/img_0326.jpg","path","shortest_path_intermediate_count","medium","Along the shortest component path from the 1st inductor from the left to the voltage source in the diagram, how many intermediate components must be traversed, excluding the start and end components?","从从左到右第1个电感到图中的电压源的最短元件路径中，至少要经过几个中间元件（不含起点和终点）？","1","number"
"qa_v6f_001792","img_0326","train__d1_autockt_-431_png.rf.41418e75a5e6bb8a0eb52209212a78b1","images/img_0326.jpg","path","shortest_path_component_count","medium","Along the shortest component path from the 1st inductor from the left to the 1st resistor from the top, how many components are included when both the start and end components are counted?","从从左到右第1个电感到从上到下第1个电阻的最短元件路径中，若包含起点和终点，共有几个元件？","2","number"
"qa_v6f_001421","img_0026","train__d1_autockt_-435_png.rf.f8446e033be019cede7947993b824b98","images/img_0026.jpg","path","shortest_path_component_count","medium","Along the shortest component path from the voltage source in the diagram to the 2nd resistor from the left, how many components are included when both the start and end components are counted?","从图中的电压源到从左到右第2个电阻的最短元件路径中，若包含起点和终点，共有几个元件？","3","number"
"qa_v6f_000929","img_0012","train__d1_autockt_-440_png.rf.66f06ce3967e198359be3ba51c0b947d","images/img_0012.jpg","path","shortest_path_component_count","medium","Along the shortest component path from the 1st resistor from the left to the 2nd capacitor from the left, how many components are included when both the start and end components are counted?","从从左到右第1个电阻到从左到右第2个电容的最短元件路径中，若包含起点和终点，共有几个元件？","3","number"
"qa_v6f_000900","img_0032","train__d1_autockt_-448_png.rf.c3dfde43eece3ebdb656eb3db9d40038","images/img_0032.jpg","path","shortest_path_intermediate_count","medium","Along the shortest component path from the 1st resistor from the left to the 2nd resistor from the left, how many intermediate components must be traversed, excluding the start and end components?","从从左到右第1个电阻到从左到右第2个电阻的最短元件路径中，至少要经过几个中间元件（不含起点和终点）？","0","number"
"qa_v6f_002388","img_0032","train__d1_autockt_-448_png.rf.c3dfde43eece3ebdb656eb3db9d40038","images/img_0032.jpg","path","shortest_path_component_count","medium","Along the shortest component path from the 1st resistor from the left to the 1st inductor from the left, how many components are included when both the start and end components are counted?","从从左到右第1个电阻到从左到右第1个电感的最短元件路径中，若包含起点和终点，共有几个元件？","3","number"
"qa_v6f_001815","img_0340","train__d1_autockt_-449_png.rf.f435d79eb688d005d608f30898b0322f","images/img_0340.jpg","path","shortest_path_intermediate_count","medium","Along the shortest component path from the 1st voltage source from the left to the 1st resistor from the left, how many intermediate components must be traversed, excluding the start and end components?","从从左到右第1个电压源到从左到右第1个电阻的最短元件路径中，至少要经过几个中间元件（不含起点和终点）？","0","number"
"qa_v6f_002310","img_0340","train__d1_autockt_-449_png.rf.f435d79eb688d005d608f30898b0322f","images/img_0340.jpg","path","shortest_path_component_count","medium","Along the shortest component path from the 2nd voltage source from the left to the 2nd inductor from the left, how many components are included when both the start and end components are counted?","从从左到右第2个电压源到从左到右第2个电感的最短元件路径中，若包含起点和终点，共有几个元件？","2","number"
"qa_v6f_000215","img_0261","train__d1_autockt_-451_png.rf.f37b42cdc9453ecbcf076999c10aad93","images/img_0261.jpg","path","shortest_path_component_count","medium","Along the shortest component path from the voltage source in the diagram to the capacitor in the diagram, how many components are included when both the start and end components are counted?","从图中的电压源到图中的电容的最短元件路径中，若包含起点和终点，共有几个元件？","2","number"
"qa_v6f_001705","img_0261","train__d1_autockt_-451_png.rf.f37b42cdc9453ecbcf076999c10aad93","images/img_0261.jpg","path","shortest_path_intermediate_count","medium","Along the shortest component path from the voltage source in the diagram to the capacitor in the diagram, how many intermediate components must be traversed, excluding the start and end components?","从图中的电压源到图中的电容的最短元件路径中，至少要经过几个中间元件（不含起点和终点）？","0","number"
"qa_v6f_000238","img_0045","train__d1_autockt_-454_png.rf.c5fc966c9b852852a21b2d353dad8ad7","images/img_0045.jpg","path","shortest_path_component_count","medium","Along the shortest component path from the voltage source in the diagram to the 3rd resistor from the left, how many components are included when both the start and end components are counted?","从图中的电压源到从左到右第3个电阻的最短元件路径中，若包含起点和终点，共有几个元件？","2","number"
"qa_v6f_001879","img_0045","train__d1_autockt_-454_png.rf.c5fc966c9b852852a21b2d353dad8ad7","images/img_0045.jpg","path","shortest_path_intermediate_count","medium","Along the shortest component path from the 1st resistor from the left to the 3rd resistor from the left, how many intermediate components must be traversed, excluding the start and end components?","从从左到右第1个电阻到从左到右第3个电阻的最短元件路径中，至少要经过几个中间元件（不含起点和终点）？","1","number"
"qa_v6f_001041","img_0334","train__d1_autockt_-45_png.rf.51f3d72d221cc647bbfef272ef0e2879","images/img_0334.jpg","path","shortest_path_component_count","medium","Along the shortest component path from the voltage source in the diagram to the 1st resistor from the left, how many components are included when both the start and end components are counted?","从图中的电压源到从左到右第1个电阻的最短元件路径中，若包含起点和终点，共有几个元件？","3","number"
"qa_v6f_001567","img_0334","train__d1_autockt_-45_png.rf.51f3d72d221cc647bbfef272ef0e2879","images/img_0334.jpg","path","shortest_path_intermediate_count","medium","Along the shortest component path from the 2nd resistor from the left to the 1st capacitor from the left, how many intermediate components must be traversed, excluding the start and end components?","从从左到右第2个电阻到从左到右第1个电容的最短元件路径中，至少要经过几个中间元件（不含起点和终点）？","1","number"
"qa_v6f_001695","img_0334","train__d1_autockt_-45_png.rf.51f3d72d221cc647bbfef272ef0e2879","images/img_0334.jpg","path","shortest_path_component_count","medium","Along the shortest component path from the 2nd resistor from the left to the 1st capacitor from the left, how many components are included when both the start and end components are counted?","从从左到右第2个电阻到从左到右第1个电容的最短元件路径中，若包含起点和终点，共有几个元件？","3","number"
"qa_v6f_001851","img_0153","train__d1_autockt_-460_png.rf.9e0ece51cc84de8b3988a5c15706d71c","images/img_0153.jpg","path","shortest_path_component_count","medium","Along the shortest component path from the voltage source in the diagram to the 1st resistor from the left, how many components are included when both the start and end components are counted?","从图中的电压源到从左到右第1个电阻的最短元件路径中，若包含起点和终点，共有几个元件？","2","number"
"qa_v6f_000050","img_0125","train__d1_autockt_-463_png.rf.befc30e9d6d0816fcddadeb5bbd18937","images/img_0125.jpg","path","shortest_path_intermediate_count","medium","Along the shortest component path from the 2nd resistor from the left to the 1st resistor from the left, how many intermediate components must be traversed, excluding the start and end components?","从从左到右第2个电阻到从左到右第1个电阻的最短元件路径中，至少要经过几个中间元件（不含起点和终点）？","1","number"
"qa_v6f_001410","img_0125","train__d1_autockt_-463_png.rf.befc30e9d6d0816fcddadeb5bbd18937","images/img_0125.jpg","path","shortest_path_component_count","medium","Along the shortest component path from the 2nd resistor from the left to the 1st resistor from the left, how many components are included when both the start and end components are counted?","从从左到右第2个电阻到从左到右第1个电阻的最短元件路径中，若包含起点和终点，共有几个元件？","3","number"
"qa_v6f_000497","img_0009","train__d1_autockt_-465_png.rf.8fac8ad95079d2ef7e608fe2caeafa9d","images/img_0009.jpg","path","shortest_path_component_count","medium","Along the shortest component path from the 3rd resistor from the left to the current source in the diagram, how many components are included when both the start and end components are counted?","从从左到右第3个电阻到图中的电流源的最短元件路径中，若包含起点和终点，共有几个元件？","3","number"
"qa_v6f_002004","img_0009","train__d1_autockt_-465_png.rf.8fac8ad95079d2ef7e608fe2caeafa9d","images/img_0009.jpg","path","shortest_path_intermediate_count","medium","Along the shortest component path from the 3rd resistor from the left to the current source in the diagram, how many intermediate components must be traversed, excluding the start and end components?","从从左到右第3个电阻到图中的电流源的最短元件路径中，至少要经过几个中间元件（不含起点和终点）？","1","number"
"qa_v6f_001756","img_0204","train__d1_autockt_-471_png.rf.0f9b21fe1b17e784d8b1e3fb74f96af8","images/img_0204.jpg","path","shortest_path_component_count","medium","Along the shortest component path from the current source in the diagram to the 2nd resistor from the left, how many components are included when both the start and end components are counted?","从图中的电流源到从左到右第2个电阻的最短元件路径中，若包含起点和终点，共有几个元件？","4","number"
"qa_v6f_002045","img_0204","train__d1_autockt_-471_png.rf.0f9b21fe1b17e784d8b1e3fb74f96af8","images/img_0204.jpg","path","shortest_path_intermediate_count","medium","Along the shortest component path from the voltage source in the diagram to the 1st resistor from the left, how many intermediate components must be traversed, excluding the start and end components?","从图中的电压源到从左到右第1个电阻的最短元件路径中，至少要经过几个中间元件（不含起点和终点）？","0","number"
"qa_v6f_001699","img_0118","train__d1_autockt_-472_png.rf.ff1921e9a801051dc67ec8c3a80df8f8","images/img_0118.jpg","path","shortest_path_intermediate_count","medium","Along the shortest component path from the 1st resistor from the left to the 2nd current source from the left, how many intermediate components must be traversed, excluding the start and end components?","从从左到右第1个电阻到从左到右第2个电流源的最短元件路径中，至少要经过几个中间元件（不含起点和终点）？","1","number"
"qa_v6f_001989","img_0118","train__d1_autockt_-472_png.rf.ff1921e9a801051dc67ec8c3a80df8f8","images/img_0118.jpg","path","shortest_path_component_count","medium","Along the shortest component path from the 1st resistor from the left to the capacitor in the diagram, how many components are included when both the start and end components are counted?","从从左到右第1个电阻到图中的电容的最短元件路径中，若包含起点和终点，共有几个元件？","2","number"
"qa_v6f_000064","img_0096","train__d1_autockt_-473_png.rf.90412134f4599a57fff8d229cd77b1fc","images/img_0096.jpg","path","shortest_path_intermediate_count","medium","Along the shortest component path from the 1st inductor from the left to the 2nd resistor from the left, how many intermediate components must be traversed, excluding the start and end components?","从从左到右第1个电感到从左到右第2个电阻的最短元件路径中，至少要经过几个中间元件（不含起点和终点）？","0","number"
"qa_v6f_000872","img_0096","train__d1_autockt_-473_png.rf.90412134f4599a57fff8d229cd77b1fc","images/img_0096.jpg","path","shortest_path_component_count","medium","Along the shortest component path from the 1st inductor from the left to the 2nd resistor from the left, how many components are included when both the start and end components are counted?","从从左到右第1个电感到从左到右第2个电阻的最短元件路径中，若包含起点和终点，共有几个元件？","2","number"
"qa_v6f_000640","img_0232","train__d1_autockt_-481_png.rf.2709a59e78f86eb28d160132a282d50b","images/img_0232.jpg","path","shortest_path_component_count","medium","Along the shortest component path from the 1st inductor from the top to the voltage source in the diagram, how many components are included when both the start and end components are counted?","从从上到下第1个电感到图中的电压源的最短元件路径中，若包含起点和终点，共有几个元件？","4","number"
"qa_v6f_002302","img_0232","train__d1_autockt_-481_png.rf.2709a59e78f86eb28d160132a282d50b","images/img_0232.jpg","path","shortest_path_intermediate_count","medium","Along the shortest component path from the voltage source in the diagram to the current source in the diagram, how many intermediate components must be traversed, excluding the start and end components?","从图中的电压源到图中的电流源的最短元件路径中，至少要经过几个中间元件（不含起点和终点）？","0","number"
"qa_v6f_001277","img_0205","train__d1_autockt_-484_png.rf.b27aeab8d49e3cb6b5d5f0cf628d9d25","images/img_0205.jpg","path","shortest_path_intermediate_count","medium","Along the shortest component path from the 2nd capacitor from the left to the 3rd resistor from the left, how many intermediate components must be traversed, excluding the start and end components?","从从左到右第2个电容到从左到右第3个电阻的最短元件路径中，至少要经过几个中间元件（不含起点和终点）？","0","number"
"qa_v6f_001843","img_0205","train__d1_autockt_-484_png.rf.b27aeab8d49e3cb6b5d5f0cf628d9d25","images/img_0205.jpg","path","shortest_path_component_count","medium","Along the shortest component path from the 2nd capacitor from the left to the 1st capacitor from the left, how many components are included when both the start and end components are counted?","从从左到右第2个电容到从左到右第1个电容的最短元件路径中，若包含起点和终点，共有几个元件？","2","number"
"qa_v6f_002399","img_0205","train__d1_autockt_-484_png.rf.b27aeab8d49e3cb6b5d5f0cf628d9d25","images/img_0205.jpg","path","shortest_path_component_count","medium","Along the shortest component path from the 2nd capacitor from the left to the current source in the diagram, how many components are included when both the start and end components are counted?","从从左到右第2个电容到图中的电流源的最短元件路径中，若包含起点和终点，共有几个元件？","3","number"
"qa_v6f_000145","img_0309","train__d1_autockt_-487_png.rf.3b4abde3b8fcf0e86ef93e33ac8ba3bc","images/img_0309.jpg","path","shortest_path_component_count","medium","Along the shortest component path from the capacitor in the diagram to the 3rd resistor from the left, how many components are included when both the start and end components are counted?","从图中的电容到从左到右第3个电阻的最短元件路径中，若包含起点和终点，共有几个元件？","2","number"
"qa_v6f_000469","img_0309","train__d1_autockt_-487_png.rf.3b4abde3b8fcf0e86ef93e33ac8ba3bc","images/img_0309.jpg","path","shortest_path_intermediate_count","medium","Along the shortest component path from the voltage source in the diagram to the 2nd resistor from the left, how many intermediate components must be traversed, excluding the start and end components?","从图中的电压源到从左到右第2个电阻的最短元件路径中，至少要经过几个中间元件（不含起点和终点）？","0","number"
"qa_v6f_000921","img_0295","train__d1_autockt_-488_png.rf.304ca500af3dea19bf4afc717b46b25f","images/img_0295.jpg","path","shortest_path_intermediate_count","medium","Along the shortest component path from the 2nd resistor from the left to the current source in the diagram, how many intermediate components must be traversed, excluding the start and end components?","从从左到右第2个电阻到图中的电流源的最短元件路径中，至少要经过几个中间元件（不含起点和终点）？","1","number"
"qa_v6f_001001","img_0295","train__d1_autockt_-488_png.rf.304ca500af3dea19bf4afc717b46b25f","images/img_0295.jpg","path","shortest_path_component_count","medium","Along the shortest component path from the 2nd resistor from the left to the current source in the diagram, how many components are included when both the start and end components are counted?","从从左到右第2个电阻到图中的电流源的最短元件路径中，若包含起点和终点，共有几个元件？","3","number"
"qa_v6f_001415","img_0295","train__d1_autockt_-488_png.rf.304ca500af3dea19bf4afc717b46b25f","images/img_0295.jpg","path","shortest_path_intermediate_count","medium","Along the shortest component path from the voltage source in the diagram to the current source in the diagram, how many intermediate components must be traversed, excluding the start and end components?","从图中的电压源到图中的电流源的最短元件路径中，至少要经过几个中间元件（不含起点和终点）？","0","number"
"qa_v6f_002374","img_0295","train__d1_autockt_-488_png.rf.304ca500af3dea19bf4afc717b46b25f","images/img_0295.jpg","path","shortest_path_component_count","medium","Along the shortest component path from the voltage source in the diagram to the 2nd resistor from the left, how many components are included when both the start and end components are counted?","从图中的电压源到从左到右第2个电阻的最短元件路径中，若包含起点和终点，共有几个元件？","2","number"
"qa_v6f_001020","img_0054","train__d1_autockt_-496_png.rf.3857766abc4a8741b932c14b4ce1ccf2","images/img_0054.jpg","path","shortest_path_component_count","medium","Along the shortest component path from the 1st resistor from the left to the current source in the diagram, how many components are included when both the start and end components are counted?","从从左到右第1个电阻到图中的电流源的最短元件路径中，若包含起点和终点，共有几个元件？","3","number"
"qa_v6f_001413","img_0054","train__d1_autockt_-496_png.rf.3857766abc4a8741b932c14b4ce1ccf2","images/img_0054.jpg","path","shortest_path_intermediate_count","medium","Along the shortest component path from the 1st resistor from the left to the capacitor in the diagram, how many intermediate components must be traversed, excluding the start and end components?","从从左到右第1个电阻到图中的电容的最短元件路径中，至少要经过几个中间元件（不含起点和终点）？","2","number"
"qa_v6f_001844","img_0054","train__d1_autockt_-496_png.rf.3857766abc4a8741b932c14b4ce1ccf2","images/img_0054.jpg","path","shortest_path_intermediate_count","medium","Along the shortest component path from the current source in the diagram to the capacitor in the diagram, how many intermediate components must be traversed, excluding the start and end components?","从图中的电流源到图中的电容的最短元件路径中，至少要经过几个中间元件（不含起点和终点）？","0","number"
"qa_v6f_000156","img_0112","train__d1_autockt_-497_png.rf.6781ee0e9dcf16ea6f1142267d01298d","images/img_0112.jpg","path","shortest_path_intermediate_count","medium","Along the shortest component path from the capacitor in the diagram to the 2nd resistor from the left, how many intermediate components must be traversed, excluding the start and end components?","从图中的电容到从左到右第2个电阻的最短元件路径中，至少要经过几个中间元件（不含起点和终点）？","0","number"
"qa_v6f_002145","img_0112","train__d1_autockt_-497_png.rf.6781ee0e9dcf16ea6f1142267d01298d","images/img_0112.jpg","path","shortest_path_component_count","medium","Along the shortest component path from the 1st resistor from the left to the 3rd resistor from the left, how many components are included when both the start and end components are counted?","从从左到右第1个电阻到从左到右第3个电阻的最短元件路径中，若包含起点和终点，共有几个元件？","2","number"
"qa_v6f_000579","img_0339","train__d1_autockt_-49_png.rf.7d0639fa22c051578ab82d8f1f4e2cf9","images/img_0339.jpg","path","shortest_path_intermediate_count","medium","Along the shortest component path from the 3rd resistor from the left to the current source in the diagram, how many intermediate components must be traversed, excluding the start and end components?","从从左到右第3个电阻到图中的电流源的最短元件路径中，至少要经过几个中间元件（不含起点和终点）？","0","number"
"qa_v6f_001356","img_0339","train__d1_autockt_-49_png.rf.7d0639fa22c051578ab82d8f1f4e2cf9","images/img_0339.jpg","path","shortest_path_component_count","medium","Along the shortest component path from the 1st capacitor from the left to the 3rd resistor from the left, how many components are included when both the start and end components are counted?","从从左到右第1个电容到从左到右第3个电阻的最短元件路径中，若包含起点和终点，共有几个元件？","3","number"
"qa_v6f_000271","img_0147","train__d1_autockt_-502_png.rf.fbc5dea95acccca5927e3aed43e5fe2c","images/img_0147.jpg","path","shortest_path_component_count","medium","Along the shortest component path from the inductor in the diagram to the 1st resistor from the top, how many components are included when both the start and end components are counted?","从图中的电感到从上到下第1个电阻的最短元件路径中，若包含起点和终点，共有几个元件？","2","number"
"qa_v6f_001493","img_0147","train__d1_autockt_-502_png.rf.fbc5dea95acccca5927e3aed43e5fe2c","images/img_0147.jpg","path","shortest_path_intermediate_count","medium","Along the shortest component path from the inductor in the diagram to the 1st resistor from the top, how many intermediate components must be traversed, excluding the start and end components?","从图中的电感到从上到下第1个电阻的最短元件路径中，至少要经过几个中间元件（不含起点和终点）？","0","number"
"qa_v6f_002125","img_0147","train__d1_autockt_-502_png.rf.fbc5dea95acccca5927e3aed43e5fe2c","images/img_0147.jpg","path","shortest_path_component_count","medium","Along the shortest component path from the 1st resistor from the top to the capacitor in the diagram, how many components are included when both the start and end components are counted?","从从上到下第1个电阻到图中的电容的最短元件路径中，若包含起点和终点，共有几个元件？","2","number"
"qa_v6f_001426","img_0250","train__d1_autockt_-506_png.rf.e6677a083db0a858123450b0ca7c342c","images/img_0250.jpg","path","shortest_path_intermediate_count","medium","Along the shortest component path from the inductor in the diagram to the capacitor in the diagram, how many intermediate components must be traversed, excluding the start and end components?","从图中的电感到图中的电容的最短元件路径中，至少要经过几个中间元件（不含起点和终点）？","0","number"
"qa_v6f_002250","img_0250","train__d1_autockt_-506_png.rf.e6677a083db0a858123450b0ca7c342c","images/img_0250.jpg","path","shortest_path_component_count","medium","Along the shortest component path from the voltage source in the diagram to the capacitor in the diagram, how many components are included when both the start and end components are counted?","从图中的电压源到图中的电容的最短元件路径中，若包含起点和终点，共有几个元件？","2","number"
"qa_v6f_000221","img_0121","train__d1_autockt_-507_png.rf.385d15eba96c4ea635398ce9db6529a5","images/img_0121.jpg","path","shortest_path_intermediate_count","medium","Along the shortest component path from the current source in the diagram to the 2nd resistor from the left, how many intermediate components must be traversed, excluding the start and end components?","从图中的电流源到从左到右第2个电阻的最短元件路径中，至少要经过几个中间元件（不含起点和终点）？","0","number"
"qa_v6f_000370","img_0121","train__d1_autockt_-507_png.rf.385d15eba96c4ea635398ce9db6529a5","images/img_0121.jpg","path","shortest_path_intermediate_count","medium","Along the shortest component path from the 3rd resistor from the left to the 2nd resistor from the left, how many intermediate components must be traversed, excluding the start and end components?","从从左到右第3个电阻到从左到右第2个电阻的最短元件路径中，至少要经过几个中间元件（不含起点和终点）？","1","number"
"qa_v6f_000500","img_0121","train__d1_autockt_-507_png.rf.385d15eba96c4ea635398ce9db6529a5","images/img_0121.jpg","path","shortest_path_component_count","medium","Along the shortest component path from the 2nd resistor from the left to the capacitor in the diagram, how many components are included when both the start and end components are counted?","从从左到右第2个电阻到图中的电容的最短元件路径中，若包含起点和终点，共有几个元件？","2","number"
"qa_v6f_001590","img_0121","train__d1_autockt_-507_png.rf.385d15eba96c4ea635398ce9db6529a5","images/img_0121.jpg","path","shortest_path_component_count","medium","Along the shortest component path from the 3rd resistor from the left to the 2nd resistor from the left, how many components are included when both the start and end components are counted?","从从左到右第3个电阻到从左到右第2个电阻的最短元件路径中，若包含起点和终点，共有几个元件？","3","number"
"qa_v6f_000036","img_0037","train__d1_autockt_-508_png.rf.9a8c1f8178dddd53d74d32f7c105055f","images/img_0037.jpg","path","shortest_path_component_count","medium","Along the shortest component path from the current source in the diagram to the 3rd resistor from the left, how many components are included when both the start and end components are counted?","从图中的电流源到从左到右第3个电阻的最短元件路径中，若包含起点和终点，共有几个元件？","2","number"
"qa_v6f_002065","img_0037","train__d1_autockt_-508_png.rf.9a8c1f8178dddd53d74d32f7c105055f","images/img_0037.jpg","path","shortest_path_intermediate_count","medium","Along the shortest component path from the capacitor in the diagram to the 3rd resistor from the left, how many intermediate components must be traversed, excluding the start and end components?","从图中的电容到从左到右第3个电阻的最短元件路径中，至少要经过几个中间元件（不含起点和终点）？","0","number"
"qa_v6f_001605","img_0392","train__d1_autockt_-50_png.rf.42967ff493a23b07b721c035ba221696","images/img_0392.jpg","path","shortest_path_intermediate_count","medium","Along the shortest component path from the voltage source in the diagram to the 3rd resistor from the left, how many intermediate components must be traversed, excluding the start and end components?","从图中的电压源到从左到右第3个电阻的最短元件路径中，至少要经过几个中间元件（不含起点和终点）？","0","number"
"qa_v6f_002206","img_0392","train__d1_autockt_-50_png.rf.42967ff493a23b07b721c035ba221696","images/img_0392.jpg","path","shortest_path_component_count","medium","Along the shortest component path from the current source in the diagram to the 4th resistor from the left, how many components are included when both the start and end components are counted?","从图中的电流源到从左到右第4个电阻的最短元件路径中，若包含起点和终点，共有几个元件？","4","number"
"qa_v6f_002095","img_0135","train__d1_autockt_-514_png.rf.f3e0d72fa9948e88072570fb7683f175","images/img_0135.jpg","path","shortest_path_component_count","medium","Along the shortest component path from the 2nd inductor from the top to the 1st resistor from the left, how many components are included when both the start and end components are counted?","从从上到下第2个电感到从左到右第1个电阻的最短元件路径中，若包含起点和终点，共有几个元件？","2","number"
"qa_v6f_002207","img_0135","train__d1_autockt_-514_png.rf.f3e0d72fa9948e88072570fb7683f175","images/img_0135.jpg","path","shortest_path_component_count","medium","Along the shortest component path from the 1st inductor from the top to the 2nd inductor from the top, how many components are included when both the start and end components are counted?","从从上到下第1个电感到从上到下第2个电感的最短元件路径中，若包含起点和终点，共有几个元件？","3","number"
"qa_v6f_002231","img_0135","train__d1_autockt_-514_png.rf.f3e0d72fa9948e88072570fb7683f175","images/img_0135.jpg","path","shortest_path_intermediate_count","medium","Along the shortest component path from the 1st inductor from the top to the 1st resistor from the left, how many intermediate components must be traversed, excluding the start and end components?","从从上到下第1个电感到从左到右第1个电阻的最短元件路径中，至少要经过几个中间元件（不含起点和终点）？","0","number"
"qa_v6f_000189","img_0234","train__d1_autockt_-515_png.rf.b6bc962b2a68545c50e486277ef4d8f5","images/img_0234.jpg","path","shortest_path_intermediate_count","medium","Along the shortest component path from the 2nd resistor from the left to the current source in the diagram, how many intermediate components must be traversed, excluding the start and end components?","从从左到右第2个电阻到图中的电流源的最短元件路径中，至少要经过几个中间元件（不含起点和终点）？","1","number"
"qa_v6f_001427","img_0234","train__d1_autockt_-515_png.rf.b6bc962b2a68545c50e486277ef4d8f5","images/img_0234.jpg","path","shortest_path_component_count","medium","Along the shortest component path from the 2nd resistor from the left to the current source in the diagram, how many components are included when both the start and end components are counted?","从从左到右第2个电阻到图中的电流源的最短元件路径中，若包含起点和终点，共有几个元件？","3","number"
"qa_v6f_001437","img_0234","train__d1_autockt_-515_png.rf.b6bc962b2a68545c50e486277ef4d8f5","images/img_0234.jpg","path","shortest_path_intermediate_count","medium","Along the shortest component path from the 1st inductor from the left to the 2nd resistor from the left, how many intermediate components must be traversed, excluding the start and end components?","从从左到右第1个电感到从左到右第2个电阻的最短元件路径中，至少要经过几个中间元件（不含起点和终点）？","0","number"
"qa_v6f_000256","img_0063","train__d1_autockt_-520_png.rf.b8e3e853af5b921647cdc0ed5fb21308","images/img_0063.jpg","path","shortest_path_intermediate_count","medium","Along the shortest component path from the 3rd resistor from the left to the current source in the diagram, how many intermediate components must be traversed, excluding the start and end components?","从从左到右第3个电阻到图中的电流源的最短元件路径中，至少要经过几个中间元件（不含起点和终点）？","1","number"
"qa_v6f_002303","img_0063","train__d1_autockt_-520_png.rf.b8e3e853af5b921647cdc0ed5fb21308","images/img_0063.jpg","path","shortest_path_component_count","medium","Along the shortest component path from the 3rd resistor from the left to the 2nd resistor from the left, how many components are included when both the start and end components are counted?","从从左到右第3个电阻到从左到右第2个电阻的最短元件路径中，若包含起点和终点，共有几个元件？","2","number"
"qa_v6f_001374","img_0342","train__d1_autockt_-522_png.rf.198b484cab8511aa4ba12a4ee9ba99a9","images/img_0342.jpg","path","shortest_path_component_count","medium","Along the shortest component path from the 3rd resistor from the top to the 1st resistor from the top, how many components are included when both the start and end components are counted?","从从上到下第3个电阻到从上到下第1个电阻的最短元件路径中，若包含起点和终点，共有几个元件？","3","number"
"qa_v6f_000272","img_0091","train__d1_autockt_-526_png.rf.972c85876b6e2ef1bcb8234f3b87aec3","images/img_0091.jpg","path","shortest_path_component_count","medium","Along the shortest component path from the inductor in the diagram to the voltage source in the diagram, how many components are included when both the start and end components are counted?","从图中的电感到图中的电压源的最短元件路径中，若包含起点和终点，共有几个元件？","3","number"
"qa_v6f_000372","img_0091","train__d1_autockt_-526_png.rf.972c85876b6e2ef1bcb8234f3b87aec3","images/img_0091.jpg","path","shortest_path_intermediate_count","medium","Along the shortest component path from the inductor in the diagram to the voltage source in the diagram, how many intermediate components must be traversed, excluding the start and end components?","从图中的电感到图中的电压源的最短元件路径中，至少要经过几个中间元件（不含起点和终点）？","1","number"
"qa_v6f_001939","img_0195","train__d1_autockt_-529_png.rf.6f7b1413eb298cbf4a8d1d7480b71b46","images/img_0195.jpg","path","shortest_path_component_count","medium","Along the shortest component path from the 1st resistor from the top to the current source in the diagram, how many components are included when both the start and end components are counted?","从从上到下第1个电阻到图中的电流源的最短元件路径中，若包含起点和终点，共有几个元件？","2","number"
"qa_v6f_002078","img_0195","train__d1_autockt_-529_png.rf.6f7b1413eb298cbf4a8d1d7480b71b46","images/img_0195.jpg","path","shortest_path_intermediate_count","medium","Along the shortest component path from the capacitor in the diagram to the current source in the diagram, how many intermediate components must be traversed, excluding the start and end components?","从图中的电容到图中的电流源的最短元件路径中，至少要经过几个中间元件（不含起点和终点）？","0","number"
"qa_v6f_000387","img_0218","train__d1_autockt_-530_png.rf.372fa3f0ed5af7b9ef57e620223aaef1","images/img_0218.jpg","path","shortest_path_intermediate_count","medium","Along the shortest component path from the capacitor in the diagram to the 2nd resistor from the left, how many intermediate components must be traversed, excluding the start and end components?","从图中的电容到从左到右第2个电阻的最短元件路径中，至少要经过几个中间元件（不含起点和终点）？","0","number"
"qa_v6f_001577","img_0218","train__d1_autockt_-530_png.rf.372fa3f0ed5af7b9ef57e620223aaef1","images/img_0218.jpg","path","shortest_path_component_count","medium","Along the shortest component path from the voltage source in the diagram to the 1st resistor from the left, how many components are included when both the start and end components are counted?","从图中的电压源到从左到右第1个电阻的最短元件路径中，若包含起点和终点，共有几个元件？","2","number"
"qa_v6f_002114","img_0218","train__d1_autockt_-530_png.rf.372fa3f0ed5af7b9ef57e620223aaef1","images/img_0218.jpg","path","shortest_path_intermediate_count","medium","Along the shortest component path from the inductor in the diagram to the 1st resistor from the left, how many intermediate components must be traversed, excluding the start and end components?","从图中的电感到从左到右第1个电阻的最短元件路径中，至少要经过几个中间元件（不含起点和终点）？","1","number"
"qa_v6f_000111","img_0106","train__d1_autockt_-535_png.rf.9153b1dc9dda171b9a0812795e7e719e","images/img_0106.jpg","path","shortest_path_intermediate_count","medium","Along the shortest component path from the 1st current source from the left to the 2nd resistor from the left, how many intermediate components must be traversed, excluding the start and end components?","从从左到右第1个电流源到从左到右第2个电阻的最短元件路径中，至少要经过几个中间元件（不含起点和终点）？","0","number"
"qa_v6f_001122","img_0106","train__d1_autockt_-535_png.rf.9153b1dc9dda171b9a0812795e7e719e","images/img_0106.jpg","path","shortest_path_component_count","medium","Along the shortest component path from the 1st current source from the left to the 2nd current source from the left, how many components are included when both the start and end components are counted?","从从左到右第1个电流源到从左到右第2个电流源的最短元件路径中，若包含起点和终点，共有几个元件？","4","number"
"qa_v6f_001274","img_0106","train__d1_autockt_-535_png.rf.9153b1dc9dda171b9a0812795e7e719e","images/img_0106.jpg","path","shortest_path_intermediate_count","medium","Along the shortest component path from the 1st current source from the left to the 2nd current source from the left, how many intermediate components must be traversed, excluding the start and end components?","从从左到右第1个电流源到从左到右第2个电流源的最短元件路径中，至少要经过几个中间元件（不含起点和终点）？","2","number"
"qa_v6f_001613","img_0106","train__d1_autockt_-535_png.rf.9153b1dc9dda171b9a0812795e7e719e","images/img_0106.jpg","path","shortest_path_component_count","medium","Along the shortest component path from the 2nd resistor from the left to the 2nd current source from the left, how many components are included when both the start and end components are counted?","从从左到右第2个电阻到从左到右第2个电流源的最短元件路径中，若包含起点和终点，共有几个元件？","5","number"
"qa_v6f_000087","img_0367","train__d1_autockt_-537_png.rf.6ee6497275122beda6a37704f5429c2e","images/img_0367.jpg","path","shortest_path_intermediate_count","medium","Along the shortest component path from the 2nd resistor from the left to the current source in the diagram, how many intermediate components must be traversed, excluding the start and end components?","从从左到右第2个电阻到图中的电流源的最短元件路径中，至少要经过几个中间元件（不含起点和终点）？","1","number"
"qa_v6f_001061","img_0367","train__d1_autockt_-537_png.rf.6ee6497275122beda6a37704f5429c2e","images/img_0367.jpg","path","shortest_path_component_count","medium","Along the shortest component path from the 1st resistor from the left to the current source in the diagram, how many components are included when both the start and end components are counted?","从从左到右第1个电阻到图中的电流源的最短元件路径中，若包含起点和终点，共有几个元件？","2","number"
"qa_v6f_002268","img_0367","train__d1_autockt_-537_png.rf.6ee6497275122beda6a37704f5429c2e","images/img_0367.jpg","path","shortest_path_component_count","medium","Along the shortest component path from the 2nd resistor from the left to the current source in the diagram, how many components are included when both the start and end components are counted?","从从左到右第2个电阻到图中的电流源的最短元件路径中，若包含起点和终点，共有几个元件？","3","number"
"qa_v6f_001770","img_0288","train__d1_autockt_-547_png.rf.f0472340e4dc77478687a06623d1f513","images/img_0288.jpg","path","shortest_path_component_count","medium","Along the shortest component path from the 1st inductor from the left to the current source in the diagram, how many components are included when both the start and end components are counted?","从从左到右第1个电感到图中的电流源的最短元件路径中，若包含起点和终点，共有几个元件？","2","number"
"qa_v6f_000233","img_0212","train__d1_autockt_-548_png.rf.f5b166f27579b51d690243d9b81690a0","images/img_0212.jpg","path","shortest_path_intermediate_count","medium","Along the shortest component path from the 1st resistor from the left to the capacitor in the diagram, how many intermediate components must be traversed, excluding the start and end components?","从从左到右第1个电阻到图中的电容的最短元件路径中，至少要经过几个中间元件（不含起点和终点）？","1","number"
"qa_v6f_000277","img_0212","train__d1_autockt_-548_png.rf.f5b166f27579b51d690243d9b81690a0","images/img_0212.jpg","path","shortest_path_component_count","medium","Along the shortest component path from the 3rd resistor from the left to the capacitor in the diagram, how many components are included when both the start and end components are counted?","从从左到右第3个电阻到图中的电容的最短元件路径中，若包含起点和终点，共有几个元件？","2","number"
"qa_v6f_000070","img_0126","train__d1_autockt_-554_png.rf.4cccaa0ae853ff949527efe4e1892456","images/img_0126.jpg","path","shortest_path_component_count","medium","Along the shortest component path from the voltage source in the diagram to the 1st resistor from the top, how many components are included when both the start and end components are counted?","从图中的电压源到从上到下第1个电阻的最短元件路径中，若包含起点和终点，共有几个元件？","3","number"
"qa_v6f_000368","img_0126","train__d1_autockt_-554_png.rf.4cccaa0ae853ff949527efe4e1892456","images/img_0126.jpg","path","shortest_path_intermediate_count","medium","Along the shortest component path from the 3rd resistor from the top to the 1st resistor from the top, how many intermediate components must be traversed, excluding the start and end components?","从从上到下第3个电阻到从上到下第1个电阻的最短元件路径中，至少要经过几个中间元件（不含起点和终点）？","0","number"
"qa_v6f_001416","img_0126","train__d1_autockt_-554_png.rf.4cccaa0ae853ff949527efe4e1892456","images/img_0126.jpg","path","shortest_path_component_count","medium","Along the shortest component path from the 2nd inductor from the left to the 1st resistor from the top, how many components are included when both the start and end components are counted?","从从左到右第2个电感到从上到下第1个电阻的最短元件路径中，若包含起点和终点，共有几个元件？","2","number"
"qa_v6f_001656","img_0126","train__d1_autockt_-554_png.rf.4cccaa0ae853ff949527efe4e1892456","images/img_0126.jpg","path","shortest_path_intermediate_count","medium","Along the shortest component path from the 3rd resistor from the top to the 2nd inductor from the left, how many intermediate components must be traversed, excluding the start and end components?","从从上到下第3个电阻到从左到右第2个电感的最短元件路径中，至少要经过几个中间元件（不含起点和终点）？","1","number"
"qa_v6f_000998","img_0228","train__d1_autockt_-560_png.rf.5f86c26b11af110f8b145b2b72249dcf","images/img_0228.jpg","path","shortest_path_component_count","medium","Along the shortest component path from the current source in the diagram to the 2nd resistor from the left, how many components are included when both the start and end components are counted?","从图中的电流源到从左到右第2个电阻的最短元件路径中，若包含起点和终点，共有几个元件？","2","number"
"qa_v6f_001124","img_0228","train__d1_autockt_-560_png.rf.5f86c26b11af110f8b145b2b72249dcf","images/img_0228.jpg","path","shortest_path_intermediate_count","medium","Along the shortest component path from the voltage source in the diagram to the 2nd resistor from the left, how many intermediate components must be traversed, excluding the start and end components?","从图中的电压源到从左到右第2个电阻的最短元件路径中，至少要经过几个中间元件（不含起点和终点）？","1","number"
"qa_v6f_001460","img_0228","train__d1_autockt_-560_png.rf.5f86c26b11af110f8b145b2b72249dcf","images/img_0228.jpg","path","shortest_path_component_count","medium","Along the shortest component path from the voltage source in the diagram to the 1st capacitor from the left, how many components are included when both the start and end components are counted?","从图中的电压源到从左到右第1个电容的最短元件路径中，若包含起点和终点，共有几个元件？","2","number"
"qa_v6f_002390","img_0228","train__d1_autockt_-560_png.rf.5f86c26b11af110f8b145b2b72249dcf","images/img_0228.jpg","path","shortest_path_intermediate_count","medium","Along the shortest component path from the voltage source in the diagram to the current source in the diagram, how many intermediate components must be traversed, excluding the start and end components?","从图中的电压源到图中的电流源的最短元件路径中，至少要经过几个中间元件（不含起点和终点）？","2","number"
"qa_v6f_001601","img_0041","train__d1_autockt_-562_png.rf.93022514a29bfd12d7159b1e68671744","images/img_0041.jpg","path","shortest_path_component_count","medium","Along the shortest component path from the voltage source in the diagram to the current source in the diagram, how many components are included when both the start and end components are counted?","从图中的电压源到图中的电流源的最短元件路径中，若包含起点和终点，共有几个元件？","2","number"
"qa_v6f_000578","img_0382","train__d1_autockt_-566_png.rf.b6d4d71ca20087885e39423cd20ee90e","images/img_0382.jpg","path","shortest_path_intermediate_count","medium","Along the shortest component path from the 1st inductor from the left to the 2nd resistor from the left, how many intermediate components must be traversed, excluding the start and end components?","从从左到右第1个电感到从左到右第2个电阻的最短元件路径中，至少要经过几个中间元件（不含起点和终点）？","1","number"
"qa_v6f_001397","img_0382","train__d1_autockt_-566_png.rf.b6d4d71ca20087885e39423cd20ee90e","images/img_0382.jpg","path","shortest_path_component_count","medium","Along the shortest component path from the voltage source in the diagram to the 3rd resistor from the left, how many components are included when both the start and end components are counted?","从图中的电压源到从左到右第3个电阻的最短元件路径中，若包含起点和终点，共有几个元件？","3","number"
"qa_v6f_002195","img_0382","train__d1_autockt_-566_png.rf.b6d4d71ca20087885e39423cd20ee90e","images/img_0382.jpg","path","shortest_path_intermediate_count","medium","Along the shortest component path from the voltage source in the diagram to the 1st inductor from the left, how many intermediate components must be traversed, excluding the start and end components?","从图中的电压源到从左到右第1个电感的最短元件路径中，至少要经过几个中间元件（不含起点和终点）？","2","number"
"qa_v6f_001521","img_0184","train__d1_autockt_-567_png.rf.37966f21a58066fa87670790cd733f17","images/img_0184.jpg","path","shortest_path_component_count","medium","Along the shortest component path from the voltage source in the diagram to the 3rd resistor from the left, how many components are included when both the start and end components are counted?","从图中的电压源到从左到右第3个电阻的最短元件路径中，若包含起点和终点，共有几个元件？","2","number"
"qa_v6f_000926","img_0002","train__d1_autockt_-569_png.rf.f0a8e9cd979e186d476c0253a3334b23","images/img_0002.jpg","path","shortest_path_intermediate_count","medium","Along the shortest component path from the 1st inductor from the left to the 2nd resistor from the top, how many intermediate components must be traversed, excluding the start and end components?","从从左到右第1个电感到从上到下第2个电阻的最短元件路径中，至少要经过几个中间元件（不含起点和终点）？","3","number"
"qa_v6f_001527","img_0002","train__d1_autockt_-569_png.rf.f0a8e9cd979e186d476c0253a3334b23","images/img_0002.jpg","path","shortest_path_component_count","medium","Along the shortest component path from the voltage source in the diagram to the 1st inductor from the left, how many components are included when both the start and end components are counted?","从图中的电压源到从左到右第1个电感的最短元件路径中，若包含起点和终点，共有几个元件？","2","number"
"qa_v6f_000031","img_0226","train__d1_autockt_-56_png.rf.995fbba5660beea0bb9d526bc4564da7","images/img_0226.jpg","path","shortest_path_intermediate_count","medium","Along the shortest component path from the 1st voltage source from the left to the capacitor in the diagram, how many intermediate components must be traversed, excluding the start and end components?","从从左到右第1个电压源到图中的电容的最短元件路径中，至少要经过几个中间元件（不含起点和终点）？","0","number"
"qa_v6f_000040","img_0226","train__d1_autockt_-56_png.rf.995fbba5660beea0bb9d526bc4564da7","images/img_0226.jpg","path","shortest_path_intermediate_count","medium","Along the shortest component path from the 1st voltage source from the left to the 2nd resistor from the top, how many intermediate components must be traversed, excluding the start and end components?","从从左到右第1个电压源到从上到下第2个电阻的最短元件路径中，至少要经过几个中间元件（不含起点和终点）？","1","number"
"qa_v6f_000408","img_0226","train__d1_autockt_-56_png.rf.995fbba5660beea0bb9d526bc4564da7","images/img_0226.jpg","path","shortest_path_component_count","medium","Along the shortest component path from the 2nd voltage source from the left to the capacitor in the diagram, how many components are included when both the start and end components are counted?","从从左到右第2个电压源到图中的电容的最短元件路径中，若包含起点和终点，共有几个元件？","3","number"
"qa_v6f_001215","img_0242","train__d1_autockt_-570_png.rf.d3b32a9969421d4a429cd85f709b45ab","images/img_0242.jpg","path","shortest_path_intermediate_count","medium","Along the shortest component path from the capacitor in the diagram to the 2nd voltage source from the top, how many intermediate components must be traversed, excluding the start and end components?","从图中的电容到从上到下第2个电压源的最短元件路径中，至少要经过几个中间元件（不含起点和终点）？","1","number"
"qa_v6f_002126","img_0242","train__d1_autockt_-570_png.rf.d3b32a9969421d4a429cd85f709b45ab","images/img_0242.jpg","path","shortest_path_component_count","medium","Along the shortest component path from the capacitor in the diagram to the 2nd voltage source from the top, how many components are included when both the start and end components are counted?","从图中的电容到从上到下第2个电压源的最短元件路径中，若包含起点和终点，共有几个元件？","3","number"
"qa_v6f_002224","img_0242","train__d1_autockt_-570_png.rf.d3b32a9969421d4a429cd85f709b45ab","images/img_0242.jpg","path","shortest_path_intermediate_count","medium","Along the shortest component path from the inductor in the diagram to the 2nd voltage source from the top, how many intermediate components must be traversed, excluding the start and end components?","从图中的电感到从上到下第2个电压源的最短元件路径中，至少要经过几个中间元件（不含起点和终点）？","0","number"
"qa_v6f_002261","img_0242","train__d1_autockt_-570_png.rf.d3b32a9969421d4a429cd85f709b45ab","images/img_0242.jpg","path","shortest_path_component_count","medium","Along the shortest component path from the 1st voltage source from the top to the 2nd voltage source from the top, how many components are included when both the start and end components are counted?","从从上到下第1个电压源到从上到下第2个电压源的最短元件路径中，若包含起点和终点，共有几个元件？","2","number"
"qa_v6f_000562","img_0351","train__d1_autockt_-573_png.rf.b87b3e4358d99547312a456567426c7b","images/img_0351.jpg","path","shortest_path_intermediate_count","medium","Along the shortest component path from the 1st capacitor from the left to the 2nd capacitor from the left, how many intermediate components must be traversed, excluding the start and end components?","从从左到右第1个电容到从左到右第2个电容的最短元件路径中，至少要经过几个中间元件（不含起点和终点）？","2","number"
"qa_v6f_001138","img_0351","train__d1_autockt_-573_png.rf.b87b3e4358d99547312a456567426c7b","images/img_0351.jpg","path","shortest_path_component_count","medium","Along the shortest component path from the 2nd capacitor from the left to the 2nd current source from the left, how many components are included when both the start and end components are counted?","从从左到右第2个电容到从左到右第2个电流源的最短元件路径中，若包含起点和终点，共有几个元件？","2","number"
"qa_v6f_000315","img_0383","train__d1_autockt_-584_png.rf.4a4c1f207fda4cb0792f6c58704bfc87","images/img_0383.jpg","path","shortest_path_intermediate_count","medium","Along the shortest component path from the inductor in the diagram to the 2nd resistor from the left, how many intermediate components must be traversed, excluding the start and end components?","从图中的电感到从左到右第2个电阻的最短元件路径中，至少要经过几个中间元件（不含起点和终点）？","0","number"
"qa_v6f_000934","img_0383","train__d1_autockt_-584_png.rf.4a4c1f207fda4cb0792f6c58704bfc87","images/img_0383.jpg","path","shortest_path_component_count","medium","Along the shortest component path from the inductor in the diagram to the 2nd resistor from the left, how many components are included when both the start and end components are counted?","从图中的电感到从左到右第2个电阻的最短元件路径中，若包含起点和终点，共有几个元件？","2","number"
"qa_v6f_002153","img_0383","train__d1_autockt_-584_png.rf.4a4c1f207fda4cb0792f6c58704bfc87","images/img_0383.jpg","path","shortest_path_intermediate_count","medium","Along the shortest component path from the 1st resistor from the left to the current source in the diagram, how many intermediate components must be traversed, excluding the start and end components?","从从左到右第1个电阻到图中的电流源的最短元件路径中，至少要经过几个中间元件（不含起点和终点）？","0","number"
"qa_v6f_000042","img_0312","train__d1_autockt_-586_png.rf.eede6b9ddd49409a04702fc750a73a60","images/img_0312.jpg","path","shortest_path_intermediate_count","medium","Along the shortest component path from the 1st inductor from the left to the 1st voltage source from the left, how many intermediate components must be traversed, excluding the start and end components?","从从左到右第1个电感到从左到右第1个电压源的最短元件路径中，至少要经过几个中间元件（不含起点和终点）？","0","number"
"qa_v6f_001311","img_0312","train__d1_autockt_-586_png.rf.eede6b9ddd49409a04702fc750a73a60","images/img_0312.jpg","path","shortest_path_component_count","medium","Along the shortest component path from the 2nd resistor from the left to the 1st resistor from the left, how many components are included when both the start and end components are counted?","从从左到右第2个电阻到从左到右第1个电阻的最短元件路径中，若包含起点和终点，共有几个元件？","2","number"
"qa_v6f_001651","img_0312","train__d1_autockt_-586_png.rf.eede6b9ddd49409a04702fc750a73a60","images/img_0312.jpg","path","shortest_path_component_count","medium","Along the shortest component path from the 1st inductor from the left to the 1st voltage source from the left, how many components are included when both the start and end components are counted?","从从左到右第1个电感到从左到右第1个电压源的最短元件路径中，若包含起点和终点，共有几个元件？","2","number"
"qa_v6f_001817","img_0312","train__d1_autockt_-586_png.rf.eede6b9ddd49409a04702fc750a73a60","images/img_0312.jpg","path","shortest_path_intermediate_count","medium","Along the shortest component path from the 2nd resistor from the left to the 1st resistor from the left, how many intermediate components must be traversed, excluding the start and end components?","从从左到右第2个电阻到从左到右第1个电阻的最短元件路径中，至少要经过几个中间元件（不含起点和终点）？","0","number"
"qa_v6f_000144","img_0379","train__d1_autockt_-589_png.rf.caaed650862b4f58056578a57dcd0d65","images/img_0379.jpg","path","shortest_path_intermediate_count","medium","Along the shortest component path from the voltage source in the diagram to the 1st resistor from the left, how many intermediate components must be traversed, excluding the start and end components?","从图中的电压源到从左到右第1个电阻的最短元件路径中，至少要经过几个中间元件（不含起点和终点）？","1","number"
"qa_v6f_000457","img_0379","train__d1_autockt_-589_png.rf.caaed650862b4f58056578a57dcd0d65","images/img_0379.jpg","path","shortest_path_component_count","medium","Along the shortest component path from the voltage source in the diagram to the 3rd resistor from the left, how many components are included when both the start and end components are counted?","从图中的电压源到从左到右第3个电阻的最短元件路径中，若包含起点和终点，共有几个元件？","2","number"
"qa_v6f_001096","img_0379","train__d1_autockt_-589_png.rf.caaed650862b4f58056578a57dcd0d65","images/img_0379.jpg","path","shortest_path_component_count","medium","Along the shortest component path from the inductor in the diagram to the 3rd resistor from the left, how many components are included when both the start and end components are counted?","从图中的电感到从左到右第3个电阻的最短元件路径中，若包含起点和终点，共有几个元件？","3","number"
"qa_v6f_001689","img_0379","train__d1_autockt_-589_png.rf.caaed650862b4f58056578a57dcd0d65","images/img_0379.jpg","path","shortest_path_intermediate_count","medium","Along the shortest component path from the inductor in the diagram to the 3rd resistor from the left, how many intermediate components must be traversed, excluding the start and end components?","从图中的电感到从左到右第3个电阻的最短元件路径中，至少要经过几个中间元件（不含起点和终点）？","1","number"
"qa_v6f_000637","img_0331","train__d1_autockt_-58_png.rf.ec0414ed0e8e6c0b0a8ca10b34ac3422","images/img_0331.jpg","path","shortest_path_intermediate_count","medium","Along the shortest component path from the voltage source in the diagram to the 1st resistor from the left, how many intermediate components must be traversed, excluding the start and end components?","从图中的电压源到从左到右第1个电阻的最短元件路径中，至少要经过几个中间元件（不含起点和终点）？","1","number"
"qa_v6f_001724","img_0331","train__d1_autockt_-58_png.rf.ec0414ed0e8e6c0b0a8ca10b34ac3422","images/img_0331.jpg","path","shortest_path_component_count","medium","Along the shortest component path from the voltage source in the diagram to the 2nd inductor from the left, how many components are included when both the start and end components are counted?","从图中的电压源到从左到右第2个电感的最短元件路径中，若包含起点和终点，共有几个元件？","2","number"
"qa_v6f_000220","img_0146","train__d1_autockt_-590_png.rf.abffb237d50d5da270ea5d7ada455339","images/img_0146.jpg","path","shortest_path_intermediate_count","medium","Along the shortest component path from the current source in the diagram to the 1st resistor from the left, how many intermediate components must be traversed, excluding the start and end components?","从图中的电流源到从左到右第1个电阻的最短元件路径中，至少要经过几个中间元件（不含起点和终点）？","0","number"
"qa_v6f_000385","img_0146","train__d1_autockt_-590_png.rf.abffb237d50d5da270ea5d7ada455339","images/img_0146.jpg","path","shortest_path_intermediate_count","medium","Along the shortest component path from the 2nd capacitor from the left to the 1st capacitor from the left, how many intermediate components must be traversed, excluding the start and end components?","从从左到右第2个电容到从左到右第1个电容的最短元件路径中，至少要经过几个中间元件（不含起点和终点）？","1","number"
"qa_v6f_001549","img_0146","train__d1_autockt_-590_png.rf.abffb237d50d5da270ea5d7ada455339","images/img_0146.jpg","path","shortest_path_component_count","medium","Along the shortest component path from the 2nd capacitor from the left to the 2nd resistor from the left, how many components are included when both the start and end components are counted?","从从左到右第2个电容到从左到右第2个电阻的最短元件路径中，若包含起点和终点，共有几个元件？","2","number"
"qa_v6f_001755","img_0363","train__d1_autockt_-593_png.rf.69902997caa97a0aea7c67371595792e","images/img_0363.jpg","path","shortest_path_intermediate_count","medium","Along the shortest component path from the 1st voltage source from the left to the 2nd resistor from the left, how many intermediate components must be traversed, excluding the start and end components?","从从左到右第1个电压源到从左到右第2个电阻的最短元件路径中，至少要经过几个中间元件（不含起点和终点）？","1","number"
"qa_v6f_001827","img_0363","train__d1_autockt_-593_png.rf.69902997caa97a0aea7c67371595792e","images/img_0363.jpg","path","shortest_path_intermediate_count","medium","Along the shortest component path from the inductor in the diagram to the 2nd resistor from the left, how many intermediate components must be traversed, excluding the start and end components?","从图中的电感到从左到右第2个电阻的最短元件路径中，至少要经过几个中间元件（不含起点和终点）？","0","number"
"qa_v6f_001874","img_0363","train__d1_autockt_-593_png.rf.69902997caa97a0aea7c67371595792e","images/img_0363.jpg","path","shortest_path_component_count","medium","Along the shortest component path from the 2nd voltage source from the left to the inductor in the diagram, how many components are included when both the start and end components are counted?","从从左到右第2个电压源到图中的电感的最短元件路径中，若包含起点和终点，共有几个元件？","3","number"
"qa_v6f_000501","img_0350","train__d1_autockt_-598_png.rf.ed60f5aea7e7a7e5df5f0ed31540fc9b","images/img_0350.jpg","path","shortest_path_component_count","medium","Along the shortest component path from the inductor in the diagram to the 3rd resistor from the top, how many components are included when both the start and end components are counted?","从图中的电感到从上到下第3个电阻的最短元件路径中，若包含起点和终点，共有几个元件？","3","number"
"qa_v6f_001250","img_0279","train__d1_autockt_-59_png.rf.eb73882aaa702e2740dc17a77ec4be94","images/img_0279.jpg","path","shortest_path_intermediate_count","medium","Along the shortest component path from the 3rd resistor from the left to the 2nd inductor from the top, how many intermediate components must be traversed, excluding the start and end components?","从从左到右第3个电阻到从上到下第2个电感的最短元件路径中，至少要经过几个中间元件（不含起点和终点）？","0","number"
"qa_v6f_002174","img_0279","train__d1_autockt_-59_png.rf.eb73882aaa702e2740dc17a77ec4be94","images/img_0279.jpg","path","shortest_path_component_count","medium","Along the shortest component path from the 1st resistor from the left to the 2nd inductor from the top, how many components are included when both the start and end components are counted?","从从左到右第1个电阻到从上到下第2个电感的最短元件路径中，若包含起点和终点，共有几个元件？","2","number"
"qa_v6f_002305","img_0279","train__d1_autockt_-59_png.rf.eb73882aaa702e2740dc17a77ec4be94","images/img_0279.jpg","path","shortest_path_intermediate_count","medium","Along the shortest component path from the 1st resistor from the left to the 2nd inductor from the top, how many intermediate components must be traversed, excluding the start and end components?","从从左到右第1个电阻到从上到下第2个电感的最短元件路径中，至少要经过几个中间元件（不含起点和终点）？","0","number"
"qa_v6f_000746","img_0177","train__d1_autockt_-5_png.rf.f26be4c75564be0baf89f068d848252c","images/img_0177.jpg","path","shortest_path_component_count","medium","Along the shortest component path from the 2nd voltage source from the left to the 2nd resistor from the left, how many components are included when both the start and end components are counted?","从从左到右第2个电压源到从左到右第2个电阻的最短元件路径中，若包含起点和终点，共有几个元件？","3","number"
"qa_v6f_001671","img_0177","train__d1_autockt_-5_png.rf.f26be4c75564be0baf89f068d848252c","images/img_0177.jpg","path","shortest_path_intermediate_count","medium","Along the shortest component path from the 2nd voltage source from the left to the 2nd resistor from the left, how many intermediate components must be traversed, excluding the start and end components?","从从左到右第2个电压源到从左到右第2个电阻的最短元件路径中，至少要经过几个中间元件（不含起点和终点）？","1","number"
"qa_v6f_002240","img_0177","train__d1_autockt_-5_png.rf.f26be4c75564be0baf89f068d848252c","images/img_0177.jpg","path","shortest_path_intermediate_count","medium","Along the shortest component path from the 2nd inductor from the left to the 2nd resistor from the left, how many intermediate components must be traversed, excluding the start and end components?","从从左到右第2个电感到从左到右第2个电阻的最短元件路径中，至少要经过几个中间元件（不含起点和终点）？","0","number"
"qa_v6f_001120","img_0354","train__d1_autockt_-603_png.rf.daa74e3fb5b07e74bc8b4c761ece1873","images/img_0354.jpg","path","shortest_path_component_count","medium","Along the shortest component path from the 1st resistor from the left to the 2nd current source from the left, how many components are included when both the start and end components are counted?","从从左到右第1个电阻到从左到右第2个电流源的最短元件路径中，若包含起点和终点，共有几个元件？","3","number"
"qa_v6f_000187","img_0069","train__d1_autockt_-604_png.rf.6cdad7013962f030c76d220cf8fdddd0","images/img_0069.jpg","path","shortest_path_component_count","medium","Along the shortest component path from the 1st inductor from the left to the 2nd inductor from the left, how many components are included when both the start and end components are counted?","从从左到右第1个电感到从左到右第2个电感的最短元件路径中，若包含起点和终点，共有几个元件？","2","number"
"qa_v6f_001757","img_0357","train__d1_autockt_-607_png.rf.29032d4095f1ee1f868e2891398d725c","images/img_0357.jpg","path","shortest_path_component_count","medium","Along the shortest component path from the 2nd current source from the left to the capacitor in the diagram, how many components are included when both the start and end components are counted?","从从左到右第2个电流源到图中的电容的最短元件路径中，若包含起点和终点，共有几个元件？","4","number"
"qa_v6f_000298","img_0290","train__d1_autockt_-608_png.rf.d4536404b5f4deb142fe6f13e68b7a3c","images/img_0290.jpg","path","shortest_path_intermediate_count","medium","Along the shortest component path from the 2nd inductor from the left to the 1st resistor from the left, how many intermediate components must be traversed, excluding the start and end components?","从从左到右第2个电感到从左到右第1个电阻的最短元件路径中，至少要经过几个中间元件（不含起点和终点）？","0","number"
"qa_v6f_000945","img_0290","train__d1_autockt_-608_png.rf.d4536404b5f4deb142fe6f13e68b7a3c","images/img_0290.jpg","path","shortest_path_intermediate_count","medium","Along the shortest component path from the 1st inductor from the left to the current source in the diagram, how many intermediate components must be traversed, excluding the start and end components?","从从左到右第1个电感到图中的电流源的最短元件路径中，至少要经过几个中间元件（不含起点和终点）？","0","number"
"qa_v6f_001636","img_0290","train__d1_autockt_-608_png.rf.d4536404b5f4deb142fe6f13e68b7a3c","images/img_0290.jpg","path","shortest_path_component_count","medium","Along the shortest component path from the 2nd inductor from the left to the 1st resistor from the left, how many components are included when both the start and end components are counted?","从从左到右第2个电感到从左到右第1个电阻的最短元件路径中，若包含起点和终点，共有几个元件？","2","number"
"qa_v6f_000466","img_0040","train__d1_autockt_-610_png.rf.d917fc8585b44bdf2623a33d30bf32b6","images/img_0040.jpg","path","shortest_path_component_count","medium","Along the shortest component path from the inductor in the diagram to the 1st resistor from the left, how many components are included when both the start and end components are counted?","从图中的电感到从左到右第1个电阻的最短元件路径中，若包含起点和终点，共有几个元件？","2","number"
"qa_v6f_001085","img_0040","train__d1_autockt_-610_png.rf.d917fc8585b44bdf2623a33d30bf32b6","images/img_0040.jpg","path","shortest_path_component_count","medium","Along the shortest component path from the 1st voltage source from the left to the 2nd resistor from the left, how many components are included when both the start and end components are counted?","从从左到右第1个电压源到从左到右第2个电阻的最短元件路径中，若包含起点和终点，共有几个元件？","2","number"
"qa_v6f_001339","img_0040","train__d1_autockt_-610_png.rf.d917fc8585b44bdf2623a33d30bf32b6","images/img_0040.jpg","path","shortest_path_intermediate_count","medium","Along the shortest component path from the 1st voltage source from the left to the 2nd resistor from the left, how many intermediate components must be traversed, excluding the start and end components?","从从左到右第1个电压源到从左到右第2个电阻的最短元件路径中，至少要经过几个中间元件（不含起点和终点）？","0","number"
"qa_v6f_000284","img_0167","train__d1_autockt_-611_png.rf.09421c84d8743f1bc6498abcb5acafb4","images/img_0167.jpg","path","shortest_path_component_count","medium","Along the shortest component path from the 2nd inductor from the left to the 1st resistor from the left, how many components are included when both the start and end components are counted?","从从左到右第2个电感到从左到右第1个电阻的最短元件路径中，若包含起点和终点，共有几个元件？","2","number"
"qa_v6f_000719","img_0335","train__d1_autockt_-613_png.rf.f91e6aa9b3dff67e1eb5a47442543efe","images/img_0335.jpg","path","shortest_path_component_count","medium","Along the shortest component path from the inductor in the diagram to the 1st resistor from the left, how many components are included when both the start and end components are counted?","从图中的电感到从左到右第1个电阻的最短元件路径中，若包含起点和终点，共有几个元件？","2","number"
"qa_v6f_001990","img_0335","train__d1_autockt_-613_png.rf.f91e6aa9b3dff67e1eb5a47442543efe","images/img_0335.jpg","path","shortest_path_intermediate_count","medium","Along the shortest component path from the 3rd resistor from the left to the 1st resistor from the left, how many intermediate components must be traversed, excluding the start and end components?","从从左到右第3个电阻到从左到右第1个电阻的最短元件路径中，至少要经过几个中间元件（不含起点和终点）？","1","number"
"qa_v6f_000174","img_0239","train__d1_autockt_-616_png.rf.11684f6b5f1338b0fc11f4971f4fdaf5","images/img_0239.jpg","path","shortest_path_intermediate_count","medium","Along the shortest component path from the 2nd capacitor from the left to the current source in the diagram, how many intermediate components must be traversed, excluding the start and end components?","从从左到右第2个电容到图中的电流源的最短元件路径中，至少要经过几个中间元件（不含起点和终点）？","0","number"
"qa_v6f_001396","img_0239","train__d1_autockt_-616_png.rf.11684f6b5f1338b0fc11f4971f4fdaf5","images/img_0239.jpg","path","shortest_path_component_count","medium","Along the shortest component path from the 1st resistor from the left to the 2nd capacitor from the left, how many components are included when both the start and end components are counted?","从从左到右第1个电阻到从左到右第2个电容的最短元件路径中，若包含起点和终点，共有几个元件？","3","number"
"qa_v6f_001545","img_0239","train__d1_autockt_-616_png.rf.11684f6b5f1338b0fc11f4971f4fdaf5","images/img_0239.jpg","path","shortest_path_intermediate_count","medium","Along the shortest component path from the 1st resistor from the left to the current source in the diagram, how many intermediate components must be traversed, excluding the start and end components?","从从左到右第1个电阻到图中的电流源的最短元件路径中，至少要经过几个中间元件（不含起点和终点）？","0","number"
"qa_v6f_000015","img_0152","train__d1_autockt_-622_png.rf.3c1aee5138f5571d5adf98db26c6b904","images/img_0152.jpg","path","shortest_path_intermediate_count","medium","Along the shortest component path from the 1st voltage source from the left to the 1st resistor from the left, how many intermediate components must be traversed, excluding the start and end components?","从从左到右第1个电压源到从左到右第1个电阻的最短元件路径中，至少要经过几个中间元件（不含起点和终点）？","2","number"
"qa_v6f_000494","img_0152","train__d1_autockt_-622_png.rf.3c1aee5138f5571d5adf98db26c6b904","images/img_0152.jpg","path","shortest_path_component_count","medium","Along the shortest component path from the 1st resistor from the left to the capacitor in the diagram, how many components are included when both the start and end components are counted?","从从左到右第1个电阻到图中的电容的最短元件路径中，若包含起点和终点，共有几个元件？","2","number"
"qa_v6f_000131","img_0293","train__d1_autockt_-626_png.rf.e6e866f36ef79e0005845a6dc5186d98","images/img_0293.jpg","path","shortest_path_intermediate_count","medium","Along the shortest component path from the 2nd resistor from the left to the 1st resistor from the left, how many intermediate components must be traversed, excluding the start and end components?","从从左到右第2个电阻到从左到右第1个电阻的最短元件路径中，至少要经过几个中间元件（不含起点和终点）？","0","number"
"qa_v6f_001102","img_0293","train__d1_autockt_-626_png.rf.e6e866f36ef79e0005845a6dc5186d98","images/img_0293.jpg","path","shortest_path_component_count","medium","Along the shortest component path from the voltage source in the diagram to the 2nd resistor from the left, how many components are included when both the start and end components are counted?","从图中的电压源到从左到右第2个电阻的最短元件路径中，若包含起点和终点，共有几个元件？","3","number"
"qa_v6f_000964","img_0033","train__d1_autockt_-627_png.rf.f352481c5c1f24e9a007401464db97de","images/img_0033.jpg","path","shortest_path_component_count","medium","Along the shortest component path from the 3rd resistor from the top to the 1st resistor from the top, how many components are included when both the start and end components are counted?","从从上到下第3个电阻到从上到下第1个电阻的最短元件路径中，若包含起点和终点，共有几个元件？","2","number"
"qa_v6f_001592","img_0033","train__d1_autockt_-627_png.rf.f352481c5c1f24e9a007401464db97de","images/img_0033.jpg","path","shortest_path_intermediate_count","medium","Along the shortest component path from the 3rd resistor from the top to the 1st resistor from the top, how many intermediate components must be traversed, excluding the start and end components?","从从上到下第3个电阻到从上到下第1个电阻的最短元件路径中，至少要经过几个中间元件（不含起点和终点）？","0","number"
"qa_v6f_001658","img_0033","train__d1_autockt_-627_png.rf.f352481c5c1f24e9a007401464db97de","images/img_0033.jpg","path","shortest_path_component_count","medium","Along the shortest component path from the capacitor in the diagram to the 1st resistor from the top, how many components are included when both the start and end components are counted?","从图中的电容到从上到下第1个电阻的最短元件路径中，若包含起点和终点，共有几个元件？","3","number"
"qa_v6f_002039","img_0033","train__d1_autockt_-627_png.rf.f352481c5c1f24e9a007401464db97de","images/img_0033.jpg","path","shortest_path_intermediate_count","medium","Along the shortest component path from the inductor in the diagram to the 3rd resistor from the top, how many intermediate components must be traversed, excluding the start and end components?","从图中的电感到从上到下第3个电阻的最短元件路径中，至少要经过几个中间元件（不含起点和终点）？","1","number"
"qa_v6f_000046","img_0127","train__d1_autockt_-631_png.rf.dd7d2726723802bd9e44573fe4c4c83c","images/img_0127.jpg","path","shortest_path_intermediate_count","medium","Along the shortest component path from the 1st resistor from the left to the 1st current source from the left, how many intermediate components must be traversed, excluding the start and end components?","从从左到右第1个电阻到从左到右第1个电流源的最短元件路径中，至少要经过几个中间元件（不含起点和终点）？","0","number"
"qa_v6f_000229","img_0127","train__d1_autockt_-631_png.rf.dd7d2726723802bd9e44573fe4c4c83c","images/img_0127.jpg","path","shortest_path_component_count","medium","Along the shortest component path from the 2nd resistor from the left to the 1st resistor from the left, how many components are included when both the start and end components are counted?","从从左到右第2个电阻到从左到右第1个电阻的最短元件路径中，若包含起点和终点，共有几个元件？","2","number"
"qa_v6f_000614","img_0059","train__d1_autockt_-645_png.rf.a2fee8c343708104084a2fab94c09205","images/img_0059.jpg","path","shortest_path_component_count","medium","Along the shortest component path from the voltage source in the diagram to the 1st resistor from the left, how many components are included when both the start and end components are counted?","从图中的电压源到从左到右第1个电阻的最短元件路径中，若包含起点和终点，共有几个元件？","4","number"
"qa_v6f_001186","img_0059","train__d1_autockt_-645_png.rf.a2fee8c343708104084a2fab94c09205","images/img_0059.jpg","path","shortest_path_intermediate_count","medium","Along the shortest component path from the voltage source in the diagram to the 1st capacitor from the left, how many intermediate components must be traversed, excluding the start and end components?","从图中的电压源到从左到右第1个电容的最短元件路径中，至少要经过几个中间元件（不含起点和终点）？","1","number"
"qa_v6f_002026","img_0059","train__d1_autockt_-645_png.rf.a2fee8c343708104084a2fab94c09205","images/img_0059.jpg","path","shortest_path_intermediate_count","medium","Along the shortest component path from the 2nd capacitor from the left to the 1st capacitor from the left, how many intermediate components must be traversed, excluding the start and end components?","从从左到右第2个电容到从左到右第1个电容的最短元件路径中，至少要经过几个中间元件（不含起点和终点）？","0","number"
"qa_v6f_000369","img_0282","train__d1_autockt_-646_png.rf.14eb0c6003fb45f8dda4c1bc4ff2533e","images/img_0282.jpg","path","shortest_path_component_count","medium","Along the shortest component path from the 3rd resistor from the left to the 2nd resistor from the left, how many components are included when both the start and end components are counted?","从从左到右第3个电阻到从左到右第2个电阻的最短元件路径中，若包含起点和终点，共有几个元件？","4","number"
"qa_v6f_001721","img_0282","train__d1_autockt_-646_png.rf.14eb0c6003fb45f8dda4c1bc4ff2533e","images/img_0282.jpg","path","shortest_path_intermediate_count","medium","Along the shortest component path from the 3rd resistor from the left to the current source in the diagram, how many intermediate components must be traversed, excluding the start and end components?","从从左到右第3个电阻到图中的电流源的最短元件路径中，至少要经过几个中间元件（不含起点和终点）？","0","number"
"qa_v6f_000168","img_0248","train__d1_autockt_-649_png.rf.f58569e65fcbde66f8f12b4c4c6747f5","images/img_0248.jpg","path","shortest_path_component_count","medium","Along the shortest component path from the 1st resistor from the left to the capacitor in the diagram, how many components are included when both the start and end components are counted?","从从左到右第1个电阻到图中的电容的最短元件路径中，若包含起点和终点，共有几个元件？","2","number"
"qa_v6f_000336","img_0248","train__d1_autockt_-649_png.rf.f58569e65fcbde66f8f12b4c4c6747f5","images/img_0248.jpg","path","shortest_path_intermediate_count","medium","Along the shortest component path from the 1st resistor from the left to the voltage source in the diagram, how many intermediate components must be traversed, excluding the start and end components?","从从左到右第1个电阻到图中的电压源的最短元件路径中，至少要经过几个中间元件（不含起点和终点）？","1","number"
"qa_v6f_001840","img_0248","train__d1_autockt_-649_png.rf.f58569e65fcbde66f8f12b4c4c6747f5","images/img_0248.jpg","path","shortest_path_component_count","medium","Along the shortest component path from the capacitor in the diagram to the inductor in the diagram, how many components are included when both the start and end components are counted?","从图中的电容到图中的电感的最短元件路径中，若包含起点和终点，共有几个元件？","3","number"
"qa_v6f_002143","img_0168","train__d1_autockt_-651_png.rf.a6985bb1ebb97b5ba0eac855658daaea","images/img_0168.jpg","path","shortest_path_intermediate_count","medium","Along the shortest component path from the 1st resistor from the left to the 2nd capacitor from the left, how many intermediate components must be traversed, excluding the start and end components?","从从左到右第1个电阻到从左到右第2个电容的最短元件路径中，至少要经过几个中间元件（不含起点和终点）？","1","number"
"qa_v6f_002353","img_0168","train__d1_autockt_-651_png.rf.a6985bb1ebb97b5ba0eac855658daaea","images/img_0168.jpg","path","shortest_path_component_count","medium","Along the shortest component path from the voltage source in the diagram to the 1st resistor from the left, how many components are included when both the start and end components are counted?","从图中的电压源到从左到右第1个电阻的最短元件路径中，若包含起点和终点，共有几个元件？","2","number"
"qa_v6f_000081","img_0386","train__d1_autockt_-652_png.rf.4806a9662f7547999d1c8850a7994044","images/img_0386.jpg","path","shortest_path_component_count","medium","Along the shortest component path from the voltage source in the diagram to the 2nd resistor from the top, how many components are included when both the start and end components are counted?","从图中的电压源到从上到下第2个电阻的最短元件路径中，若包含起点和终点，共有几个元件？","2","number"
"qa_v6f_001999","img_0386","train__d1_autockt_-652_png.rf.4806a9662f7547999d1c8850a7994044","images/img_0386.jpg","path","shortest_path_intermediate_count","medium","Along the shortest component path from the inductor in the diagram to the current source in the diagram, how many intermediate components must be traversed, excluding the start and end components?","从图中的电感到图中的电流源的最短元件路径中，至少要经过几个中间元件（不含起点和终点）？","1","number"
"qa_v6f_000793","img_0192","train__d1_autockt_-660_png.rf.7433472eba4ad158368886c055bc7d16","images/img_0192.jpg","path","shortest_path_intermediate_count","medium","Along the shortest component path from the inductor in the diagram to the 3rd resistor from the left, how many intermediate components must be traversed, excluding the start and end components?","从图中的电感到从左到右第3个电阻的最短元件路径中，至少要经过几个中间元件（不含起点和终点）？","0","number"
"qa_v6f_001845","img_0192","train__d1_autockt_-660_png.rf.7433472eba4ad158368886c055bc7d16","images/img_0192.jpg","path","shortest_path_component_count","medium","Along the shortest component path from the voltage source in the diagram to the inductor in the diagram, how many components are included when both the start and end components are counted?","从图中的电压源到图中的电感的最短元件路径中，若包含起点和终点，共有几个元件？","2","number"
"qa_v6f_000787","img_0078","train__d1_autockt_-670_png.rf.0af9a0249e4387fc494bd06c63e625e6","images/img_0078.jpg","path","shortest_path_component_count","medium","Along the shortest component path from the capacitor in the diagram to the 1st resistor from the left, how many components are included when both the start and end components are counted?","从图中的电容到从左到右第1个电阻的最短元件路径中，若包含起点和终点，共有几个元件？","2","number"
"qa_v6f_001088","img_0078","train__d1_autockt_-670_png.rf.0af9a0249e4387fc494bd06c63e625e6","images/img_0078.jpg","path","shortest_path_intermediate_count","medium","Along the shortest component path from the inductor in the diagram to the 1st resistor from the left, how many intermediate components must be traversed, excluding the start and end components?","从图中的电感到从左到右第1个电阻的最短元件路径中，至少要经过几个中间元件（不含起点和终点）？","1","number"
"qa_v6f_001380","img_0078","train__d1_autockt_-670_png.rf.0af9a0249e4387fc494bd06c63e625e6","images/img_0078.jpg","path","shortest_path_component_count","medium","Along the shortest component path from the 1st voltage source from the left to the 1st resistor from the left, how many components are included when both the start and end components are counted?","从从左到右第1个电压源到从左到右第1个电阻的最短元件路径中，若包含起点和终点，共有几个元件？","2","number"
"qa_v6f_002059","img_0078","train__d1_autockt_-670_png.rf.0af9a0249e4387fc494bd06c63e625e6","images/img_0078.jpg","path","shortest_path_intermediate_count","medium","Along the shortest component path from the 1st voltage source from the left to the inductor in the diagram, how many intermediate components must be traversed, excluding the start and end components?","从从左到右第1个电压源到图中的电感的最短元件路径中，至少要经过几个中间元件（不含起点和终点）？","2","number"
"qa_v6f_001504","img_0060","train__d1_autockt_-675_png.rf.e30b4262e37cbed84b8bf43739730fb8","images/img_0060.jpg","path","shortest_path_intermediate_count","medium","Along the shortest component path from the inductor in the diagram to the voltage source in the diagram, how many intermediate components must be traversed, excluding the start and end components?","从图中的电感到图中的电压源的最短元件路径中，至少要经过几个中间元件（不含起点和终点）？","3","number"
"qa_v6f_001547","img_0060","train__d1_autockt_-675_png.rf.e30b4262e37cbed84b8bf43739730fb8","images/img_0060.jpg","path","shortest_path_component_count","medium","Along the shortest component path from the voltage source in the diagram to the current source in the diagram, how many components are included when both the start and end components are counted?","从图中的电压源到图中的电流源的最短元件路径中，若包含起点和终点，共有几个元件？","3","number"
"qa_v6f_002137","img_0060","train__d1_autockt_-675_png.rf.e30b4262e37cbed84b8bf43739730fb8","images/img_0060.jpg","path","shortest_path_intermediate_count","medium","Along the shortest component path from the inductor in the diagram to the 2nd resistor from the top, how many intermediate components must be traversed, excluding the start and end components?","从图中的电感到从上到下第2个电阻的最短元件路径中，至少要经过几个中间元件（不含起点和终点）？","0","number"
"qa_v6f_000137","img_0038","train__d1_autockt_-678_png.rf.1386f8a3074f7a42f985a2d2f4e7e1ee","images/img_0038.jpg","path","shortest_path_intermediate_count","medium","Along the shortest component path from the 1st resistor from the left to the 3rd resistor from the left, how many intermediate components must be traversed, excluding the start and end components?","从从左到右第1个电阻到从左到右第3个电阻的最短元件路径中，至少要经过几个中间元件（不含起点和终点）？","0","number"
"qa_v6f_000876","img_0038","train__d1_autockt_-678_png.rf.1386f8a3074f7a42f985a2d2f4e7e1ee","images/img_0038.jpg","path","shortest_path_component_count","medium","Along the shortest component path from the 2nd capacitor from the top to the 2nd resistor from the left, how many components are included when both the start and end components are counted?","从从上到下第2个电容到从左到右第2个电阻的最短元件路径中，若包含起点和终点，共有几个元件？","2","number"
"qa_v6f_001780","img_0155","train__d1_autockt_-682_png.rf.fc8e30843d270c8e5e964b27fc0b7eeb","images/img_0155.jpg","path","shortest_path_intermediate_count","medium","Along the shortest component path from the inductor in the diagram to the 1st voltage source from the left, how many intermediate components must be traversed, excluding the start and end components?","从图中的电感到从左到右第1个电压源的最短元件路径中，至少要经过几个中间元件（不含起点和终点）？","0","number"
"qa_v6f_002022","img_0155","train__d1_autockt_-682_png.rf.fc8e30843d270c8e5e964b27fc0b7eeb","images/img_0155.jpg","path","shortest_path_intermediate_count","medium","Along the shortest component path from the inductor in the diagram to the 2nd voltage source from the left, how many intermediate components must be traversed, excluding the start and end components?","从图中的电感到从左到右第2个电压源的最短元件路径中，至少要经过几个中间元件（不含起点和终点）？","0","number"
"qa_v6f_002152","img_0155","train__d1_autockt_-682_png.rf.fc8e30843d270c8e5e964b27fc0b7eeb","images/img_0155.jpg","path","shortest_path_component_count","medium","Along the shortest component path from the inductor in the diagram to the 1st resistor from the left, how many components are included when both the start and end components are counted?","从图中的电感到从左到右第1个电阻的最短元件路径中，若包含起点和终点，共有几个元件？","3","number"
"qa_v6f_001221","img_0068","train__d1_autockt_-684_png.rf.23f3199343ace523f76d7bc836d3a307","images/img_0068.jpg","path","shortest_path_intermediate_count","medium","Along the shortest component path from the 2nd inductor from the left to the 2nd resistor from the left, how many intermediate components must be traversed, excluding the start and end components?","从从左到右第2个电感到从左到右第2个电阻的最短元件路径中，至少要经过几个中间元件（不含起点和终点）？","1","number"
"qa_v6f_002172","img_0068","train__d1_autockt_-684_png.rf.23f3199343ace523f76d7bc836d3a307","images/img_0068.jpg","path","shortest_path_component_count","medium","Along the shortest component path from the 2nd inductor from the left to the 2nd resistor from the left, how many components are included when both the start and end components are counted?","从从左到右第2个电感到从左到右第2个电阻的最短元件路径中，若包含起点和终点，共有几个元件？","3","number"
"qa_v6f_000410","img_0024","train__d1_autockt_-690_png.rf.55ca987d2104780c578d08a016fe5d16","images/img_0024.jpg","path","shortest_path_intermediate_count","medium","Along the shortest component path from the 2nd resistor from the left to the 1st resistor from the left, how many intermediate components must be traversed, excluding the start and end components?","从从左到右第2个电阻到从左到右第1个电阻的最短元件路径中，至少要经过几个中间元件（不含起点和终点）？","3","number"
"qa_v6f_001279","img_0024","train__d1_autockt_-690_png.rf.55ca987d2104780c578d08a016fe5d16","images/img_0024.jpg","path","shortest_path_component_count","medium","Along the shortest component path from the 2nd voltage source from the left to the 2nd resistor from the left, how many components are included when both the start and end components are counted?","从从左到右第2个电压源到从左到右第2个电阻的最短元件路径中，若包含起点和终点，共有几个元件？","3","number"
"qa_v6f_001370","img_0024","train__d1_autockt_-690_png.rf.55ca987d2104780c578d08a016fe5d16","images/img_0024.jpg","path","shortest_path_intermediate_count","medium","Along the shortest component path from the 1st voltage source from the left to the 1st resistor from the left, how many intermediate components must be traversed, excluding the start and end components?","从从左到右第1个电压源到从左到右第1个电阻的最短元件路径中，至少要经过几个中间元件（不含起点和终点）？","0","number"
"qa_v6f_000077","img_0378","train__d1_autockt_-696_png.rf.eca467d4998e91f6c0968e69a46355d3","images/img_0378.jpg","path","shortest_path_intermediate_count","medium","Along the shortest component path from the voltage source in the diagram to the 1st resistor from the left, how many intermediate components must be traversed, excluding the start and end components?","从图中的电压源到从左到右第1个电阻的最短元件路径中，至少要经过几个中间元件（不含起点和终点）？","0","number"
"qa_v6f_001731","img_0378","train__d1_autockt_-696_png.rf.eca467d4998e91f6c0968e69a46355d3","images/img_0378.jpg","path","shortest_path_component_count","medium","Along the shortest component path from the 1st resistor from the left to the current source in the diagram, how many components are included when both the start and end components are counted?","从从左到右第1个电阻到图中的电流源的最短元件路径中，若包含起点和终点，共有几个元件？","3","number"
"qa_v6f_001089","img_0304","train__d1_autockt_-6_png.rf.c6853f2f2a35f07baa944b302756e7c0","images/img_0304.jpg","path","shortest_path_component_count","medium","Along the shortest component path from the capacitor in the diagram to the 1st resistor from the left, how many components are included when both the start and end components are counted?","从图中的电容到从左到右第1个电阻的最短元件路径中，若包含起点和终点，共有几个元件？","2","number"
"qa_v6f_001952","img_0128","train__d1_autockt_-711_png.rf.2e786c946e4ebdb33293cf2644e3bbb2","images/img_0128.jpg","path","shortest_path_component_count","medium","Along the shortest component path from the 1st inductor from the left to the 2nd resistor from the left, how many components are included when both the start and end components are counted?","从从左到右第1个电感到从左到右第2个电阻的最短元件路径中，若包含起点和终点，共有几个元件？","3","number"
"qa_v6f_001175","img_0073","train__d1_autockt_-717_png.rf.02eafd216d648fdb52bdadbafe1dc721","images/img_0073.jpg","path","shortest_path_component_count","medium","Along the shortest component path from the 2nd inductor from the left to the 1st inductor from the left, how many components are included when both the start and end components are counted?","从从左到右第2个电感到从左到右第1个电感的最短元件路径中，若包含起点和终点，共有几个元件？","2","number"
"qa_v6f_000526","img_0132","train__d1_autockt_-720_png.rf.6057a7b5360538ad64864272bf44eaff","images/img_0132.jpg","path","shortest_path_component_count","medium","Along the shortest component path from the 2nd capacitor from the left to the current source in the diagram, how many components are included when both the start and end components are counted?","从从左到右第2个电容到图中的电流源的最短元件路径中，若包含起点和终点，共有几个元件？","3","number"
"qa_v6f_000360","img_0271","train__d1_autockt_-724_png.rf.b5dc02db4f3b6f5cc8dba90695fb92e7","images/img_0271.jpg","path","shortest_path_component_count","medium","Along the shortest component path from the 2nd resistor from the left to the current source in the diagram, how many components are included when both the start and end components are counted?","从从左到右第2个电阻到图中的电流源的最短元件路径中，若包含起点和终点，共有几个元件？","2","number"
"qa_v6f_000778","img_0271","train__d1_autockt_-724_png.rf.b5dc02db4f3b6f5cc8dba90695fb92e7","images/img_0271.jpg","path","shortest_path_intermediate_count","medium","Along the shortest component path from the 3rd resistor from the left to the current source in the diagram, how many intermediate components must be traversed, excluding the start and end components?","从从左到右第3个电阻到图中的电流源的最短元件路径中，至少要经过几个中间元件（不含起点和终点）？","1","number"
"qa_v6f_002171","img_0271","train__d1_autockt_-724_png.rf.b5dc02db4f3b6f5cc8dba90695fb92e7","images/img_0271.jpg","path","shortest_path_intermediate_count","medium","Along the shortest component path from the 1st resistor from the left to the 2nd resistor from the left, how many intermediate components must be traversed, excluding the start and end components?","从从左到右第1个电阻到从左到右第2个电阻的最短元件路径中，至少要经过几个中间元件（不含起点和终点）？","1","number"
"qa_v6f_000073","img_0321","train__d1_autockt_-727_png.rf.19345d5a3f780e26264e80b25223c957","images/img_0321.jpg","path","shortest_path_intermediate_count","medium","Along the shortest component path from the 1st resistor from the left to the 3rd resistor from the left, how many intermediate components must be traversed, excluding the start and end components?","从从左到右第1个电阻到从左到右第3个电阻的最短元件路径中，至少要经过几个中间元件（不含起点和终点）？","0","number"
"qa_v6f_000931","img_0321","train__d1_autockt_-727_png.rf.19345d5a3f780e26264e80b25223c957","images/img_0321.jpg","path","shortest_path_component_count","medium","Along the shortest component path from the 1st inductor from the left to the 2nd inductor from the left, how many components are included when both the start and end components are counted?","从从左到右第1个电感到从左到右第2个电感的最短元件路径中，若包含起点和终点，共有几个元件？","2","number"
"qa_v6f_000181","img_0329","train__d1_autockt_-728_png.rf.7add843d3f3ef3b0810ed7bf00dde668","images/img_0329.jpg","path","shortest_path_component_count","medium","Along the shortest component path from the 1st capacitor from the left to the 2nd current source from the left, how many components are included when both the start and end components are counted?","从从左到右第1个电容到从左到右第2个电流源的最短元件路径中，若包含起点和终点，共有几个元件？","2","number"
"qa_v6f_001616","img_0329","train__d1_autockt_-728_png.rf.7add843d3f3ef3b0810ed7bf00dde668","images/img_0329.jpg","path","shortest_path_intermediate_count","medium","Along the shortest component path from the 1st capacitor from the left to the 2nd current source from the left, how many intermediate components must be traversed, excluding the start and end components?","从从左到右第1个电容到从左到右第2个电流源的最短元件路径中，至少要经过几个中间元件（不含起点和终点）？","0","number"
"qa_v6f_000700","img_0305","train__d1_autockt_-731_png.rf.f3a4b0dac48e3ce50a9bdfe0a9a1e22c","images/img_0305.jpg","path","shortest_path_intermediate_count","medium","Along the shortest component path from the 1st resistor from the left to the 2nd resistor from the left, how many intermediate components must be traversed, excluding the start and end components?","从从左到右第1个电阻到从左到右第2个电阻的最短元件路径中，至少要经过几个中间元件（不含起点和终点）？","0","number"
"qa_v6f_002182","img_0305","train__d1_autockt_-731_png.rf.f3a4b0dac48e3ce50a9bdfe0a9a1e22c","images/img_0305.jpg","path","shortest_path_component_count","medium","Along the shortest component path from the capacitor in the diagram to the 2nd resistor from the left, how many components are included when both the start and end components are counted?","从图中的电容到从左到右第2个电阻的最短元件路径中，若包含起点和终点，共有几个元件？","2","number"
"qa_v6f_000006","img_0356","train__d1_autockt_-732_png.rf.5a8295e164ba8250c7032030e0c42cc2","images/img_0356.jpg","path","shortest_path_intermediate_count","medium","Along the shortest component path from the inductor in the diagram to the 2nd resistor from the top, how many intermediate components must be traversed, excluding the start and end components?","从图中的电感到从上到下第2个电阻的最短元件路径中，至少要经过几个中间元件（不含起点和终点）？","0","number"
"qa_v6f_000517","img_0356","train__d1_autockt_-732_png.rf.5a8295e164ba8250c7032030e0c42cc2","images/img_0356.jpg","path","shortest_path_component_count","medium","Along the shortest component path from the inductor in the diagram to the 2nd resistor from the top, how many components are included when both the start and end components are counted?","从图中的电感到从上到下第2个电阻的最短元件路径中，若包含起点和终点，共有几个元件？","2","number"
"qa_v6f_002299","img_0356","train__d1_autockt_-732_png.rf.5a8295e164ba8250c7032030e0c42cc2","images/img_0356.jpg","path","shortest_path_intermediate_count","medium","Along the shortest component path from the inductor in the diagram to the current source in the diagram, how many intermediate components must be traversed, excluding the start and end components?","从图中的电感到图中的电流源的最短元件路径中，至少要经过几个中间元件（不含起点和终点）？","1","number"
"qa_v6f_001618","img_0092","train__d1_autockt_-735_png.rf.7a41883eb27b8a8b1c4d1ef58d926a76","images/img_0092.jpg","path","shortest_path_component_count","medium","Along the shortest component path from the 1st resistor from the left to the current source in the diagram, how many components are included when both the start and end components are counted?","从从左到右第1个电阻到图中的电流源的最短元件路径中，若包含起点和终点，共有几个元件？","2","number"
"qa_v6f_002271","img_0092","train__d1_autockt_-735_png.rf.7a41883eb27b8a8b1c4d1ef58d926a76","images/img_0092.jpg","path","shortest_path_intermediate_count","medium","Along the shortest component path from the 1st resistor from the left to the capacitor in the diagram, how many intermediate components must be traversed, excluding the start and end components?","从从左到右第1个电阻到图中的电容的最短元件路径中，至少要经过几个中间元件（不含起点和终点）？","1","number"
"qa_v6f_001222","img_0154","train__d1_autockt_-73_png.rf.01182c185cac342e87a0732c917f67cf","images/img_0154.jpg","path","shortest_path_component_count","medium","Along the shortest component path from the 1st resistor from the left to the 3rd resistor from the left, how many components are included when both the start and end components are counted?","从从左到右第1个电阻到从左到右第3个电阻的最短元件路径中，若包含起点和终点，共有几个元件？","3","number"
"qa_v6f_001459","img_0154","train__d1_autockt_-73_png.rf.01182c185cac342e87a0732c917f67cf","images/img_0154.jpg","path","shortest_path_intermediate_count","medium","Along the shortest component path from the capacitor in the diagram to the current source in the diagram, how many intermediate components must be traversed, excluding the start and end components?","从图中的电容到图中的电流源的最短元件路径中，至少要经过几个中间元件（不含起点和终点）？","1","number"
"qa_v6f_001574","img_0154","train__d1_autockt_-73_png.rf.01182c185cac342e87a0732c917f67cf","images/img_0154.jpg","path","shortest_path_intermediate_count","medium","Along the shortest component path from the capacitor in the diagram to the 1st resistor from the left, how many intermediate components must be traversed, excluding the start and end components?","从图中的电容到从左到右第1个电阻的最短元件路径中，至少要经过几个中间元件（不含起点和终点）？","2","number"
"qa_v6f_001296","img_0214","train__d1_autockt_-747_png.rf.fe0d065845c19d8733d567dc029eb9a1","images/img_0214.jpg","path","shortest_path_component_count","medium","Along the shortest component path from the voltage source in the diagram to the current source in the diagram, how many components are included when both the start and end components are counted?","从图中的电压源到图中的电流源的最短元件路径中，若包含起点和终点，共有几个元件？","2","number"
"qa_v6f_000845","img_0124","train__d1_autockt_-748_png.rf.cdbc08a26ada448cb2463c51e6e2e333","images/img_0124.jpg","path","shortest_path_intermediate_count","medium","Along the shortest component path from the 1st resistor from the left to the 3rd resistor from the left, how many intermediate components must be traversed, excluding the start and end components?","从从左到右第1个电阻到从左到右第3个电阻的最短元件路径中，至少要经过几个中间元件（不含起点和终点）？","1","number"
"qa_v6f_001349","img_0124","train__d1_autockt_-748_png.rf.cdbc08a26ada448cb2463c51e6e2e333","images/img_0124.jpg","path","shortest_path_intermediate_count","medium","Along the shortest component path from the 2nd inductor from the left to the 3rd resistor from the left, how many intermediate components must be traversed, excluding the start and end components?","从从左到右第2个电感到从左到右第3个电阻的最短元件路径中，至少要经过几个中间元件（不含起点和终点）？","0","number"
"qa_v6f_001878","img_0124","train__d1_autockt_-748_png.rf.cdbc08a26ada448cb2463c51e6e2e333","images/img_0124.jpg","path","shortest_path_component_count","medium","Along the shortest component path from the current source in the diagram to the 3rd resistor from the left, how many components are included when both the start and end components are counted?","从图中的电流源到从左到右第3个电阻的最短元件路径中，若包含起点和终点，共有几个元件？","2","number"
"qa_v6f_000323","img_0276","train__d1_autockt_-753_png.rf.9e5bac4f4235a09ddc8b0aa106f1b4e1","images/img_0276.jpg","path","shortest_path_intermediate_count","medium","Along the shortest component path from the capacitor in the diagram to the current source in the diagram, how many intermediate components must be traversed, excluding the start and end components?","从图中的电容到图中的电流源的最短元件路径中，至少要经过几个中间元件（不含起点和终点）？","0","number"
"qa_v6f_000481","img_0276","train__d1_autockt_-753_png.rf.9e5bac4f4235a09ddc8b0aa106f1b4e1","images/img_0276.jpg","path","shortest_path_component_count","medium","Along the shortest component path from the capacitor in the diagram to the 2nd resistor from the left, how many components are included when both the start and end components are counted?","从图中的电容到从左到右第2个电阻的最短元件路径中，若包含起点和终点，共有几个元件？","3","number"
"qa_v6f_000572","img_0276","train__d1_autockt_-753_png.rf.9e5bac4f4235a09ddc8b0aa106f1b4e1","images/img_0276.jpg","path","shortest_path_intermediate_count","medium","Along the shortest component path from the inductor in the diagram to the capacitor in the diagram, how many intermediate components must be traversed, excluding the start and end components?","从图中的电感到图中的电容的最短元件路径中，至少要经过几个中间元件（不含起点和终点）？","2","number"
"qa_v6f_000605","img_0297","train__d1_autockt_-754_png.rf.0aa2a32bc3f43708d8fb2bcfa6c6a70f","images/img_0297.jpg","path","shortest_path_component_count","medium","Along the shortest component path from the inductor in the diagram to the 2nd resistor from the left, how many components are included when both the start and end components are counted?","从图中的电感到从左到右第2个电阻的最短元件路径中，若包含起点和终点，共有几个元件？","2","number"
"qa_v6f_000985","img_0297","train__d1_autockt_-754_png.rf.0aa2a32bc3f43708d8fb2bcfa6c6a70f","images/img_0297.jpg","path","shortest_path_component_count","medium","Along the shortest component path from the inductor in the diagram to the 1st current source from the left, how many components are included when both the start and end components are counted?","从图中的电感到从左到右第1个电流源的最短元件路径中，若包含起点和终点，共有几个元件？","2","number"
"qa_v6f_001105","img_0297","train__d1_autockt_-754_png.rf.0aa2a32bc3f43708d8fb2bcfa6c6a70f","images/img_0297.jpg","path","shortest_path_intermediate_count","medium","Along the shortest component path from the 2nd resistor from the left to the 1st current source from the left, how many intermediate components must be traversed, excluding the start and end components?","从从左到右第2个电阻到从左到右第1个电流源的最短元件路径中，至少要经过几个中间元件（不含起点和终点）？","1","number"
"qa_v6f_001553","img_0297","train__d1_autockt_-754_png.rf.0aa2a32bc3f43708d8fb2bcfa6c6a70f","images/img_0297.jpg","path","shortest_path_intermediate_count","medium","Along the shortest component path from the inductor in the diagram to the 1st resistor from the left, how many intermediate components must be traversed, excluding the start and end components?","从图中的电感到从左到右第1个电阻的最短元件路径中，至少要经过几个中间元件（不含起点和终点）？","1","number"
"qa_v6f_000133","img_0180","train__d1_autockt_-755_png.rf.69c7026cc61de9115b50a1784364103f","images/img_0180.jpg","path","shortest_path_component_count","medium","Along the shortest component path from the 1st inductor from the left to the current source in the diagram, how many components are included when both the start and end components are counted?","从从左到右第1个电感到图中的电流源的最短元件路径中，若包含起点和终点，共有几个元件？","2","number"
"qa_v6f_001520","img_0180","train__d1_autockt_-755_png.rf.69c7026cc61de9115b50a1784364103f","images/img_0180.jpg","path","shortest_path_intermediate_count","medium","Along the shortest component path from the voltage source in the diagram to the 1st resistor from the left, how many intermediate components must be traversed, excluding the start and end components?","从图中的电压源到从左到右第1个电阻的最短元件路径中，至少要经过几个中间元件（不含起点和终点）？","0","number"
"qa_v6f_001313","img_0080","train__d1_autockt_-757_png.rf.4d371d12a971514e0cdafbaa27efb08a","images/img_0080.jpg","path","shortest_path_component_count","medium","Along the shortest component path from the 3rd resistor from the left to the current source in the diagram, how many components are included when both the start and end components are counted?","从从左到右第3个电阻到图中的电流源的最短元件路径中，若包含起点和终点，共有几个元件？","2","number"
"qa_v6f_002166","img_0080","train__d1_autockt_-757_png.rf.4d371d12a971514e0cdafbaa27efb08a","images/img_0080.jpg","path","shortest_path_intermediate_count","medium","Along the shortest component path from the 3rd resistor from the left to the 2nd resistor from the left, how many intermediate components must be traversed, excluding the start and end components?","从从左到右第3个电阻到从左到右第2个电阻的最短元件路径中，至少要经过几个中间元件（不含起点和终点）？","0","number"
"qa_v6f_001203","img_0216","train__d1_autockt_-758_png.rf.dc5f810200fd7426e7081a6e55cd130a","images/img_0216.jpg","path","shortest_path_intermediate_count","medium","Along the shortest component path from the 2nd resistor from the left to the 1st capacitor from the left, how many intermediate components must be traversed, excluding the start and end components?","从从左到右第2个电阻到从左到右第1个电容的最短元件路径中，至少要经过几个中间元件（不含起点和终点）？","0","number"
"qa_v6f_002267","img_0216","train__d1_autockt_-758_png.rf.dc5f810200fd7426e7081a6e55cd130a","images/img_0216.jpg","path","shortest_path_component_count","medium","Along the shortest component path from the 2nd resistor from the left to the 1st resistor from the left, how many components are included when both the start and end components are counted?","从从左到右第2个电阻到从左到右第1个电阻的最短元件路径中，若包含起点和终点，共有几个元件？","3","number"
"qa_v6f_000792","img_0396","train__d1_autockt_-760_png.rf.49af5c061b24e2e146a50b7de6d97c39","images/img_0396.jpg","path","shortest_path_component_count","medium","Along the shortest component path from the inductor in the diagram to the 1st resistor from the left, how many components are included when both the start and end components are counted?","从图中的电感到从左到右第1个电阻的最短元件路径中，若包含起点和终点，共有几个元件？","2","number"
"qa_v6f_002211","img_0396","train__d1_autockt_-760_png.rf.49af5c061b24e2e146a50b7de6d97c39","images/img_0396.jpg","path","shortest_path_intermediate_count","medium","Along the shortest component path from the voltage source in the diagram to the 1st resistor from the left, how many intermediate components must be traversed, excluding the start and end components?","从图中的电压源到从左到右第1个电阻的最短元件路径中，至少要经过几个中间元件（不含起点和终点）？","1","number"
"qa_v6f_001095","img_0108","train__d1_autockt_-763_png.rf.b244bbdeb84cebce1b80b7aeb2784b9e","images/img_0108.jpg","path","shortest_path_component_count","medium","Along the shortest component path from the 1st resistor from the top to the 1st current source from the left, how many components are included when both the start and end components are counted?","从从上到下第1个电阻到从左到右第1个电流源的最短元件路径中，若包含起点和终点，共有几个元件？","2","number"
"qa_v6f_001513","img_0108","train__d1_autockt_-763_png.rf.b244bbdeb84cebce1b80b7aeb2784b9e","images/img_0108.jpg","path","shortest_path_intermediate_count","medium","Along the shortest component path from the capacitor in the diagram to the 2nd resistor from the top, how many intermediate components must be traversed, excluding the start and end components?","从图中的电容到从上到下第2个电阻的最短元件路径中，至少要经过几个中间元件（不含起点和终点）？","0","number"
"qa_v6f_002053","img_0108","train__d1_autockt_-763_png.rf.b244bbdeb84cebce1b80b7aeb2784b9e","images/img_0108.jpg","path","shortest_path_component_count","medium","Along the shortest component path from the capacitor in the diagram to the 1st resistor from the top, how many components are included when both the start and end components are counted?","从图中的电容到从上到下第1个电阻的最短元件路径中，若包含起点和终点，共有几个元件？","3","number"
"qa_v6f_001753","img_0145","train__d1_autockt_-770_png.rf.787c27df076acd404098a75281122857","images/img_0145.jpg","path","shortest_path_component_count","medium","Along the shortest component path from the inductor in the diagram to the 1st current source from the top, how many components are included when both the start and end components are counted?","从图中的电感到从上到下第1个电流源的最短元件路径中，若包含起点和终点，共有几个元件？","2","number"
"qa_v6f_002100","img_0145","train__d1_autockt_-770_png.rf.787c27df076acd404098a75281122857","images/img_0145.jpg","path","shortest_path_intermediate_count","medium","Along the shortest component path from the 2nd resistor from the left to the capacitor in the diagram, how many intermediate components must be traversed, excluding the start and end components?","从从左到右第2个电阻到图中的电容的最短元件路径中，至少要经过几个中间元件（不含起点和终点）？","0","number"
"qa_v6f_002370","img_0145","train__d1_autockt_-770_png.rf.787c27df076acd404098a75281122857","images/img_0145.jpg","path","shortest_path_intermediate_count","medium","Along the shortest component path from the 1st resistor from the left to the capacitor in the diagram, how many intermediate components must be traversed, excluding the start and end components?","从从左到右第1个电阻到图中的电容的最短元件路径中，至少要经过几个中间元件（不含起点和终点）？","1","number"
"qa_v6f_000489","img_0048","train__d1_autockt_-776_png.rf.dd15ee70d255ee7281fd15c305362cd9","images/img_0048.jpg","path","shortest_path_intermediate_count","medium","Along the shortest component path from the capacitor in the diagram to the inductor in the diagram, how many intermediate components must be traversed, excluding the start and end components?","从图中的电容到图中的电感的最短元件路径中，至少要经过几个中间元件（不含起点和终点）？","0","number"
"qa_v6f_000629","img_0048","train__d1_autockt_-776_png.rf.dd15ee70d255ee7281fd15c305362cd9","images/img_0048.jpg","path","shortest_path_component_count","medium","Along the shortest component path from the capacitor in the diagram to the inductor in the diagram, how many components are included when both the start and end components are counted?","从图中的电容到图中的电感的最短元件路径中，若包含起点和终点，共有几个元件？","2","number"
"qa_v6f_002398","img_0048","train__d1_autockt_-776_png.rf.dd15ee70d255ee7281fd15c305362cd9","images/img_0048.jpg","path","shortest_path_intermediate_count","medium","Along the shortest component path from the 2nd resistor from the left to the current source in the diagram, how many intermediate components must be traversed, excluding the start and end components?","从从左到右第2个电阻到图中的电流源的最短元件路径中，至少要经过几个中间元件（不含起点和终点）？","0","number"
"qa_v6f_001857","img_0302","train__d1_autockt_-778_png.rf.b1fd1b4898674c062b27cc1b2d2dc1e0","images/img_0302.jpg","path","shortest_path_component_count","medium","Along the shortest component path from the 2nd voltage source from the left to the 1st inductor from the left, how many components are included when both the start and end components are counted?","从从左到右第2个电压源到从左到右第1个电感的最短元件路径中，若包含起点和终点，共有几个元件？","3","number"
"qa_v6f_000060","img_0349","train__d1_autockt_-782_png.rf.461c22db2d55a1a7abed249521d5990c","images/img_0349.jpg","path","shortest_path_intermediate_count","medium","Along the shortest component path from the voltage source in the diagram to the 1st resistor from the top, how many intermediate components must be traversed, excluding the start and end components?","从图中的电压源到从上到下第1个电阻的最短元件路径中，至少要经过几个中间元件（不含起点和终点）？","2","number"
"qa_v6f_000520","img_0349","train__d1_autockt_-782_png.rf.461c22db2d55a1a7abed249521d5990c","images/img_0349.jpg","path","shortest_path_component_count","medium","Along the shortest component path from the inductor in the diagram to the 1st resistor from the top, how many components are included when both the start and end components are counted?","从图中的电感到从上到下第1个电阻的最短元件路径中，若包含起点和终点，共有几个元件？","5","number"
"qa_v6f_002150","img_0349","train__d1_autockt_-782_png.rf.461c22db2d55a1a7abed249521d5990c","images/img_0349.jpg","path","shortest_path_intermediate_count","medium","Along the shortest component path from the 3rd resistor from the top to the 2nd resistor from the top, how many intermediate components must be traversed, excluding the start and end components?","从从上到下第3个电阻到从上到下第2个电阻的最短元件路径中，至少要经过几个中间元件（不含起点和终点）？","3","number"
"qa_v6f_002247","img_0349","train__d1_autockt_-782_png.rf.461c22db2d55a1a7abed249521d5990c","images/img_0349.jpg","path","shortest_path_component_count","medium","Along the shortest component path from the 1st resistor from the top to the 3rd resistor from the top, how many components are included when both the start and end components are counted?","从从上到下第1个电阻到从上到下第3个电阻的最短元件路径中，若包含起点和终点，共有几个元件？","2","number"
"qa_v6f_000088","img_0373","train__d1_autockt_-784_png.rf.71fdbf6dad8dac27ef57a5d90e933e55","images/img_0373.jpg","path","shortest_path_intermediate_count","medium","Along the shortest component path from the 2nd voltage source from the left to the 1st inductor from the left, how many intermediate components must be traversed, excluding the start and end components?","从从左到右第2个电压源到从左到右第1个电感的最短元件路径中，至少要经过几个中间元件（不含起点和终点）？","0","number"
"qa_v6f_000745","img_0373","train__d1_autockt_-784_png.rf.71fdbf6dad8dac27ef57a5d90e933e55","images/img_0373.jpg","path","shortest_path_component_count","medium","Along the shortest component path from the 2nd voltage source from the left to the 2nd inductor from the left, how many components are included when both the start and end components are counted?","从从左到右第2个电压源到从左到右第2个电感的最短元件路径中，若包含起点和终点，共有几个元件？","2","number"
"qa_v6f_001003","img_0141","train__d1_autockt_-787_png.rf.8b6836f6132bf392528a7ad358299c14","images/img_0141.jpg","path","shortest_path_component_count","medium","Along the shortest component path from the voltage source in the diagram to the 2nd resistor from the left, how many components are included when both the start and end components are counted?","从图中的电压源到从左到右第2个电阻的最短元件路径中，若包含起点和终点，共有几个元件？","2","number"
"qa_v6f_001975","img_0141","train__d1_autockt_-787_png.rf.8b6836f6132bf392528a7ad358299c14","images/img_0141.jpg","path","shortest_path_intermediate_count","medium","Along the shortest component path from the 2nd resistor from the left to the current source in the diagram, how many intermediate components must be traversed, excluding the start and end components?","从从左到右第2个电阻到图中的电流源的最短元件路径中，至少要经过几个中间元件（不含起点和终点）？","1","number"
"qa_v6f_000759","img_0243","train__d1_autockt_-795_png.rf.f5bfe58dd6cb250be0d189f5a7573cf5","images/img_0243.jpg","path","shortest_path_component_count","medium","Along the shortest component path from the current source in the diagram to the 1st capacitor from the left, how many components are included when both the start and end components are counted?","从图中的电流源到从左到右第1个电容的最短元件路径中，若包含起点和终点，共有几个元件？","3","number"
"qa_v6f_000830","img_0199","train__d1_autockt_-802_png.rf.30533a4811ce1494a1be3731b863ef1d","images/img_0199.jpg","path","shortest_path_component_count","medium","Along the shortest component path from the 2nd resistor from the left to the current source in the diagram, how many components are included when both the start and end components are counted?","从从左到右第2个电阻到图中的电流源的最短元件路径中，若包含起点和终点，共有几个元件？","2","number"
"qa_v6f_001006","img_0199","train__d1_autockt_-802_png.rf.30533a4811ce1494a1be3731b863ef1d","images/img_0199.jpg","path","shortest_path_intermediate_count","medium","Along the shortest component path from the inductor in the diagram to the 1st resistor from the left, how many intermediate components must be traversed, excluding the start and end components?","从图中的电感到从左到右第1个电阻的最短元件路径中，至少要经过几个中间元件（不含起点和终点）？","0","number"
"qa_v6f_001038","img_0199","train__d1_autockt_-802_png.rf.30533a4811ce1494a1be3731b863ef1d","images/img_0199.jpg","path","shortest_path_intermediate_count","medium","Along the shortest component path from the inductor in the diagram to the capacitor in the diagram, how many intermediate components must be traversed, excluding the start and end components?","从图中的电感到图中的电容的最短元件路径中，至少要经过几个中间元件（不含起点和终点）？","1","number"
"qa_v6f_001354","img_0220","train__d1_autockt_-804_png.rf.bf9aa996f2e03d1c8cb8e6c8a9fa5c9e","images/img_0220.jpg","path","shortest_path_component_count","medium","Along the shortest component path from the voltage source in the diagram to the 1st resistor from the left, how many components are included when both the start and end components are counted?","从图中的电压源到从左到右第1个电阻的最短元件路径中，若包含起点和终点，共有几个元件？","3","number"
"qa_v6f_001734","img_0220","train__d1_autockt_-804_png.rf.bf9aa996f2e03d1c8cb8e6c8a9fa5c9e","images/img_0220.jpg","path","shortest_path_intermediate_count","medium","Along the shortest component path from the voltage source in the diagram to the 1st resistor from the left, how many intermediate components must be traversed, excluding the start and end components?","从图中的电压源到从左到右第1个电阻的最短元件路径中，至少要经过几个中间元件（不含起点和终点）？","1","number"
"qa_v6f_000460","img_0171","train__d1_autockt_-808_png.rf.26d51a8d371620337d8ddd796d7613c4","images/img_0171.jpg","path","shortest_path_component_count","medium","Along the shortest component path from the 1st inductor from the left to the current source in the diagram, how many components are included when both the start and end components are counted?","从从左到右第1个电感到图中的电流源的最短元件路径中，若包含起点和终点，共有几个元件？","2","number"
"qa_v6f_002029","img_0171","train__d1_autockt_-808_png.rf.26d51a8d371620337d8ddd796d7613c4","images/img_0171.jpg","path","shortest_path_intermediate_count","medium","Along the shortest component path from the 1st inductor from the left to the current source in the diagram, how many intermediate components must be traversed, excluding the start and end components?","从从左到右第1个电感到图中的电流源的最短元件路径中，至少要经过几个中间元件（不含起点和终点）？","0","number"
"qa_v6f_000214","img_0388","train__d1_autockt_-80_png.rf.249d12a7ec7abb587e1450e5f5f58344","images/img_0388.jpg","path","shortest_path_intermediate_count","medium","Along the shortest component path from the inductor in the diagram to the current source in the diagram, how many intermediate components must be traversed, excluding the start and end components?","从图中的电感到图中的电流源的最短元件路径中，至少要经过几个中间元件（不含起点和终点）？","0","number"
"qa_v6f_001833","img_0388","train__d1_autockt_-80_png.rf.249d12a7ec7abb587e1450e5f5f58344","images/img_0388.jpg","path","shortest_path_component_count","medium","Along the shortest component path from the 1st resistor from the left to the current source in the diagram, how many components are included when both the start and end components are counted?","从从左到右第1个电阻到图中的电流源的最短元件路径中，若包含起点和终点，共有几个元件？","2","number"
"qa_v6f_000815","img_0255","train__d1_autockt_-812_png.rf.42169793187f4542cd94a07e906ac40e","images/img_0255.jpg","path","shortest_path_component_count","medium","Along the shortest component path from the capacitor in the diagram to the 2nd resistor from the left, how many components are included when both the start and end components are counted?","从图中的电容到从左到右第2个电阻的最短元件路径中，若包含起点和终点，共有几个元件？","2","number"
"qa_v6f_002209","img_0255","train__d1_autockt_-812_png.rf.42169793187f4542cd94a07e906ac40e","images/img_0255.jpg","path","shortest_path_intermediate_count","medium","Along the shortest component path from the capacitor in the diagram to the 2nd resistor from the left, how many intermediate components must be traversed, excluding the start and end components?","从图中的电容到从左到右第2个电阻的最短元件路径中，至少要经过几个中间元件（不含起点和终点）？","0","number"
"qa_v6f_000279","img_0227","train__d1_autockt_-814_png.rf.50078e60a986013d1c04ba8076c63a1f","images/img_0227.jpg","path","shortest_path_intermediate_count","medium","Along the shortest component path from the voltage source in the diagram to the 2nd resistor from the left, how many intermediate components must be traversed, excluding the start and end components?","从图中的电压源到从左到右第2个电阻的最短元件路径中，至少要经过几个中间元件（不含起点和终点）？","1","number"
"qa_v6f_001392","img_0227","train__d1_autockt_-814_png.rf.50078e60a986013d1c04ba8076c63a1f","images/img_0227.jpg","path","shortest_path_component_count","medium","Along the shortest component path from the inductor in the diagram to the voltage source in the diagram, how many components are included when both the start and end components are counted?","从图中的电感到图中的电压源的最短元件路径中，若包含起点和终点，共有几个元件？","2","number"
"qa_v6f_000514","img_0257","train__d1_autockt_-816_png.rf.65883abcb1a0b3b0d4597a1c98adc5bc","images/img_0257.jpg","path","shortest_path_intermediate_count","medium","Along the shortest component path from the capacitor in the diagram to the 1st resistor from the left, how many intermediate components must be traversed, excluding the start and end components?","从图中的电容到从左到右第1个电阻的最短元件路径中，至少要经过几个中间元件（不含起点和终点）？","1","number"
"qa_v6f_000653","img_0257","train__d1_autockt_-816_png.rf.65883abcb1a0b3b0d4597a1c98adc5bc","images/img_0257.jpg","path","shortest_path_intermediate_count","medium","Along the shortest component path from the 1st resistor from the left to the 2nd resistor from the left, how many intermediate components must be traversed, excluding the start and end components?","从从左到右第1个电阻到从左到右第2个电阻的最短元件路径中，至少要经过几个中间元件（不含起点和终点）？","0","number"
"qa_v6f_000711","img_0257","train__d1_autockt_-816_png.rf.65883abcb1a0b3b0d4597a1c98adc5bc","images/img_0257.jpg","path","shortest_path_component_count","medium","Along the shortest component path from the capacitor in the diagram to the inductor in the diagram, how many components are included when both the start and end components are counted?","从图中的电容到图中的电感的最短元件路径中，若包含起点和终点，共有几个元件？","2","number"
"qa_v6f_000728","img_0257","train__d1_autockt_-816_png.rf.65883abcb1a0b3b0d4597a1c98adc5bc","images/img_0257.jpg","path","shortest_path_component_count","medium","Along the shortest component path from the capacitor in the diagram to the 2nd resistor from the left, how many components are included when both the start and end components are counted?","从图中的电容到从左到右第2个电阻的最短元件路径中，若包含起点和终点，共有几个元件？","2","number"
"qa_v6f_000620","img_0362","train__d1_autockt_-818_png.rf.6df695baa9588091f0154afa045d4cb5","images/img_0362.jpg","path","shortest_path_intermediate_count","medium","Along the shortest component path from the 1st voltage source from the left to the 1st resistor from the left, how many intermediate components must be traversed, excluding the start and end components?","从从左到右第1个电压源到从左到右第1个电阻的最短元件路径中，至少要经过几个中间元件（不含起点和终点）？","0","number"
"qa_v6f_001113","img_0362","train__d1_autockt_-818_png.rf.6df695baa9588091f0154afa045d4cb5","images/img_0362.jpg","path","shortest_path_component_count","medium","Along the shortest component path from the 2nd voltage source from the left to the 1st resistor from the left, how many components are included when both the start and end components are counted?","从从左到右第2个电压源到从左到右第1个电阻的最短元件路径中，若包含起点和终点，共有几个元件？","3","number"
"qa_v6f_000243","img_0163","train__d1_autockt_-820_png.rf.2746b078dea2b8690dfec7c2604586cc","images/img_0163.jpg","path","shortest_path_component_count","medium","Along the shortest component path from the voltage source in the diagram to the 1st resistor from the top, how many components are included when both the start and end components are counted?","从图中的电压源到从上到下第1个电阻的最短元件路径中，若包含起点和终点，共有几个元件？","2","number"
"qa_v6f_000932","img_0163","train__d1_autockt_-820_png.rf.2746b078dea2b8690dfec7c2604586cc","images/img_0163.jpg","path","shortest_path_intermediate_count","medium","Along the shortest component path from the 2nd inductor from the left to the voltage source in the diagram, how many intermediate components must be traversed, excluding the start and end components?","从从左到右第2个电感到图中的电压源的最短元件路径中，至少要经过几个中间元件（不含起点和终点）？","1","number"
"qa_v6f_002274","img_0163","train__d1_autockt_-820_png.rf.2746b078dea2b8690dfec7c2604586cc","images/img_0163.jpg","path","shortest_path_intermediate_count","medium","Along the shortest component path from the 2nd inductor from the left to the 1st resistor from the top, how many intermediate components must be traversed, excluding the start and end components?","从从左到右第2个电感到从上到下第1个电阻的最短元件路径中，至少要经过几个中间元件（不含起点和终点）？","0","number"
"qa_v6f_000308","img_0043","train__d1_autockt_-821_png.rf.a9943b5f6db9b7e335ff2004201a4396","images/img_0043.jpg","path","shortest_path_intermediate_count","medium","Along the shortest component path from the 1st resistor from the left to the 3rd resistor from the left, how many intermediate components must be traversed, excluding the start and end components?","从从左到右第1个电阻到从左到右第3个电阻的最短元件路径中，至少要经过几个中间元件（不含起点和终点）？","2","number"
"qa_v6f_000811","img_0043","train__d1_autockt_-821_png.rf.a9943b5f6db9b7e335ff2004201a4396","images/img_0043.jpg","path","shortest_path_intermediate_count","medium","Along the shortest component path from the 3rd resistor from the left to the current source in the diagram, how many intermediate components must be traversed, excluding the start and end components?","从从左到右第3个电阻到图中的电流源的最短元件路径中，至少要经过几个中间元件（不含起点和终点）？","1","number"
"qa_v6f_000866","img_0043","train__d1_autockt_-821_png.rf.a9943b5f6db9b7e335ff2004201a4396","images/img_0043.jpg","path","shortest_path_component_count","medium","Along the shortest component path from the 1st resistor from the left to the 3rd resistor from the left, how many components are included when both the start and end components are counted?","从从左到右第1个电阻到从左到右第3个电阻的最短元件路径中，若包含起点和终点，共有几个元件？","4","number"
"qa_v6f_001901","img_0043","train__d1_autockt_-821_png.rf.a9943b5f6db9b7e335ff2004201a4396","images/img_0043.jpg","path","shortest_path_component_count","medium","Along the shortest component path from the 2nd inductor from the left to the 2nd resistor from the left, how many components are included when both the start and end components are counted?","从从左到右第2个电感到从左到右第2个电阻的最短元件路径中，若包含起点和终点，共有几个元件？","3","number"
"qa_v6f_001249","img_0008","train__d1_autockt_-826_png.rf.48e4ad06a7bb8b9e4f4f5df222b0b8e9","images/img_0008.jpg","path","shortest_path_component_count","medium","Along the shortest component path from the inductor in the diagram to the capacitor in the diagram, how many components are included when both the start and end components are counted?","从图中的电感到图中的电容的最短元件路径中，若包含起点和终点，共有几个元件？","2","number"
"qa_v6f_001773","img_0008","train__d1_autockt_-826_png.rf.48e4ad06a7bb8b9e4f4f5df222b0b8e9","images/img_0008.jpg","path","shortest_path_intermediate_count","medium","Along the shortest component path from the 2nd resistor from the left to the capacitor in the diagram, how many intermediate components must be traversed, excluding the start and end components?","从从左到右第2个电阻到图中的电容的最短元件路径中，至少要经过几个中间元件（不含起点和终点）？","1","number"
"qa_v6f_000409","img_0142","train__d1_autockt_-829_png.rf.2433532a03128f43eb7e754e76be7e89","images/img_0142.jpg","path","shortest_path_component_count","medium","Along the shortest component path from the voltage source in the diagram to the 3rd resistor from the top, how many components are included when both the start and end components are counted?","从图中的电压源到从上到下第3个电阻的最短元件路径中，若包含起点和终点，共有几个元件？","2","number"
"qa_v6f_001013","img_0142","train__d1_autockt_-829_png.rf.2433532a03128f43eb7e754e76be7e89","images/img_0142.jpg","path","shortest_path_intermediate_count","medium","Along the shortest component path from the voltage source in the diagram to the 3rd resistor from the top, how many intermediate components must be traversed, excluding the start and end components?","从图中的电压源到从上到下第3个电阻的最短元件路径中，至少要经过几个中间元件（不含起点和终点）？","0","number"
"qa_v6f_001245","img_0142","train__d1_autockt_-829_png.rf.2433532a03128f43eb7e754e76be7e89","images/img_0142.jpg","path","shortest_path_intermediate_count","medium","Along the shortest component path from the inductor in the diagram to the 2nd resistor from the top, how many intermediate components must be traversed, excluding the start and end components?","从图中的电感到从上到下第2个电阻的最短元件路径中，至少要经过几个中间元件（不含起点和终点）？","0","number"
"qa_v6f_000105","img_0071","train__d1_autockt_-830_png.rf.876765a68c49381a43d740fc35817270","images/img_0071.jpg","path","shortest_path_component_count","medium","Along the shortest component path from the 2nd resistor from the left to the 1st current source from the left, how many components are included when both the start and end components are counted?","从从左到右第2个电阻到从左到右第1个电流源的最短元件路径中，若包含起点和终点，共有几个元件？","2","number"
"qa_v6f_001035","img_0337","train__d1_autockt_-832_png.rf.c8f4b6dc741c4899208cfc42d3afef3f","images/img_0337.jpg","path","shortest_path_component_count","medium","Along the shortest component path from the capacitor in the diagram to the 1st resistor from the top, how many components are included when both the start and end components are counted?","从图中的电容到从上到下第1个电阻的最短元件路径中，若包含起点和终点，共有几个元件？","2","number"
"qa_v6f_000230","img_0131","train__d1_autockt_-834_png.rf.b379d6089cfe9c1d594d838e500ae41e","images/img_0131.jpg","path","shortest_path_component_count","medium","Along the shortest component path from the 1st inductor from the top to the 2nd resistor from the left, how many components are included when both the start and end components are counted?","从从上到下第1个电感到从左到右第2个电阻的最短元件路径中，若包含起点和终点，共有几个元件？","3","number"
"qa_v6f_001133","img_0131","train__d1_autockt_-834_png.rf.b379d6089cfe9c1d594d838e500ae41e","images/img_0131.jpg","path","shortest_path_intermediate_count","medium","Along the shortest component path from the 1st inductor from the top to the 3rd resistor from the left, how many intermediate components must be traversed, excluding the start and end components?","从从上到下第1个电感到从左到右第3个电阻的最短元件路径中，至少要经过几个中间元件（不含起点和终点）？","0","number"
"qa_v6f_000349","img_0273","train__d1_autockt_-835_png.rf.a5298355b545bf5ccbe565d5194781f0","images/img_0273.jpg","path","shortest_path_component_count","medium","Along the shortest component path from the voltage source in the diagram to the 3rd resistor from the top, how many components are included when both the start and end components are counted?","从图中的电压源到从上到下第3个电阻的最短元件路径中，若包含起点和终点，共有几个元件？","2","number"
"qa_v6f_001073","img_0273","train__d1_autockt_-835_png.rf.a5298355b545bf5ccbe565d5194781f0","images/img_0273.jpg","path","shortest_path_intermediate_count","medium","Along the shortest component path from the voltage source in the diagram to the 1st resistor from the top, how many intermediate components must be traversed, excluding the start and end components?","从图中的电压源到从上到下第1个电阻的最短元件路径中，至少要经过几个中间元件（不含起点和终点）？","1","number"
"qa_v6f_000672","img_0389","train__d1_autockt_-836_png.rf.7059a9037b7d4d4617dca36668d57cc0","images/img_0389.jpg","path","shortest_path_intermediate_count","medium","Along the shortest component path from the capacitor in the diagram to the 2nd current source from the left, how many intermediate components must be traversed, excluding the start and end components?","从图中的电容到从左到右第2个电流源的最短元件路径中，至少要经过几个中间元件（不含起点和终点）？","0","number"
"qa_v6f_000940","img_0389","train__d1_autockt_-836_png.rf.7059a9037b7d4d4617dca36668d57cc0","images/img_0389.jpg","path","shortest_path_component_count","medium","Along the shortest component path from the 1st resistor from the left to the 2nd current source from the left, how many components are included when both the start and end components are counted?","从从左到右第1个电阻到从左到右第2个电流源的最短元件路径中，若包含起点和终点，共有几个元件？","2","number"
"qa_v6f_001362","img_0030","train__d1_autockt_-841_png.rf.63f6e8235384ff37f188cc92baf5112c","images/img_0030.jpg","path","shortest_path_intermediate_count","medium","Along the shortest component path from the voltage source in the diagram to the 1st resistor from the top, how many intermediate components must be traversed, excluding the start and end components?","从图中的电压源到从上到下第1个电阻的最短元件路径中，至少要经过几个中间元件（不含起点和终点）？","0","number"
"qa_v6f_001813","img_0030","train__d1_autockt_-841_png.rf.63f6e8235384ff37f188cc92baf5112c","images/img_0030.jpg","path","shortest_path_component_count","medium","Along the shortest component path from the 3rd resistor from the top to the 1st inductor from the left, how many components are included when both the start and end components are counted?","从从上到下第3个电阻到从左到右第1个电感的最短元件路径中，若包含起点和终点，共有几个元件？","2","number"
"qa_v6f_000518","img_0237","train__d1_autockt_-845_png.rf.00bd41a063ef06524f47a8a4f9d3bcee","images/img_0237.jpg","path","shortest_path_component_count","medium","Along the shortest component path from the 3rd resistor from the left to the 2nd resistor from the left, how many components are included when both the start and end components are counted?","从从左到右第3个电阻到从左到右第2个电阻的最短元件路径中，若包含起点和终点，共有几个元件？","4","number"
"qa_v6f_001142","img_0237","train__d1_autockt_-845_png.rf.00bd41a063ef06524f47a8a4f9d3bcee","images/img_0237.jpg","path","shortest_path_intermediate_count","medium","Along the shortest component path from the voltage source in the diagram to the 3rd resistor from the left, how many intermediate components must be traversed, excluding the start and end components?","从图中的电压源到从左到右第3个电阻的最短元件路径中，至少要经过几个中间元件（不含起点和终点）？","0","number"
"qa_v6f_001921","img_0237","train__d1_autockt_-845_png.rf.00bd41a063ef06524f47a8a4f9d3bcee","images/img_0237.jpg","path","shortest_path_component_count","medium","Along the shortest component path from the voltage source in the diagram to the 3rd resistor from the left, how many components are included when both the start and end components are counted?","从图中的电压源到从左到右第3个电阻的最短元件路径中，若包含起点和终点，共有几个元件？","2","number"
"qa_v6f_000882","img_0352","train__d1_autockt_-846_png.rf.22de33bc0266d24f2b31f99860c08ccb","images/img_0352.jpg","path","shortest_path_intermediate_count","medium","Along the shortest component path from the inductor in the diagram to the current source in the diagram, how many intermediate components must be traversed, excluding the start and end components?","从图中的电感到图中的电流源的最短元件路径中，至少要经过几个中间元件（不含起点和终点）？","0","number"
"qa_v6f_001593","img_0352","train__d1_autockt_-846_png.rf.22de33bc0266d24f2b31f99860c08ccb","images/img_0352.jpg","path","shortest_path_component_count","medium","Along the shortest component path from the inductor in the diagram to the current source in the diagram, how many components are included when both the start and end components are counted?","从图中的电感到图中的电流源的最短元件路径中，若包含起点和终点，共有几个元件？","2","number"
"qa_v6f_000200","img_0170","train__d1_autockt_-851_png.rf.1422925ba23e58ca2a03216f08ec8a72","images/img_0170.jpg","path","shortest_path_component_count","medium","Along the shortest component path from the 3rd resistor from the left to the current source in the diagram, how many components are included when both the start and end components are counted?","从从左到右第3个电阻到图中的电流源的最短元件路径中，若包含起点和终点，共有几个元件？","2","number"
"qa_v6f_001115","img_0129","train__d1_autockt_-853_png.rf.5f6d90c55c70ffa096192c752ecb20e7","images/img_0129.jpg","path","shortest_path_intermediate_count","medium","Along the shortest component path from the inductor in the diagram to the capacitor in the diagram, how many intermediate components must be traversed, excluding the start and end components?","从图中的电感到图中的电容的最短元件路径中，至少要经过几个中间元件（不含起点和终点）？","0","number"
"qa_v6f_001325","img_0129","train__d1_autockt_-853_png.rf.5f6d90c55c70ffa096192c752ecb20e7","images/img_0129.jpg","path","shortest_path_component_count","medium","Along the shortest component path from the inductor in the diagram to the 1st resistor from the left, how many components are included when both the start and end components are counted?","从图中的电感到从左到右第1个电阻的最短元件路径中，若包含起点和终点，共有几个元件？","2","number"
"qa_v6f_001954","img_0022","train__d1_autockt_-855_png.rf.8145abcba654cb2bf2c40816bd89c87e","images/img_0022.jpg","path","shortest_path_component_count","medium","Along the shortest component path from the inductor in the diagram to the capacitor in the diagram, how many components are included when both the start and end components are counted?","从图中的电感到图中的电容的最短元件路径中，若包含起点和终点，共有几个元件？","2","number"
"qa_v6f_000773","img_0010","train__d1_autockt_-857_png.rf.a1cd422dd2919848015f3565dcd17b22","images/img_0010.jpg","path","shortest_path_intermediate_count","medium","Along the shortest component path from the 1st inductor from the left to the 2nd inductor from the left, how many intermediate components must be traversed, excluding the start and end components?","从从左到右第1个电感到从左到右第2个电感的最短元件路径中，至少要经过几个中间元件（不含起点和终点）？","0","number"
"qa_v6f_000825","img_0010","train__d1_autockt_-857_png.rf.a1cd422dd2919848015f3565dcd17b22","images/img_0010.jpg","path","shortest_path_component_count","medium","Along the shortest component path from the 1st resistor from the top to the current source in the diagram, how many components are included when both the start and end components are counted?","从从上到下第1个电阻到图中的电流源的最短元件路径中，若包含起点和终点，共有几个元件？","2","number"
"qa_v6f_000177","img_0319","train__d1_autockt_-85_png.rf.d34193a0af1a30f99baaba306240bce7","images/img_0319.jpg","path","shortest_path_component_count","medium","Along the shortest component path from the inductor in the diagram to the 2nd resistor from the left, how many components are included when both the start and end components are counted?","从图中的电感到从左到右第2个电阻的最短元件路径中，若包含起点和终点，共有几个元件？","2","number"
"qa_v6f_000833","img_0319","train__d1_autockt_-85_png.rf.d34193a0af1a30f99baaba306240bce7","images/img_0319.jpg","path","shortest_path_intermediate_count","medium","Along the shortest component path from the inductor in the diagram to the 2nd resistor from the left, how many intermediate components must be traversed, excluding the start and end components?","从图中的电感到从左到右第2个电阻的最短元件路径中，至少要经过几个中间元件（不含起点和终点）？","0","number"
"qa_v6f_002021","img_0319","train__d1_autockt_-85_png.rf.d34193a0af1a30f99baaba306240bce7","images/img_0319.jpg","path","shortest_path_intermediate_count","medium","Along the shortest component path from the inductor in the diagram to the 1st resistor from the left, how many intermediate components must be traversed, excluding the start and end components?","从图中的电感到从左到右第1个电阻的最短元件路径中，至少要经过几个中间元件（不含起点和终点）？","1","number"
"qa_v6f_000513","img_0372","train__d1_autockt_-861_png.rf.c1e76718b8b739d30c9888b1ad90a318","images/img_0372.jpg","path","shortest_path_intermediate_count","medium","Along the shortest component path from the inductor in the diagram to the current source in the diagram, how many intermediate components must be traversed, excluding the start and end components?","从图中的电感到图中的电流源的最短元件路径中，至少要经过几个中间元件（不含起点和终点）？","0","number"
"qa_v6f_001383","img_0372","train__d1_autockt_-861_png.rf.c1e76718b8b739d30c9888b1ad90a318","images/img_0372.jpg","path","shortest_path_component_count","medium","Along the shortest component path from the inductor in the diagram to the current source in the diagram, how many components are included when both the start and end components are counted?","从图中的电感到图中的电流源的最短元件路径中，若包含起点和终点，共有几个元件？","2","number"
"qa_v6f_000889","img_0231","train__d1_autockt_-862_png.rf.c0547c3a6fd9c2c7adcc60e53dc1fdf3","images/img_0231.jpg","path","shortest_path_intermediate_count","medium","Along the shortest component path from the 1st inductor from the left to the 2nd resistor from the left, how many intermediate components must be traversed, excluding the start and end components?","从从左到右第1个电感到从左到右第2个电阻的最短元件路径中，至少要经过几个中间元件（不含起点和终点）？","1","number"
"qa_v6f_001662","img_0231","train__d1_autockt_-862_png.rf.c0547c3a6fd9c2c7adcc60e53dc1fdf3","images/img_0231.jpg","path","shortest_path_intermediate_count","medium","Along the shortest component path from the capacitor in the diagram to the 1st inductor from the left, how many intermediate components must be traversed, excluding the start and end components?","从图中的电容到从左到右第1个电感的最短元件路径中，至少要经过几个中间元件（不含起点和终点）？","0","number"
"qa_v6f_001796","img_0231","train__d1_autockt_-862_png.rf.c0547c3a6fd9c2c7adcc60e53dc1fdf3","images/img_0231.jpg","path","shortest_path_component_count","medium","Along the shortest component path from the voltage source in the diagram to the 1st inductor from the left, how many components are included when both the start and end components are counted?","从图中的电压源到从左到右第1个电感的最短元件路径中，若包含起点和终点，共有几个元件？","4","number"
"qa_v6f_002217","img_0231","train__d1_autockt_-862_png.rf.c0547c3a6fd9c2c7adcc60e53dc1fdf3","images/img_0231.jpg","path","shortest_path_component_count","medium","Along the shortest component path from the 1st inductor from the left to the 2nd resistor from the left, how many components are included when both the start and end components are counted?","从从左到右第1个电感到从左到右第2个电阻的最短元件路径中，若包含起点和终点，共有几个元件？","3","number"
"qa_v6f_000344","img_0097","train__d1_autockt_-863_png.rf.07e12c97f2b1876fba302e77b173837d","images/img_0097.jpg","path","shortest_path_component_count","medium","Along the shortest component path from the inductor in the diagram to the 2nd voltage source from the left, how many components are included when both the start and end components are counted?","从图中的电感到从左到右第2个电压源的最短元件路径中，若包含起点和终点，共有几个元件？","3","number"
"qa_v6f_001657","img_0097","train__d1_autockt_-863_png.rf.07e12c97f2b1876fba302e77b173837d","images/img_0097.jpg","path","shortest_path_intermediate_count","medium","Along the shortest component path from the 2nd voltage source from the left to the 2nd resistor from the left, how many intermediate components must be traversed, excluding the start and end components?","从从左到右第2个电压源到从左到右第2个电阻的最短元件路径中，至少要经过几个中间元件（不含起点和终点）？","0","number"
"qa_v6f_000729","img_0150","train__d1_autockt_-868_png.rf.d286773cf7c2f3db2196d087de698d8c","images/img_0150.jpg","path","shortest_path_intermediate_count","medium","Along the shortest component path from the 1st inductor from the left to the 1st resistor from the left, how many intermediate components must be traversed, excluding the start and end components?","从从左到右第1个电感到从左到右第1个电阻的最短元件路径中，至少要经过几个中间元件（不含起点和终点）？","0","number"
"qa_v6f_000933","img_0150","train__d1_autockt_-868_png.rf.d286773cf7c2f3db2196d087de698d8c","images/img_0150.jpg","path","shortest_path_component_count","medium","Along the shortest component path from the 1st inductor from the left to the 1st resistor from the left, how many components are included when both the start and end components are counted?","从从左到右第1个电感到从左到右第1个电阻的最短元件路径中，若包含起点和终点，共有几个元件？","2","number"
"qa_v6f_000493","img_0328","train__d1_autockt_-877_png.rf.79b40f3c920a924cbae967050e9998d2","images/img_0328.jpg","path","shortest_path_component_count","medium","Along the shortest component path from the 2nd inductor from the top to the 2nd current source from the left, how many components are included when both the start and end components are counted?","从从上到下第2个电感到从左到右第2个电流源的最短元件路径中，若包含起点和终点，共有几个元件？","2","number"
"qa_v6f_000776","img_0328","train__d1_autockt_-877_png.rf.79b40f3c920a924cbae967050e9998d2","images/img_0328.jpg","path","shortest_path_component_count","medium","Along the shortest component path from the 1st inductor from the top to the 3rd resistor from the left, how many components are included when both the start and end components are counted?","从从上到下第1个电感到从左到右第3个电阻的最短元件路径中，若包含起点和终点，共有几个元件？","2","number"
"qa_v6f_001825","img_0328","train__d1_autockt_-877_png.rf.79b40f3c920a924cbae967050e9998d2","images/img_0328.jpg","path","shortest_path_intermediate_count","medium","Along the shortest component path from the 2nd inductor from the top to the 2nd current source from the left, how many intermediate components must be traversed, excluding the start and end components?","从从上到下第2个电感到从左到右第2个电流源的最短元件路径中，至少要经过几个中间元件（不含起点和终点）？","0","number"
"qa_v6f_001865","img_0328","train__d1_autockt_-877_png.rf.79b40f3c920a924cbae967050e9998d2","images/img_0328.jpg","path","shortest_path_intermediate_count","medium","Along the shortest component path from the 4th resistor from the left to the 1st current source from the left, how many intermediate components must be traversed, excluding the start and end components?","从从左到右第4个电阻到从左到右第1个电流源的最短元件路径中，至少要经过几个中间元件（不含起点和终点）？","2","number"
"qa_v6f_000159","img_0114","train__d1_autockt_-878_png.rf.2097b2abb97773d6a4dbcb8915acf7de","images/img_0114.jpg","path","shortest_path_intermediate_count","medium","Along the shortest component path from the inductor in the diagram to the 1st capacitor from the top, how many intermediate components must be traversed, excluding the start and end components?","从图中的电感到从上到下第1个电容的最短元件路径中，至少要经过几个中间元件（不含起点和终点）？","0","number"
"qa_v6f_000291","img_0114","train__d1_autockt_-878_png.rf.2097b2abb97773d6a4dbcb8915acf7de","images/img_0114.jpg","path","shortest_path_component_count","medium","Along the shortest component path from the 1st capacitor from the top to the 1st resistor from the left, how many components are included when both the start and end components are counted?","从从上到下第1个电容到从左到右第1个电阻的最短元件路径中，若包含起点和终点，共有几个元件？","4","number"
"qa_v6f_001132","img_0114","train__d1_autockt_-878_png.rf.2097b2abb97773d6a4dbcb8915acf7de","images/img_0114.jpg","path","shortest_path_component_count","medium","Along the shortest component path from the 2nd capacitor from the top to the 1st capacitor from the top, how many components are included when both the start and end components are counted?","从从上到下第2个电容到从上到下第1个电容的最短元件路径中，若包含起点和终点，共有几个元件？","3","number"
"qa_v6f_001607","img_0114","train__d1_autockt_-878_png.rf.2097b2abb97773d6a4dbcb8915acf7de","images/img_0114.jpg","path","shortest_path_intermediate_count","medium","Along the shortest component path from the 1st capacitor from the top to the 2nd resistor from the left, how many intermediate components must be traversed, excluding the start and end components?","从从上到下第1个电容到从左到右第2个电阻的最短元件路径中，至少要经过几个中间元件（不含起点和终点）？","0","number"
"qa_v6f_001785","img_0277","train__d1_autockt_-879_png.rf.ad00aef03e77aa93a6057f66a21c99b8","images/img_0277.jpg","path","shortest_path_component_count","medium","Along the shortest component path from the capacitor in the diagram to the 3rd resistor from the left, how many components are included when both the start and end components are counted?","从图中的电容到从左到右第3个电阻的最短元件路径中，若包含起点和终点，共有几个元件？","2","number"
"qa_v6f_000025","img_0035","train__d1_autockt_-880_png.rf.697bb05b13c895579d80d6d89f2ec830","images/img_0035.jpg","path","shortest_path_component_count","medium","Along the shortest component path from the 2nd voltage source from the left to the 3rd voltage source from the left, how many components are included when both the start and end components are counted?","从从左到右第2个电压源到从左到右第3个电压源的最短元件路径中，若包含起点和终点，共有几个元件？","5","number"
"qa_v6f_000415","img_0035","train__d1_autockt_-880_png.rf.697bb05b13c895579d80d6d89f2ec830","images/img_0035.jpg","path","shortest_path_intermediate_count","medium","Along the shortest component path from the 2nd voltage source from the left to the 3rd voltage source from the left, how many intermediate components must be traversed, excluding the start and end components?","从从左到右第2个电压源到从左到右第3个电压源的最短元件路径中，至少要经过几个中间元件（不含起点和终点）？","3","number"
"qa_v6f_001275","img_0035","train__d1_autockt_-880_png.rf.697bb05b13c895579d80d6d89f2ec830","images/img_0035.jpg","path","shortest_path_intermediate_count","medium","Along the shortest component path from the 2nd voltage source from the left to the 2nd resistor from the left, how many intermediate components must be traversed, excluding the start and end components?","从从左到右第2个电压源到从左到右第2个电阻的最短元件路径中，至少要经过几个中间元件（不含起点和终点）？","0","number"
"qa_v6f_001639","img_0348","train__d1_autockt_-882_png.rf.45f4be72c81763ba7f289ae276c1458d","images/img_0348.jpg","path","shortest_path_component_count","medium","Along the shortest component path from the inductor in the diagram to the 2nd capacitor from the left, how many components are included when both the start and end components are counted?","从图中的电感到从左到右第2个电容的最短元件路径中，若包含起点和终点，共有几个元件？","2","number"
"qa_v6f_001863","img_0348","train__d1_autockt_-882_png.rf.45f4be72c81763ba7f289ae276c1458d","images/img_0348.jpg","path","shortest_path_intermediate_count","medium","Along the shortest component path from the inductor in the diagram to the 1st capacitor from the left, how many intermediate components must be traversed, excluding the start and end components?","从图中的电感到从左到右第1个电容的最短元件路径中，至少要经过几个中间元件（不含起点和终点）？","0","number"
"qa_v6f_001909","img_0348","train__d1_autockt_-882_png.rf.45f4be72c81763ba7f289ae276c1458d","images/img_0348.jpg","path","shortest_path_intermediate_count","medium","Along the shortest component path from the inductor in the diagram to the 2nd capacitor from the left, how many intermediate components must be traversed, excluding the start and end components?","从图中的电感到从左到右第2个电容的最短元件路径中，至少要经过几个中间元件（不含起点和终点）？","0","number"
"qa_v6f_000171","img_0375","train__d1_autockt_-886_png.rf.c2340d13921435e305a1fb6884151ec0","images/img_0375.jpg","path","shortest_path_component_count","medium","Along the shortest component path from the 2nd resistor from the top to the 3rd resistor from the top, how many components are included when both the start and end components are counted?","从从上到下第2个电阻到从上到下第3个电阻的最短元件路径中，若包含起点和终点，共有几个元件？","2","number"
"qa_v6f_001859","img_0375","train__d1_autockt_-886_png.rf.c2340d13921435e305a1fb6884151ec0","images/img_0375.jpg","path","shortest_path_intermediate_count","medium","Along the shortest component path from the capacitor in the diagram to the 3rd resistor from the top, how many intermediate components must be traversed, excluding the start and end components?","从图中的电容到从上到下第3个电阻的最短元件路径中，至少要经过几个中间元件（不含起点和终点）？","0","number"
"qa_v6f_000407","img_0023","train__d1_autockt_-888_png.rf.f85bacfa28bacc7e88eecad5b471639b","images/img_0023.jpg","path","shortest_path_intermediate_count","medium","Along the shortest component path from the 1st capacitor from the left to the 4th resistor from the left, how many intermediate components must be traversed, excluding the start and end components?","从从左到右第1个电容到从左到右第4个电阻的最短元件路径中，至少要经过几个中间元件（不含起点和终点）？","1","number"
"qa_v6f_001226","img_0023","train__d1_autockt_-888_png.rf.f85bacfa28bacc7e88eecad5b471639b","images/img_0023.jpg","path","shortest_path_intermediate_count","medium","Along the shortest component path from the 1st resistor from the left to the 1st port from the left, how many intermediate components must be traversed, excluding the start and end components?","从从左到右第1个电阻到从左到右第1个端口的最短元件路径中，至少要经过几个中间元件（不含起点和终点）？","0","number"
"qa_v6f_001585","img_0023","train__d1_autockt_-888_png.rf.f85bacfa28bacc7e88eecad5b471639b","images/img_0023.jpg","path","shortest_path_component_count","medium","Along the shortest component path from the inductor in the diagram to the 3rd resistor from the left, how many components are included when both the start and end components are counted?","从图中的电感到从左到右第3个电阻的最短元件路径中，若包含起点和终点，共有几个元件？","2","number"
"qa_v6f_000199","img_0189","train__d1_autockt_-88_png.rf.4a14153455cdac8c24850b6daf6f043b","images/img_0189.jpg","path","shortest_path_intermediate_count","medium","Along the shortest component path from the 2nd inductor from the left to the 1st inductor from the left, how many intermediate components must be traversed, excluding the start and end components?","从从左到右第2个电感到从左到右第1个电感的最短元件路径中，至少要经过几个中间元件（不含起点和终点）？","1","number"
"qa_v6f_000341","img_0189","train__d1_autockt_-88_png.rf.4a14153455cdac8c24850b6daf6f043b","images/img_0189.jpg","path","shortest_path_component_count","medium","Along the shortest component path from the 2nd inductor from the left to the 1st inductor from the left, how many components are included when both the start and end components are counted?","从从左到右第2个电感到从左到右第1个电感的最短元件路径中，若包含起点和终点，共有几个元件？","3","number"
"qa_v6f_001486","img_0189","train__d1_autockt_-88_png.rf.4a14153455cdac8c24850b6daf6f043b","images/img_0189.jpg","path","shortest_path_intermediate_count","medium","Along the shortest component path from the 1st inductor from the left to the current source in the diagram, how many intermediate components must be traversed, excluding the start and end components?","从从左到右第1个电感到图中的电流源的最短元件路径中，至少要经过几个中间元件（不含起点和终点）？","0","number"
"qa_v6f_002113","img_0189","train__d1_autockt_-88_png.rf.4a14153455cdac8c24850b6daf6f043b","images/img_0189.jpg","path","shortest_path_component_count","medium","Along the shortest component path from the 2nd inductor from the left to the current source in the diagram, how many components are included when both the start and end components are counted?","从从左到右第2个电感到图中的电流源的最短元件路径中，若包含起点和终点，共有几个元件？","2","number"
"qa_v6f_000247","img_0161","train__d1_autockt_-891_png.rf.96c6f0cd13f9b5e29d80a1d601861526","images/img_0161.jpg","path","shortest_path_component_count","medium","Along the shortest component path from the 1st inductor from the left to the 1st voltage source from the left, how many components are included when both the start and end components are counted?","从从左到右第1个电感到从左到右第1个电压源的最短元件路径中，若包含起点和终点，共有几个元件？","2","number"
"qa_v6f_000826","img_0161","train__d1_autockt_-891_png.rf.96c6f0cd13f9b5e29d80a1d601861526","images/img_0161.jpg","path","shortest_path_intermediate_count","medium","Along the shortest component path from the 2nd voltage source from the left to the 1st voltage source from the left, how many intermediate components must be traversed, excluding the start and end components?","从从左到右第2个电压源到从左到右第1个电压源的最短元件路径中，至少要经过几个中间元件（不含起点和终点）？","1","number"
"qa_v6f_002157","img_0249","train__d1_autockt_-896_png.rf.d315d9151be3731fa1831d8e2a25a704","images/img_0249.jpg","path","shortest_path_intermediate_count","medium","Along the shortest component path from the voltage source in the diagram to the 1st resistor from the left, how many intermediate components must be traversed, excluding the start and end components?","从图中的电压源到从左到右第1个电阻的最短元件路径中，至少要经过几个中间元件（不含起点和终点）？","2","number"
"qa_v6f_002242","img_0249","train__d1_autockt_-896_png.rf.d315d9151be3731fa1831d8e2a25a704","images/img_0249.jpg","path","shortest_path_component_count","medium","Along the shortest component path from the voltage source in the diagram to the capacitor in the diagram, how many components are included when both the start and end components are counted?","从图中的电压源到图中的电容的最短元件路径中，若包含起点和终点，共有几个元件？","2","number"
"qa_v6f_000134","img_0151","train__d1_autockt_-89_png.rf.a167c13582370017dbda64d5bb836a0e","images/img_0151.jpg","path","shortest_path_component_count","medium","Along the shortest component path from the 1st inductor from the left to the 2nd resistor from the left, how many components are included when both the start and end components are counted?","从从左到右第1个电感到从左到右第2个电阻的最短元件路径中，若包含起点和终点，共有几个元件？","2","number"
"qa_v6f_000398","img_0201","train__d1_autockt_-900_png.rf.2e61a7f45ddb9ea6cca5c80fb2b2d9c7","images/img_0201.jpg","path","shortest_path_intermediate_count","medium","Along the shortest component path from the 2nd resistor from the top to the 1st resistor from the top, how many intermediate components must be traversed, excluding the start and end components?","从从上到下第2个电阻到从上到下第1个电阻的最短元件路径中，至少要经过几个中间元件（不含起点和终点）？","1","number"
"qa_v6f_000716","img_0201","train__d1_autockt_-900_png.rf.2e61a7f45ddb9ea6cca5c80fb2b2d9c7","images/img_0201.jpg","path","shortest_path_component_count","medium","Along the shortest component path from the current source in the diagram to the 1st resistor from the top, how many components are included when both the start and end components are counted?","从图中的电流源到从上到下第1个电阻的最短元件路径中，若包含起点和终点，共有几个元件？","2","number"
"qa_v6f_001740","img_0225","train__d1_autockt_-902_png.rf.3c49a9d47ef244962c212c346d17a400","images/img_0225.jpg","path","shortest_path_intermediate_count","medium","Along the shortest component path from the 2nd inductor from the left to the current source in the diagram, how many intermediate components must be traversed, excluding the start and end components?","从从左到右第2个电感到图中的电流源的最短元件路径中，至少要经过几个中间元件（不含起点和终点）？","3","number"
"qa_v6f_001767","img_0225","train__d1_autockt_-902_png.rf.3c49a9d47ef244962c212c346d17a400","images/img_0225.jpg","path","shortest_path_intermediate_count","medium","Along the shortest component path from the 2nd inductor from the left to the 2nd resistor from the left, how many intermediate components must be traversed, excluding the start and end components?","从从左到右第2个电感到从左到右第2个电阻的最短元件路径中，至少要经过几个中间元件（不含起点和终点）？","2","number"
"qa_v6f_002244","img_0225","train__d1_autockt_-902_png.rf.3c49a9d47ef244962c212c346d17a400","images/img_0225.jpg","path","shortest_path_component_count","medium","Along the shortest component path from the 1st inductor from the left to the 2nd inductor from the left, how many components are included when both the start and end components are counted?","从从左到右第1个电感到从左到右第2个电感的最短元件路径中，若包含起点和终点，共有几个元件？","3","number"
"qa_v6f_001968","img_0005","train__d1_autockt_-904_png.rf.4e9d60c42c7b735665b856b96d1c1d34","images/img_0005.jpg","path","shortest_path_component_count","medium","Along the shortest component path from the 1st inductor from the left to the 1st resistor from the left, how many components are included when both the start and end components are counted?","从从左到右第1个电感到从左到右第1个电阻的最短元件路径中，若包含起点和终点，共有几个元件？","2","number"
"qa_v6f_000376","img_0075","train__d1_autockt_-93_png.rf.a86054b39bef4bacd6949e85337f79ba","images/img_0075.jpg","path","shortest_path_intermediate_count","medium","Along the shortest component path from the 1st resistor from the left to the 2nd capacitor from the left, how many intermediate components must be traversed, excluding the start and end components?","从从左到右第1个电阻到从左到右第2个电容的最短元件路径中，至少要经过几个中间元件（不含起点和终点）？","1","number"
"qa_v6f_000765","img_0075","train__d1_autockt_-93_png.rf.a86054b39bef4bacd6949e85337f79ba","images/img_0075.jpg","path","shortest_path_component_count","medium","Along the shortest component path from the voltage source in the diagram to the 2nd resistor from the left, how many components are included when both the start and end components are counted?","从图中的电压源到从左到右第2个电阻的最短元件路径中，若包含起点和终点，共有几个元件？","2","number"
"qa_v6f_001156","img_0075","train__d1_autockt_-93_png.rf.a86054b39bef4bacd6949e85337f79ba","images/img_0075.jpg","path","shortest_path_component_count","medium","Along the shortest component path from the 1st resistor from the left to the current source in the diagram, how many components are included when both the start and end components are counted?","从从左到右第1个电阻到图中的电流源的最短元件路径中，若包含起点和终点，共有几个元件？","4","number"
"qa_v6f_000957","img_0285","train__d1_autockt_-99_png.rf.7bb85a0b8c497dd09eb29b0acf67e334","images/img_0285.jpg","path","shortest_path_component_count","medium","Along the shortest component path from the 1st inductor from the left to the 1st resistor from the top, how many components are included when both the start and end components are counted?","从从左到右第1个电感到从上到下第1个电阻的最短元件路径中，若包含起点和终点，共有几个元件？","2","number"
"qa_v6f_000273","img_0165","train__d1_autockt_-9_png.rf.abdf78e2c66c2c794662731c3a841b82","images/img_0165.jpg","path","shortest_path_intermediate_count","medium","Along the shortest component path from the 1st inductor from the top to the capacitor in the diagram, how many intermediate components must be traversed, excluding the start and end components?","从从上到下第1个电感到图中的电容的最短元件路径中，至少要经过几个中间元件（不含起点和终点）？","4","number"
"qa_v6f_000424","img_0165","train__d1_autockt_-9_png.rf.abdf78e2c66c2c794662731c3a841b82","images/img_0165.jpg","path","shortest_path_component_count","medium","Along the shortest component path from the capacitor in the diagram to the 2nd resistor from the left, how many components are included when both the start and end components are counted?","从图中的电容到从左到右第2个电阻的最短元件路径中，若包含起点和终点，共有几个元件？","3","number"
"qa_v6f_001330","img_0165","train__d1_autockt_-9_png.rf.abdf78e2c66c2c794662731c3a841b82","images/img_0165.jpg","path","shortest_path_component_count","medium","Along the shortest component path from the 2nd inductor from the top to the capacitor in the diagram, how many components are included when both the start and end components are counted?","从从上到下第2个电感到图中的电容的最短元件路径中，若包含起点和终点，共有几个元件？","2","number"
"qa_v6f_001502","img_0173","train__d1_electrical_157_png.rf.920a32daa657bc45b646e5de542f0726","images/img_0173.jpg","path","shortest_path_component_count","medium","Along the shortest component path from the voltage source in the diagram to the capacitor in the diagram, how many components are included when both the start and end components are counted?","从图中的电压源到图中的电容的最短元件路径中，若包含起点和终点，共有几个元件？","2","number"
"qa_v6f_000299","img_0084","train__d1_electrical_158_png.rf.7cbcc5ad6c721571482985fe4e796823","images/img_0084.jpg","path","shortest_path_intermediate_count","medium","Along the shortest component path from the voltage source in the diagram to the capacitor in the diagram, how many intermediate components must be traversed, excluding the start and end components?","从图中的电压源到图中的电容的最短元件路径中，至少要经过几个中间元件（不含起点和终点）？","0","number"
"qa_v6f_001893","img_0084","train__d1_electrical_158_png.rf.7cbcc5ad6c721571482985fe4e796823","images/img_0084.jpg","path","shortest_path_component_count","medium","Along the shortest component path from the voltage source in the diagram to the capacitor in the diagram, how many components are included when both the start and end components are counted?","从图中的电压源到图中的电容的最短元件路径中，若包含起点和终点，共有几个元件？","2","number"
"qa_v6f_000149","img_0274","train__d1_electrical_169_png.rf.e1f600fd3166e29d144eb1f0f7072167","images/img_0274.jpg","path","shortest_path_intermediate_count","medium","Along the shortest component path from the capacitor in the diagram to the voltage source in the diagram, how many intermediate components must be traversed, excluding the start and end components?","从图中的电容到图中的电压源的最短元件路径中，至少要经过几个中间元件（不含起点和终点）？","0","number"
"qa_v6f_001197","img_0274","train__d1_electrical_169_png.rf.e1f600fd3166e29d144eb1f0f7072167","images/img_0274.jpg","path","shortest_path_intermediate_count","medium","Along the shortest component path from the inductor in the diagram to the voltage source in the diagram, how many intermediate components must be traversed, excluding the start and end components?","从图中的电感到图中的电压源的最短元件路径中，至少要经过几个中间元件（不含起点和终点）？","1","number"
"qa_v6f_001255","img_0274","train__d1_electrical_169_png.rf.e1f600fd3166e29d144eb1f0f7072167","images/img_0274.jpg","path","shortest_path_component_count","medium","Along the shortest component path from the capacitor in the diagram to the voltage source in the diagram, how many components are included when both the start and end components are counted?","从图中的电容到图中的电压源的最短元件路径中，若包含起点和终点，共有几个元件？","2","number"
"qa_v6f_002222","img_0036","train__d1_electrical_179_png.rf.ea935b1f261137a7894abde94a076bed","images/img_0036.jpg","path","shortest_path_component_count","medium","Along the shortest component path from the 2nd resistor from the top to the 2nd inductor from the top, how many components are included when both the start and end components are counted?","从从上到下第2个电阻到从上到下第2个电感的最短元件路径中，若包含起点和终点，共有几个元件？","2","number"
"qa_v6f_002350","img_0036","train__d1_electrical_179_png.rf.ea935b1f261137a7894abde94a076bed","images/img_0036.jpg","path","shortest_path_intermediate_count","medium","Along the shortest component path from the 2nd resistor from the top to the 1st resistor from the top, how many intermediate components must be traversed, excluding the start and end components?","从从上到下第2个电阻到从上到下第1个电阻的最短元件路径中，至少要经过几个中间元件（不含起点和终点）？","2","number"
"qa_v6f_000963","img_0371","train__d1_electrical_185_png.rf.d4502bfc4e40f98f53b4c80f0eb1e3bd","images/img_0371.jpg","path","shortest_path_intermediate_count","medium","Along the shortest component path from the 1st resistor from the top to the 2nd resistor from the top, how many intermediate components must be traversed, excluding the start and end components?","从从上到下第1个电阻到从上到下第2个电阻的最短元件路径中，至少要经过几个中间元件（不含起点和终点）？","0","number"
"qa_v6f_001258","img_0371","train__d1_electrical_185_png.rf.d4502bfc4e40f98f53b4c80f0eb1e3bd","images/img_0371.jpg","path","shortest_path_component_count","medium","Along the shortest component path from the 2nd resistor from the top to the 1st inductor from the top, how many components are included when both the start and end components are counted?","从从上到下第2个电阻到从上到下第1个电感的最短元件路径中，若包含起点和终点，共有几个元件？","3","number"
"qa_v6f_002090","img_0345","train__d1_electrical_187_png.rf.0a910c845f52ef0a6da05752f8db0937","images/img_0345.jpg","path","shortest_path_component_count","medium","Along the shortest component path from the 2nd resistor from the top to the 1st resistor from the top, how many components are included when both the start and end components are counted?","从从上到下第2个电阻到从上到下第1个电阻的最短元件路径中，若包含起点和终点，共有几个元件？","2","number"
"qa_v6f_000167","img_0050","train__d1_electrical_201_png.rf.5a1284572fe6600bc1f9cf9a434ca577","images/img_0050.jpg","path","shortest_path_component_count","medium","Along the shortest component path from the resistor in the diagram to the inductor in the diagram, how many components are included when both the start and end components are counted?","从图中的电阻到图中的电感的最短元件路径中，若包含起点和终点，共有几个元件？","2","number"
"qa_v6f_000656","img_0398","train__d1_electrical_205_png.rf.db21d2bd46187d0e2b93ae86e032a3e9","images/img_0398.jpg","path","shortest_path_component_count","medium","Along the shortest component path from the inductor in the diagram to the resistor in the diagram, how many components are included when both the start and end components are counted?","从图中的电感到图中的电阻的最短元件路径中，若包含起点和终点，共有几个元件？","2","number"
"qa_v6f_001800","img_0398","train__d1_electrical_205_png.rf.db21d2bd46187d0e2b93ae86e032a3e9","images/img_0398.jpg","path","shortest_path_intermediate_count","medium","Along the shortest component path from the inductor in the diagram to the resistor in the diagram, how many intermediate components must be traversed, excluding the start and end components?","从图中的电感到图中的电阻的最短元件路径中，至少要经过几个中间元件（不含起点和终点）？","0","number"
"qa_v6f_000727","img_0394","train__d1_electrical_208_png.rf.dc40691744cab4ce71031d2ae189aa6c","images/img_0394.jpg","path","shortest_path_component_count","medium","Along the shortest component path from the 1st port from the left to the 1st capacitor from the left, how many components are included when both the start and end components are counted?","从从左到右第1个端口到从左到右第1个电容的最短元件路径中，若包含起点和终点，共有几个元件？","2","number"
"qa_v6f_001786","img_0394","train__d1_electrical_208_png.rf.dc40691744cab4ce71031d2ae189aa6c","images/img_0394.jpg","path","shortest_path_intermediate_count","medium","Along the shortest component path from the 2nd resistor from the left to the inductor in the diagram, how many intermediate components must be traversed, excluding the start and end components?","从从左到右第2个电阻到图中的电感的最短元件路径中，至少要经过几个中间元件（不含起点和终点）？","0","number"
"qa_v6f_002062","img_0394","train__d1_electrical_208_png.rf.dc40691744cab4ce71031d2ae189aa6c","images/img_0394.jpg","path","shortest_path_intermediate_count","medium","Along the shortest component path from the 1st resistor from the left to the 1st capacitor from the left, how many intermediate components must be traversed, excluding the start and end components?","从从左到右第1个电阻到从左到右第1个电容的最短元件路径中，至少要经过几个中间元件（不含起点和终点）？","0","number"
"qa_v6f_000628","img_0058","train__d1_electrical_218_png.rf.f7b180e3c5e86f58ed057f16560004ef","images/img_0058.jpg","path","shortest_path_component_count","medium","Along the shortest component path from the 1st inductor from the left to the resistor in the diagram, how many components are included when both the start and end components are counted?","从从左到右第1个电感到图中的电阻的最短元件路径中，若包含起点和终点，共有几个元件？","2","number"
"qa_v6f_001208","img_0058","train__d1_electrical_218_png.rf.f7b180e3c5e86f58ed057f16560004ef","images/img_0058.jpg","path","shortest_path_intermediate_count","medium","Along the shortest component path from the 1st inductor from the left to the resistor in the diagram, how many intermediate components must be traversed, excluding the start and end components?","从从左到右第1个电感到图中的电阻的最短元件路径中，至少要经过几个中间元件（不含起点和终点）？","0","number"
"qa_v6f_001528","img_0058","train__d1_electrical_218_png.rf.f7b180e3c5e86f58ed057f16560004ef","images/img_0058.jpg","path","shortest_path_intermediate_count","medium","Along the shortest component path from the capacitor in the diagram to the 2nd inductor from the left, how many intermediate components must be traversed, excluding the start and end components?","从图中的电容到从左到右第2个电感的最短元件路径中，至少要经过几个中间元件（不含起点和终点）？","0","number"
"qa_v6f_000608","img_0082","train__d1_electrical_220_png.rf.257db2d526ff20448344d62ccc60f6dd","images/img_0082.jpg","path","shortest_path_component_count","medium","Along the shortest component path from the capacitor in the diagram to the 1st port from the top, how many components are included when both the start and end components are counted?","从图中的电容到从上到下第1个端口的最短元件路径中，若包含起点和终点，共有几个元件？","2","number"
"qa_v6f_000965","img_0082","train__d1_electrical_220_png.rf.257db2d526ff20448344d62ccc60f6dd","images/img_0082.jpg","path","shortest_path_intermediate_count","medium","Along the shortest component path from the capacitor in the diagram to the 2nd port from the top, how many intermediate components must be traversed, excluding the start and end components?","从图中的电容到从上到下第2个端口的最短元件路径中，至少要经过几个中间元件（不含起点和终点）？","0","number"
"qa_v6f_001057","img_0082","train__d1_electrical_220_png.rf.257db2d526ff20448344d62ccc60f6dd","images/img_0082.jpg","path","shortest_path_intermediate_count","medium","Along the shortest component path from the capacitor in the diagram to the 1st port from the top, how many intermediate components must be traversed, excluding the start and end components?","从图中的电容到从上到下第1个端口的最短元件路径中，至少要经过几个中间元件（不含起点和终点）？","0","number"
"qa_v6f_001081","img_0082","train__d1_electrical_220_png.rf.257db2d526ff20448344d62ccc60f6dd","images/img_0082.jpg","path","shortest_path_component_count","medium","Along the shortest component path from the 2nd port from the top to the 1st port from the top, how many components are included when both the start and end components are counted?","从从上到下第2个端口到从上到下第1个端口的最短元件路径中，若包含起点和终点，共有几个元件？","3","number"
"qa_v6f_002003","img_0236","train__d1_electrical_224_png.rf.dec3350e05d032460c56989d3b0d9cd6","images/img_0236.jpg","path","shortest_path_component_count","medium","Along the shortest component path from the 1st voltage source from the left to the 2nd voltage source from the left, how many components are included when both the start and end components are counted?","从从左到右第1个电压源到从左到右第2个电压源的最短元件路径中，若包含起点和终点，共有几个元件？","2","number"
"qa_v6f_002077","img_0236","train__d1_electrical_224_png.rf.dec3350e05d032460c56989d3b0d9cd6","images/img_0236.jpg","path","shortest_path_intermediate_count","medium","Along the shortest component path from the 4th resistor from the left to the 2nd resistor from the left, how many intermediate components must be traversed, excluding the start and end components?","从从左到右第4个电阻到从左到右第2个电阻的最短元件路径中，至少要经过几个中间元件（不含起点和终点）？","0","number"
"qa_v6f_002094","img_0148","train__d1_electrical_225_png.rf.9dd6829de3d7e58743ea31709153bd18","images/img_0148.jpg","path","shortest_path_intermediate_count","medium","Along the shortest component path from the 1st voltage source from the left to the 1st resistor from the left, how many intermediate components must be traversed, excluding the start and end components?","从从左到右第1个电压源到从左到右第1个电阻的最短元件路径中，至少要经过几个中间元件（不含起点和终点）？","0","number"
"qa_v6f_002384","img_0148","train__d1_electrical_225_png.rf.9dd6829de3d7e58743ea31709153bd18","images/img_0148.jpg","path","shortest_path_component_count","medium","Along the shortest component path from the 1st voltage source from the left to the 3rd resistor from the left, how many components are included when both the start and end components are counted?","从从左到右第1个电压源到从左到右第3个电阻的最短元件路径中，若包含起点和终点，共有几个元件？","3","number"
"qa_v6f_000451","img_0203","train__d1_electrical_229_png.rf.0fde3f5c0085edbd606edf821eadf688","images/img_0203.jpg","path","shortest_path_component_count","medium","Along the shortest component path from the 1st voltage source from the left to the 3rd resistor from the left, how many components are included when both the start and end components are counted?","从从左到右第1个电压源到从左到右第3个电阻的最短元件路径中，若包含起点和终点，共有几个元件？","3","number"
"qa_v6f_001280","img_0203","train__d1_electrical_229_png.rf.0fde3f5c0085edbd606edf821eadf688","images/img_0203.jpg","path","shortest_path_intermediate_count","medium","Along the shortest component path from the 1st voltage source from the left to the 2nd resistor from the left, how many intermediate components must be traversed, excluding the start and end components?","从从左到右第1个电压源到从左到右第2个电阻的最短元件路径中，至少要经过几个中间元件（不含起点和终点）？","1","number"
"qa_v6f_000814","img_0004","train__d1_electrical_241_png.rf.86e95f810d50b5748bfbb869f68f5e21","images/img_0004.jpg","path","shortest_path_component_count","medium","Along the shortest component path from the resistor in the diagram to the voltage source in the diagram, how many components are included when both the start and end components are counted?","从图中的电阻到图中的电压源的最短元件路径中，若包含起点和终点，共有几个元件？","3","number"
"qa_v6f_001484","img_0004","train__d1_electrical_241_png.rf.86e95f810d50b5748bfbb869f68f5e21","images/img_0004.jpg","path","shortest_path_intermediate_count","medium","Along the shortest component path from the capacitor in the diagram to the voltage source in the diagram, how many intermediate components must be traversed, excluding the start and end components?","从图中的电容到图中的电压源的最短元件路径中，至少要经过几个中间元件（不含起点和终点）？","2","number"
"qa_v6f_002223","img_0004","train__d1_electrical_241_png.rf.86e95f810d50b5748bfbb869f68f5e21","images/img_0004.jpg","path","shortest_path_component_count","medium","Along the shortest component path from the capacitor in the diagram to the resistor in the diagram, how many components are included when both the start and end components are counted?","从图中的电容到图中的电阻的最短元件路径中，若包含起点和终点，共有几个元件？","2","number"
"qa_v6f_000417","img_0042","train__d1_electrical_245_png.rf.069c8f82e6cbdae672e4e1261f2cb036","images/img_0042.jpg","path","shortest_path_component_count","medium","Along the shortest component path from the 1st resistor from the left to the 2nd resistor from the left, how many components are included when both the start and end components are counted?","从从左到右第1个电阻到从左到右第2个电阻的最短元件路径中，若包含起点和终点，共有几个元件？","2","number"
"qa_v6f_001569","img_0042","train__d1_electrical_245_png.rf.069c8f82e6cbdae672e4e1261f2cb036","images/img_0042.jpg","path","shortest_path_intermediate_count","medium","Along the shortest component path from the voltage source in the diagram to the 3rd resistor from the left, how many intermediate components must be traversed, excluding the start and end components?","从图中的电压源到从左到右第3个电阻的最短元件路径中，至少要经过几个中间元件（不含起点和终点）？","0","number"
"qa_v6f_000164","img_0246","val__d1_259_png.rf.d887e4776d9e61aff1ed34b682eb8c6e","images/img_0246.jpg","path","shortest_path_component_count","medium","Along the shortest component path from the 1st inductor from the left to the 2nd inductor from the left, how many components are included when both the start and end components are counted?","从从左到右第1个电感到从左到右第2个电感的最短元件路径中，若包含起点和终点，共有几个元件？","2","number"
"qa_v6f_002188","img_0246","val__d1_259_png.rf.d887e4776d9e61aff1ed34b682eb8c6e","images/img_0246.jpg","path","shortest_path_intermediate_count","medium","Along the shortest component path from the 1st inductor from the left to the 2nd resistor from the left, how many intermediate components must be traversed, excluding the start and end components?","从从左到右第1个电感到从左到右第2个电阻的最短元件路径中，至少要经过几个中间元件（不含起点和终点）？","0","number"
"qa_v6f_002198","img_0246","val__d1_259_png.rf.d887e4776d9e61aff1ed34b682eb8c6e","images/img_0246.jpg","path","shortest_path_component_count","medium","Along the shortest component path from the 1st inductor from the left to the 2nd resistor from the left, how many components are included when both the start and end components are counted?","从从左到右第1个电感到从左到右第2个电阻的最短元件路径中，若包含起点和终点，共有几个元件？","2","number"
"qa_v6f_002348","img_0246","val__d1_259_png.rf.d887e4776d9e61aff1ed34b682eb8c6e","images/img_0246.jpg","path","shortest_path_intermediate_count","medium","Along the shortest component path from the 2nd inductor from the left to the 2nd resistor from the left, how many intermediate components must be traversed, excluding the start and end components?","从从左到右第2个电感到从左到右第2个电阻的最短元件路径中，至少要经过几个中间元件（不含起点和终点）？","0","number"
"qa_v6f_000477","img_0387","val__d1_294_png.rf.4238c32fcd2fd4524f669caa791e6145","images/img_0387.jpg","path","shortest_path_component_count","medium","Along the shortest component path from the inductor in the diagram to the 2nd port from the top, how many components are included when both the start and end components are counted?","从图中的电感到从上到下第2个端口的最短元件路径中，若包含起点和终点，共有几个元件？","2","number"
"qa_v6f_000898","img_0387","val__d1_294_png.rf.4238c32fcd2fd4524f669caa791e6145","images/img_0387.jpg","path","shortest_path_intermediate_count","medium","Along the shortest component path from the inductor in the diagram to the 1st port from the top, how many intermediate components must be traversed, excluding the start and end components?","从图中的电感到从上到下第1个端口的最短元件路径中，至少要经过几个中间元件（不含起点和终点）？","0","number"
"qa_v6f_001445","img_0387","val__d1_294_png.rf.4238c32fcd2fd4524f669caa791e6145","images/img_0387.jpg","path","shortest_path_component_count","medium","Along the shortest component path from the inductor in the diagram to the 1st port from the top, how many components are included when both the start and end components are counted?","从图中的电感到从上到下第1个端口的最短元件路径中，若包含起点和终点，共有几个元件？","2","number"
"qa_v6f_001610","img_0387","val__d1_294_png.rf.4238c32fcd2fd4524f669caa791e6145","images/img_0387.jpg","path","shortest_path_intermediate_count","medium","Along the shortest component path from the 2nd port from the top to the 1st port from the top, how many intermediate components must be traversed, excluding the start and end components?","从从上到下第2个端口到从上到下第1个端口的最短元件路径中，至少要经过几个中间元件（不含起点和终点）？","1","number"
"qa_v6f_001625","img_0117","val__d1_333_png.rf.3db1d7c87d9e918cc75a609d51d6ffaf","images/img_0117.jpg","path","shortest_path_intermediate_count","medium","Along the shortest component path from the voltage source in the diagram to the capacitor in the diagram, how many intermediate components must be traversed, excluding the start and end components?","从图中的电压源到图中的电容的最短元件路径中，至少要经过几个中间元件（不含起点和终点）？","0","number"
"qa_v6f_001714","img_0117","val__d1_333_png.rf.3db1d7c87d9e918cc75a609d51d6ffaf","images/img_0117.jpg","path","shortest_path_component_count","medium","Along the shortest component path from the voltage source in the diagram to the capacitor in the diagram, how many components are included when both the start and end components are counted?","从图中的电压源到图中的电容的最短元件路径中，若包含起点和终点，共有几个元件？","2","number"
"qa_v6f_000227","img_0074","val__d1_334_png.rf.8f188470052397129524dfcdd7bf1707","images/img_0074.jpg","path","shortest_path_component_count","medium","Along the shortest component path from the capacitor in the diagram to the voltage source in the diagram, how many components are included when both the start and end components are counted?","从图中的电容到图中的电压源的最短元件路径中，若包含起点和终点，共有几个元件？","2","number"
"qa_v6f_001194","img_0074","val__d1_334_png.rf.8f188470052397129524dfcdd7bf1707","images/img_0074.jpg","path","shortest_path_intermediate_count","medium","Along the shortest component path from the capacitor in the diagram to the voltage source in the diagram, how many intermediate components must be traversed, excluding the start and end components?","从图中的电容到图中的电压源的最短元件路径中，至少要经过几个中间元件（不含起点和终点）？","0","number"
"qa_v6f_000223","img_0174","val__d1_345_png.rf.5ecb256552a59bbf96eafed841bf0ae9","images/img_0174.jpg","path","shortest_path_intermediate_count","medium","Along the shortest component path from the 2nd capacitor from the left to the 1st capacitor from the left, how many intermediate components must be traversed, excluding the start and end components?","从从左到右第2个电容到从左到右第1个电容的最短元件路径中，至少要经过几个中间元件（不含起点和终点）？","1","number"
"qa_v6f_001982","img_0174","val__d1_345_png.rf.5ecb256552a59bbf96eafed841bf0ae9","images/img_0174.jpg","path","shortest_path_component_count","medium","Along the shortest component path from the 2nd capacitor from the left to the 1st capacitor from the left, how many components are included when both the start and end components are counted?","从从左到右第2个电容到从左到右第1个电容的最短元件路径中，若包含起点和终点，共有几个元件？","3","number"
"qa_v6f_000166","img_0343","val__d1_autockt_-102_png.rf.b582d69dd5d547b4d2cd02a413301377","images/img_0343.jpg","path","shortest_path_component_count","medium","Along the shortest component path from the 2nd resistor from the left to the current source in the diagram, how many components are included when both the start and end components are counted?","从从左到右第2个电阻到图中的电流源的最短元件路径中，若包含起点和终点，共有几个元件？","2","number"
"qa_v6f_000180","img_0343","val__d1_autockt_-102_png.rf.b582d69dd5d547b4d2cd02a413301377","images/img_0343.jpg","path","shortest_path_intermediate_count","medium","Along the shortest component path from the 2nd resistor from the left to the current source in the diagram, how many intermediate components must be traversed, excluding the start and end components?","从从左到右第2个电阻到图中的电流源的最短元件路径中，至少要经过几个中间元件（不含起点和终点）？","0","number"
"qa_v6f_000276","img_0343","val__d1_autockt_-102_png.rf.b582d69dd5d547b4d2cd02a413301377","images/img_0343.jpg","path","shortest_path_intermediate_count","medium","Along the shortest component path from the voltage source in the diagram to the 2nd capacitor from the top, how many intermediate components must be traversed, excluding the start and end components?","从图中的电压源到从上到下第2个电容的最短元件路径中，至少要经过几个中间元件（不含起点和终点）？","0","number"
"qa_v6f_002236","img_0343","val__d1_autockt_-102_png.rf.b582d69dd5d547b4d2cd02a413301377","images/img_0343.jpg","path","shortest_path_component_count","medium","Along the shortest component path from the voltage source in the diagram to the 2nd capacitor from the top, how many components are included when both the start and end components are counted?","从图中的电压源到从上到下第2个电容的最短元件路径中，若包含起点和终点，共有几个元件？","2","number"
"qa_v6f_001025","img_0210","val__d1_autockt_-118_png.rf.820cb90a4ae5718cae7723c42607c4ac","images/img_0210.jpg","path","shortest_path_component_count","medium","Along the shortest component path from the 1st resistor from the left to the capacitor in the diagram, how many components are included when both the start and end components are counted?","从从左到右第1个电阻到图中的电容的最短元件路径中，若包含起点和终点，共有几个元件？","3","number"
"qa_v6f_001244","img_0210","val__d1_autockt_-118_png.rf.820cb90a4ae5718cae7723c42607c4ac","images/img_0210.jpg","path","shortest_path_intermediate_count","medium","Along the shortest component path from the voltage source in the diagram to the 1st resistor from the left, how many intermediate components must be traversed, excluding the start and end components?","从图中的电压源到从左到右第1个电阻的最短元件路径中，至少要经过几个中间元件（不含起点和终点）？","0","number"
"qa_v6f_001566","img_0210","val__d1_autockt_-118_png.rf.820cb90a4ae5718cae7723c42607c4ac","images/img_0210.jpg","path","shortest_path_intermediate_count","medium","Along the shortest component path from the 1st resistor from the left to the capacitor in the diagram, how many intermediate components must be traversed, excluding the start and end components?","从从左到右第1个电阻到图中的电容的最短元件路径中，至少要经过几个中间元件（不含起点和终点）？","1","number"
"qa_v6f_001546","img_0264","val__d1_autockt_-146_png.rf.86f68b7871f07ab4d6a1173d6d68ece9","images/img_0264.jpg","path","shortest_path_component_count","medium","Along the shortest component path from the 1st voltage source from the top to the 1st resistor from the left, how many components are included when both the start and end components are counted?","从从上到下第1个电压源到从左到右第1个电阻的最短元件路径中，若包含起点和终点，共有几个元件？","2","number"
"qa_v6f_001665","img_0264","val__d1_autockt_-146_png.rf.86f68b7871f07ab4d6a1173d6d68ece9","images/img_0264.jpg","path","shortest_path_intermediate_count","medium","Along the shortest component path from the 1st voltage source from the top to the 2nd resistor from the left, how many intermediate components must be traversed, excluding the start and end components?","从从上到下第1个电压源到从左到右第2个电阻的最短元件路径中，至少要经过几个中间元件（不含起点和终点）？","0","number"
"qa_v6f_002164","img_0264","val__d1_autockt_-146_png.rf.86f68b7871f07ab4d6a1173d6d68ece9","images/img_0264.jpg","path","shortest_path_intermediate_count","medium","Along the shortest component path from the 2nd voltage source from the top to the 2nd resistor from the left, how many intermediate components must be traversed, excluding the start and end components?","从从上到下第2个电压源到从左到右第2个电阻的最短元件路径中，至少要经过几个中间元件（不含起点和终点）？","0","number"
"qa_v6f_001301","img_0390","val__d1_autockt_-182_png.rf.112023098b4ed3cf6e317678d997359f","images/img_0390.jpg","path","shortest_path_component_count","medium","Along the shortest component path from the 2nd capacitor from the left to the 2nd current source from the left, how many components are included when both the start and end components are counted?","从从左到右第2个电容到从左到右第2个电流源的最短元件路径中，若包含起点和终点，共有几个元件？","2","number"
"qa_v6f_000546","img_0235","val__d1_autockt_-184_png.rf.74d7b83f0cc90b544ed899c8f631c8e9","images/img_0235.jpg","path","shortest_path_intermediate_count","medium","Along the shortest component path from the inductor in the diagram to the 1st resistor from the left, how many intermediate components must be traversed, excluding the start and end components?","从图中的电感到从左到右第1个电阻的最短元件路径中，至少要经过几个中间元件（不含起点和终点）？","0","number"
"qa_v6f_000583","img_0235","val__d1_autockt_-184_png.rf.74d7b83f0cc90b544ed899c8f631c8e9","images/img_0235.jpg","path","shortest_path_intermediate_count","medium","Along the shortest component path from the 2nd voltage source from the left to the inductor in the diagram, how many intermediate components must be traversed, excluding the start and end components?","从从左到右第2个电压源到图中的电感的最短元件路径中，至少要经过几个中间元件（不含起点和终点）？","0","number"
"qa_v6f_000591","img_0235","val__d1_autockt_-184_png.rf.74d7b83f0cc90b544ed899c8f631c8e9","images/img_0235.jpg","path","shortest_path_component_count","medium","Along the shortest component path from the 1st voltage source from the left to the inductor in the diagram, how many components are included when both the start and end components are counted?","从从左到右第1个电压源到图中的电感的最短元件路径中，若包含起点和终点，共有几个元件？","3","number"
"qa_v6f_000979","img_0197","val__d1_autockt_-199_png.rf.478432346fa1f8695a53b744e8066535","images/img_0197.jpg","path","shortest_path_component_count","medium","Along the shortest component path from the 1st inductor from the left to the 1st resistor from the left, how many components are included when both the start and end components are counted?","从从左到右第1个电感到从左到右第1个电阻的最短元件路径中，若包含起点和终点，共有几个元件？","2","number"
"qa_v6f_001000","img_0197","val__d1_autockt_-199_png.rf.478432346fa1f8695a53b744e8066535","images/img_0197.jpg","path","shortest_path_intermediate_count","medium","Along the shortest component path from the 2nd inductor from the left to the 1st resistor from the left, how many intermediate components must be traversed, excluding the start and end components?","从从左到右第2个电感到从左到右第1个电阻的最短元件路径中，至少要经过几个中间元件（不含起点和终点）？","0","number"
"qa_v6f_001906","img_0197","val__d1_autockt_-199_png.rf.478432346fa1f8695a53b744e8066535","images/img_0197.jpg","path","shortest_path_intermediate_count","medium","Along the shortest component path from the 2nd inductor from the left to the 3rd resistor from the left, how many intermediate components must be traversed, excluding the start and end components?","从从左到右第2个电感到从左到右第3个电阻的最短元件路径中，至少要经过几个中间元件（不含起点和终点）？","0","number"
"qa_v6f_000723","img_0303","val__d1_autockt_-327_png.rf.52d2c0e9bdabc27ff298b2f0c751e4b3","images/img_0303.jpg","path","shortest_path_intermediate_count","medium","Along the shortest component path from the inductor in the diagram to the 2nd current source from the left, how many intermediate components must be traversed, excluding the start and end components?","从图中的电感到从左到右第2个电流源的最短元件路径中，至少要经过几个中间元件（不含起点和终点）？","0","number"
"qa_v6f_001168","img_0303","val__d1_autockt_-327_png.rf.52d2c0e9bdabc27ff298b2f0c751e4b3","images/img_0303.jpg","path","shortest_path_intermediate_count","medium","Along the shortest component path from the 1st resistor from the left to the 2nd resistor from the left, how many intermediate components must be traversed, excluding the start and end components?","从从左到右第1个电阻到从左到右第2个电阻的最短元件路径中，至少要经过几个中间元件（不含起点和终点）？","0","number"
"qa_v6f_002060","img_0303","val__d1_autockt_-327_png.rf.52d2c0e9bdabc27ff298b2f0c751e4b3","images/img_0303.jpg","path","shortest_path_component_count","medium","Along the shortest component path from the inductor in the diagram to the 2nd current source from the left, how many components are included when both the start and end components are counted?","从图中的电感到从左到右第2个电流源的最短元件路径中，若包含起点和终点，共有几个元件？","2","number"
"qa_v6f_002226","img_0303","val__d1_autockt_-327_png.rf.52d2c0e9bdabc27ff298b2f0c751e4b3","images/img_0303.jpg","path","shortest_path_component_count","medium","Along the shortest component path from the inductor in the diagram to the 1st resistor from the left, how many components are included when both the start and end components are counted?","从图中的电感到从左到右第1个电阻的最短元件路径中，若包含起点和终点，共有几个元件？","2","number"
"qa_v6f_001146","img_0085","val__d1_autockt_-331_png.rf.c5bcb3756deecf1f7f5a273e3f931789","images/img_0085.jpg","path","shortest_path_intermediate_count","medium","Along the shortest component path from the 2nd resistor from the left to the current source in the diagram, how many intermediate components must be traversed, excluding the start and end components?","从从左到右第2个电阻到图中的电流源的最短元件路径中，至少要经过几个中间元件（不含起点和终点）？","1","number"
"qa_v6f_001970","img_0085","val__d1_autockt_-331_png.rf.c5bcb3756deecf1f7f5a273e3f931789","images/img_0085.jpg","path","shortest_path_component_count","medium","Along the shortest component path from the 2nd resistor from the left to the 1st resistor from the left, how many components are included when both the start and end components are counted?","从从左到右第2个电阻到从左到右第1个电阻的最短元件路径中，若包含起点和终点，共有几个元件？","2","number"
"qa_v6f_000809","img_0269","val__d1_autockt_-394_png.rf.a0aaca23cd386bdbacc108c8ffec09d1","images/img_0269.jpg","path","shortest_path_component_count","medium","Along the shortest component path from the 1st current source from the left to the 2nd current source from the left, how many components are included when both the start and end components are counted?","从从左到右第1个电流源到从左到右第2个电流源的最短元件路径中，若包含起点和终点，共有几个元件？","3","number"
"qa_v6f_002141","img_0269","val__d1_autockt_-394_png.rf.a0aaca23cd386bdbacc108c8ffec09d1","images/img_0269.jpg","path","shortest_path_intermediate_count","medium","Along the shortest component path from the 1st current source from the left to the 2nd current source from the left, how many intermediate components must be traversed, excluding the start and end components?","从从左到右第1个电流源到从左到右第2个电流源的最短元件路径中，至少要经过几个中间元件（不含起点和终点）？","1","number"
"qa_v6f_001543","img_0217","val__d1_autockt_-405_png.rf.a9934664132a21b374f7969738162978","images/img_0217.jpg","path","shortest_path_component_count","medium","Along the shortest component path from the 1st voltage source from the left to the 2nd resistor from the left, how many components are included when both the start and end components are counted?","从从左到右第1个电压源到从左到右第2个电阻的最短元件路径中，若包含起点和终点，共有几个元件？","3","number"
"qa_v6f_000217","img_0057","val__d1_autockt_-43_png.rf.464c4fe9515f8508b1a80459bfd6a844","images/img_0057.jpg","path","shortest_path_component_count","medium","Along the shortest component path from the capacitor in the diagram to the 1st resistor from the left, how many components are included when both the start and end components are counted?","从图中的电容到从左到右第1个电阻的最短元件路径中，若包含起点和终点，共有几个元件？","3","number"
"qa_v6f_000897","img_0057","val__d1_autockt_-43_png.rf.464c4fe9515f8508b1a80459bfd6a844","images/img_0057.jpg","path","shortest_path_intermediate_count","medium","Along the shortest component path from the 1st resistor from the left to the 2nd resistor from the left, how many intermediate components must be traversed, excluding the start and end components?","从从左到右第1个电阻到从左到右第2个电阻的最短元件路径中，至少要经过几个中间元件（不含起点和终点）？","0","number"
"qa_v6f_001358","img_0057","val__d1_autockt_-43_png.rf.464c4fe9515f8508b1a80459bfd6a844","images/img_0057.jpg","path","shortest_path_intermediate_count","medium","Along the shortest component path from the 1st resistor from the left to the 1st current source from the left, how many intermediate components must be traversed, excluding the start and end components?","从从左到右第1个电阻到从左到右第1个电流源的最短元件路径中，至少要经过几个中间元件（不含起点和终点）？","0","number"
"qa_v6f_001887","img_0057","val__d1_autockt_-43_png.rf.464c4fe9515f8508b1a80459bfd6a844","images/img_0057.jpg","path","shortest_path_component_count","medium","Along the shortest component path from the 1st resistor from the left to the 2nd resistor from the left, how many components are included when both the start and end components are counted?","从从左到右第1个电阻到从左到右第2个电阻的最短元件路径中，若包含起点和终点，共有几个元件？","2","number"
"qa_v6f_001814","img_0159","val__d1_autockt_-461_png.rf.ce8a873f888a1d139ddf66bdd4641e86","images/img_0159.jpg","path","shortest_path_component_count","medium","Along the shortest component path from the voltage source in the diagram to the 3rd resistor from the top, how many components are included when both the start and end components are counted?","从图中的电压源到从上到下第3个电阻的最短元件路径中，若包含起点和终点，共有几个元件？","2","number"
"qa_v6f_000577","img_0113","val__d1_autockt_-480_png.rf.3d520aed2e871648a531cd7016aaf267","images/img_0113.jpg","path","shortest_path_component_count","medium","Along the shortest component path from the 3rd resistor from the top to the 1st resistor from the top, how many components are included when both the start and end components are counted?","从从上到下第3个电阻到从上到下第1个电阻的最短元件路径中，若包含起点和终点，共有几个元件？","4","number"
"qa_v6f_001388","img_0113","val__d1_autockt_-480_png.rf.3d520aed2e871648a531cd7016aaf267","images/img_0113.jpg","path","shortest_path_intermediate_count","medium","Along the shortest component path from the 3rd resistor from the top to the capacitor in the diagram, how many intermediate components must be traversed, excluding the start and end components?","从从上到下第3个电阻到图中的电容的最短元件路径中，至少要经过几个中间元件（不含起点和终点）？","1","number"
"qa_v6f_001726","img_0113","val__d1_autockt_-480_png.rf.3d520aed2e871648a531cd7016aaf267","images/img_0113.jpg","path","shortest_path_intermediate_count","medium","Along the shortest component path from the capacitor in the diagram to the current source in the diagram, how many intermediate components must be traversed, excluding the start and end components?","从图中的电容到图中的电流源的最短元件路径中，至少要经过几个中间元件（不含起点和终点）？","0","number"
"qa_v6f_002269","img_0113","val__d1_autockt_-480_png.rf.3d520aed2e871648a531cd7016aaf267","images/img_0113.jpg","path","shortest_path_component_count","medium","Along the shortest component path from the current source in the diagram to the 1st resistor from the top, how many components are included when both the start and end components are counted?","从图中的电流源到从上到下第1个电阻的最短元件路径中，若包含起点和终点，共有几个元件？","3","number"
"qa_v6f_000076","img_0001","val__d1_autockt_-524_png.rf.52999f62bdc0724c0f378e0275dbd427","images/img_0001.jpg","path","shortest_path_intermediate_count","medium","Along the shortest component path from the inductor in the diagram to the 2nd resistor from the top, how many intermediate components must be traversed, excluding the start and end components?","从图中的电感到从上到下第2个电阻的最短元件路径中，至少要经过几个中间元件（不含起点和终点）？","1","number"
"qa_v6f_000638","img_0001","val__d1_autockt_-524_png.rf.52999f62bdc0724c0f378e0275dbd427","images/img_0001.jpg","path","shortest_path_intermediate_count","medium","Along the shortest component path from the voltage source in the diagram to the 1st resistor from the top, how many intermediate components must be traversed, excluding the start and end components?","从图中的电压源到从上到下第1个电阻的最短元件路径中，至少要经过几个中间元件（不含起点和终点）？","0","number"
"qa_v6f_002073","img_0001","val__d1_autockt_-524_png.rf.52999f62bdc0724c0f378e0275dbd427","images/img_0001.jpg","path","shortest_path_component_count","medium","Along the shortest component path from the 1st resistor from the top to the 2nd resistor from the top, how many components are included when both the start and end components are counted?","从从上到下第1个电阻到从上到下第2个电阻的最短元件路径中，若包含起点和终点，共有几个元件？","3","number"
"qa_v6f_000470","img_0028","val__d1_autockt_-532_png.rf.138fa05f36e89fee6e96f977abb70967","images/img_0028.jpg","path","shortest_path_intermediate_count","medium","Along the shortest component path from the 1st resistor from the left to the 3rd resistor from the left, how many intermediate components must be traversed, excluding the start and end components?","从从左到右第1个电阻到从左到右第3个电阻的最短元件路径中，至少要经过几个中间元件（不含起点和终点）？","1","number"
"qa_v6f_001154","img_0028","val__d1_autockt_-532_png.rf.138fa05f36e89fee6e96f977abb70967","images/img_0028.jpg","path","shortest_path_component_count","medium","Along the shortest component path from the 2nd resistor from the left to the 3rd resistor from the left, how many components are included when both the start and end components are counted?","从从左到右第2个电阻到从左到右第3个电阻的最短元件路径中，若包含起点和终点，共有几个元件？","2","number"
"qa_v6f_000104","img_0194","val__d1_autockt_-543_png.rf.992a853a208cd77d51a1aa31f972b9ab","images/img_0194.jpg","path","shortest_path_intermediate_count","medium","Along the shortest component path from the 3rd resistor from the left to the 2nd resistor from the left, how many intermediate components must be traversed, excluding the start and end components?","从从左到右第3个电阻到从左到右第2个电阻的最短元件路径中，至少要经过几个中间元件（不含起点和终点）？","0","number"
"qa_v6f_002215","img_0194","val__d1_autockt_-543_png.rf.992a853a208cd77d51a1aa31f972b9ab","images/img_0194.jpg","path","shortest_path_component_count","medium","Along the shortest component path from the 2nd resistor from the left to the 2nd inductor from the left, how many components are included when both the start and end components are counted?","从从左到右第2个电阻到从左到右第2个电感的最短元件路径中，若包含起点和终点，共有几个元件？","3","number"
"qa_v6f_000267","img_0207","val__d1_autockt_-549_png.rf.cd7532f4fd6a7aef4f779a2cde3ae912","images/img_0207.jpg","path","shortest_path_component_count","medium","Along the shortest component path from the capacitor in the diagram to the current source in the diagram, how many components are included when both the start and end components are counted?","从图中的电容到图中的电流源的最短元件路径中，若包含起点和终点，共有几个元件？","3","number"
"qa_v6f_000312","img_0207","val__d1_autockt_-549_png.rf.cd7532f4fd6a7aef4f779a2cde3ae912","images/img_0207.jpg","path","shortest_path_intermediate_count","medium","Along the shortest component path from the inductor in the diagram to the 1st resistor from the left, how many intermediate components must be traversed, excluding the start and end components?","从图中的电感到从左到右第1个电阻的最短元件路径中，至少要经过几个中间元件（不含起点和终点）？","1","number"
"qa_v6f_000942","img_0207","val__d1_autockt_-549_png.rf.cd7532f4fd6a7aef4f779a2cde3ae912","images/img_0207.jpg","path","shortest_path_intermediate_count","medium","Along the shortest component path from the capacitor in the diagram to the 1st resistor from the left, how many intermediate components must be traversed, excluding the start and end components?","从图中的电容到从左到右第1个电阻的最短元件路径中，至少要经过几个中间元件（不含起点和终点）？","0","number"
"qa_v6f_000715","img_0110","val__d1_autockt_-565_png.rf.8f50369fd12957b8a7196cc75472f2ac","images/img_0110.jpg","path","shortest_path_intermediate_count","medium","Along the shortest component path from the capacitor in the diagram to the current source in the diagram, how many intermediate components must be traversed, excluding the start and end components?","从图中的电容到图中的电流源的最短元件路径中，至少要经过几个中间元件（不含起点和终点）？","0","number"
"qa_v6f_002089","img_0110","val__d1_autockt_-565_png.rf.8f50369fd12957b8a7196cc75472f2ac","images/img_0110.jpg","path","shortest_path_component_count","medium","Along the shortest component path from the voltage source in the diagram to the capacitor in the diagram, how many components are included when both the start and end components are counted?","从图中的电压源到图中的电容的最短元件路径中，若包含起点和终点，共有几个元件？","3","number"
"qa_v6f_001482","img_0376","val__d1_autockt_-585_png.rf.9cd4486d6855db118ad7cd039078803f","images/img_0376.jpg","path","shortest_path_component_count","medium","Along the shortest component path from the 2nd voltage source from the left to the 1st resistor from the left, how many components are included when both the start and end components are counted?","从从左到右第2个电压源到从左到右第1个电阻的最短元件路径中，若包含起点和终点，共有几个元件？","2","number"
"qa_v6f_001629","img_0376","val__d1_autockt_-585_png.rf.9cd4486d6855db118ad7cd039078803f","images/img_0376.jpg","path","shortest_path_intermediate_count","medium","Along the shortest component path from the 1st resistor from the left to the 2nd resistor from the left, how many intermediate components must be traversed, excluding the start and end components?","从从左到右第1个电阻到从左到右第2个电阻的最短元件路径中，至少要经过几个中间元件（不含起点和终点）？","0","number"
"qa_v6f_001682","img_0178","val__d1_autockt_-654_png.rf.69249dff5b09fd67a222a10a1abc71ec","images/img_0178.jpg","path","shortest_path_component_count","medium","Along the shortest component path from the 1st inductor from the left to the voltage source in the diagram, how many components are included when both the start and end components are counted?","从从左到右第1个电感到图中的电压源的最短元件路径中，若包含起点和终点，共有几个元件？","2","number"
"qa_v6f_002159","img_0178","val__d1_autockt_-654_png.rf.69249dff5b09fd67a222a10a1abc71ec","images/img_0178.jpg","path","shortest_path_intermediate_count","medium","Along the shortest component path from the 2nd resistor from the left to the 1st resistor from the left, how many intermediate components must be traversed, excluding the start and end components?","从从左到右第2个电阻到从左到右第1个电阻的最短元件路径中，至少要经过几个中间元件（不含起点和终点）？","3","number"
"qa_v6f_000418","img_0300","val__d1_autockt_-668_png.rf.5c3239b14965cfbaa5dc6d65d05c12f4","images/img_0300.jpg","path","shortest_path_component_count","medium","Along the shortest component path from the voltage source in the diagram to the 3rd resistor from the left, how many components are included when both the start and end components are counted?","从图中的电压源到从左到右第3个电阻的最短元件路径中，若包含起点和终点，共有几个元件？","2","number"
"qa_v6f_002052","img_0300","val__d1_autockt_-668_png.rf.5c3239b14965cfbaa5dc6d65d05c12f4","images/img_0300.jpg","path","shortest_path_intermediate_count","medium","Along the shortest component path from the inductor in the diagram to the 3rd resistor from the left, how many intermediate components must be traversed, excluding the start and end components?","从图中的电感到从左到右第3个电阻的最短元件路径中，至少要经过几个中间元件（不含起点和终点）？","1","number"
"qa_v6f_000565","img_0315","val__d1_autockt_-688_png.rf.cbba4105c6b09e12ecef94bebe25bbdb","images/img_0315.jpg","path","shortest_path_intermediate_count","medium","Along the shortest component path from the inductor in the diagram to the 2nd resistor from the left, how many intermediate components must be traversed, excluding the start and end components?","从图中的电感到从左到右第2个电阻的最短元件路径中，至少要经过几个中间元件（不含起点和终点）？","0","number"
"qa_v6f_002265","img_0315","val__d1_autockt_-688_png.rf.cbba4105c6b09e12ecef94bebe25bbdb","images/img_0315.jpg","path","shortest_path_component_count","medium","Along the shortest component path from the 1st voltage source from the left to the capacitor in the diagram, how many components are included when both the start and end components are counted?","从从左到右第1个电压源到图中的电容的最短元件路径中，若包含起点和终点，共有几个元件？","2","number"
"qa_v6f_000863","img_0245","val__d1_autockt_-689_png.rf.95614017f39c9d3857628ab539eba831","images/img_0245.jpg","path","shortest_path_intermediate_count","medium","Along the shortest component path from the 1st inductor from the left to the voltage source in the diagram, how many intermediate components must be traversed, excluding the start and end components?","从从左到右第1个电感到图中的电压源的最短元件路径中，至少要经过几个中间元件（不含起点和终点）？","0","number"
"qa_v6f_000956","img_0245","val__d1_autockt_-689_png.rf.95614017f39c9d3857628ab539eba831","images/img_0245.jpg","path","shortest_path_component_count","medium","Along the shortest component path from the voltage source in the diagram to the 1st resistor from the top, how many components are included when both the start and end components are counted?","从图中的电压源到从上到下第1个电阻的最短元件路径中，若包含起点和终点，共有几个元件？","3","number"
"qa_v6f_001439","img_0245","val__d1_autockt_-689_png.rf.95614017f39c9d3857628ab539eba831","images/img_0245.jpg","path","shortest_path_component_count","medium","Along the shortest component path from the 1st inductor from the left to the 2nd resistor from the top, how many components are included when both the start and end components are counted?","从从左到右第1个电感到从上到下第2个电阻的最短元件路径中，若包含起点和终点，共有几个元件？","3","number"
"qa_v6f_002098","img_0245","val__d1_autockt_-689_png.rf.95614017f39c9d3857628ab539eba831","images/img_0245.jpg","path","shortest_path_intermediate_count","medium","Along the shortest component path from the voltage source in the diagram to the 2nd resistor from the top, how many intermediate components must be traversed, excluding the start and end components?","从图中的电压源到从上到下第2个电阻的最短元件路径中，至少要经过几个中间元件（不含起点和终点）？","0","number"
"qa_v6f_001742","img_0021","val__d1_autockt_-697_png.rf.c2a1c10acc2a7250500704c92f21f21f","images/img_0021.jpg","path","shortest_path_component_count","medium","Along the shortest component path from the 2nd inductor from the left to the current source in the diagram, how many components are included when both the start and end components are counted?","从从左到右第2个电感到图中的电流源的最短元件路径中，若包含起点和终点，共有几个元件？","4","number"
"qa_v6f_001159","img_0399","val__d1_autockt_-730_png.rf.44fa7fe96bc80db7cc7cd7a09785df05","images/img_0399.jpg","path","shortest_path_intermediate_count","medium","Along the shortest component path from the 2nd inductor from the left to the 1st resistor from the top, how many intermediate components must be traversed, excluding the start and end components?","从从左到右第2个电感到从上到下第1个电阻的最短元件路径中，至少要经过几个中间元件（不含起点和终点）？","0","number"
"qa_v6f_001450","img_0399","val__d1_autockt_-730_png.rf.44fa7fe96bc80db7cc7cd7a09785df05","images/img_0399.jpg","path","shortest_path_component_count","medium","Along the shortest component path from the 2nd resistor from the top to the 1st inductor from the left, how many components are included when both the start and end components are counted?","从从上到下第2个电阻到从左到右第1个电感的最短元件路径中，若包含起点和终点，共有几个元件？","2","number"
"qa_v6f_001777","img_0294","val__d1_autockt_-738_png.rf.b208a49ee47e75d7def815a423dbbe1b","images/img_0294.jpg","path","shortest_path_component_count","medium","Along the shortest component path from the 2nd resistor from the left to the inductor in the diagram, how many components are included when both the start and end components are counted?","从从左到右第2个电阻到图中的电感的最短元件路径中，若包含起点和终点，共有几个元件？","2","number"
"qa_v6f_000704","img_0211","val__d1_autockt_-777_png.rf.d94f26464495fd91ffbfb9f789bfb6e7","images/img_0211.jpg","path","shortest_path_component_count","medium","Along the shortest component path from the 2nd voltage source from the top to the capacitor in the diagram, how many components are included when both the start and end components are counted?","从从上到下第2个电压源到图中的电容的最短元件路径中，若包含起点和终点，共有几个元件？","4","number"
"qa_v6f_000805","img_0211","val__d1_autockt_-777_png.rf.d94f26464495fd91ffbfb9f789bfb6e7","images/img_0211.jpg","path","shortest_path_intermediate_count","medium","Along the shortest component path from the 2nd voltage source from the top to the 1st resistor from the left, how many intermediate components must be traversed, excluding the start and end components?","从从上到下第2个电压源到从左到右第1个电阻的最短元件路径中，至少要经过几个中间元件（不含起点和终点）？","3","number"
"qa_v6f_001850","img_0211","val__d1_autockt_-777_png.rf.d94f26464495fd91ffbfb9f789bfb6e7","images/img_0211.jpg","path","shortest_path_intermediate_count","medium","Along the shortest component path from the 1st voltage source from the top to the capacitor in the diagram, how many intermediate components must be traversed, excluding the start and end components?","从从上到下第1个电压源到图中的电容的最短元件路径中，至少要经过几个中间元件（不含起点和终点）？","1","number"
"qa_v6f_001915","img_0211","val__d1_autockt_-777_png.rf.d94f26464495fd91ffbfb9f789bfb6e7","images/img_0211.jpg","path","shortest_path_component_count","medium","Along the shortest component path from the 1st voltage source from the top to the 1st resistor from the left, how many components are included when both the start and end components are counted?","从从上到下第1个电压源到从左到右第1个电阻的最短元件路径中，若包含起点和终点，共有几个元件？","4","number"
"qa_v6f_000058","img_0258","val__d1_autockt_-79_png.rf.a909dbab534df5871ea72dfa15467eec","images/img_0258.jpg","path","shortest_path_component_count","medium","Along the shortest component path from the inductor in the diagram to the capacitor in the diagram, how many components are included when both the start and end components are counted?","从图中的电感到图中的电容的最短元件路径中，若包含起点和终点，共有几个元件？","2","number"
"qa_v6f_000874","img_0258","val__d1_autockt_-79_png.rf.a909dbab534df5871ea72dfa15467eec","images/img_0258.jpg","path","shortest_path_intermediate_count","medium","Along the shortest component path from the 2nd resistor from the left to the 1st current source from the left, how many intermediate components must be traversed, excluding the start and end components?","从从左到右第2个电阻到从左到右第1个电流源的最短元件路径中，至少要经过几个中间元件（不含起点和终点）？","1","number"
"qa_v6f_000109","img_0007","val__d1_autockt_-803_png.rf.681fb84d12900583f86eaf05720a6915","images/img_0007.jpg","path","shortest_path_component_count","medium","Along the shortest component path from the 1st inductor from the top to the current source in the diagram, how many components are included when both the start and end components are counted?","从从上到下第1个电感到图中的电流源的最短元件路径中，若包含起点和终点，共有几个元件？","2","number"
"qa_v6f_001691","img_0007","val__d1_autockt_-803_png.rf.681fb84d12900583f86eaf05720a6915","images/img_0007.jpg","path","shortest_path_intermediate_count","medium","Along the shortest component path from the 1st resistor from the left to the current source in the diagram, how many intermediate components must be traversed, excluding the start and end components?","从从左到右第1个电阻到图中的电流源的最短元件路径中，至少要经过几个中间元件（不含起点和终点）？","1","number"
"qa_v6f_002054","img_0007","val__d1_autockt_-803_png.rf.681fb84d12900583f86eaf05720a6915","images/img_0007.jpg","path","shortest_path_intermediate_count","medium","Along the shortest component path from the 1st inductor from the top to the current source in the diagram, how many intermediate components must be traversed, excluding the start and end components?","从从上到下第1个电感到图中的电流源的最短元件路径中，至少要经过几个中间元件（不含起点和终点）？","0","number"
"qa_v6f_000569","img_0310","val__d1_autockt_-813_png.rf.130c8a0fbaf97146f2938036426dd5d6","images/img_0310.jpg","path","shortest_path_intermediate_count","medium","Along the shortest component path from the 1st resistor from the left to the current source in the diagram, how many intermediate components must be traversed, excluding the start and end components?","从从左到右第1个电阻到图中的电流源的最短元件路径中，至少要经过几个中间元件（不含起点和终点）？","0","number"
"qa_v6f_001961","img_0310","val__d1_autockt_-813_png.rf.130c8a0fbaf97146f2938036426dd5d6","images/img_0310.jpg","path","shortest_path_component_count","medium","Along the shortest component path from the 3rd resistor from the left to the 2nd inductor from the left, how many components are included when both the start and end components are counted?","从从左到右第3个电阻到从左到右第2个电感的最短元件路径中，若包含起点和终点，共有几个元件？","2","number"
"qa_v6f_002144","img_0310","val__d1_autockt_-813_png.rf.130c8a0fbaf97146f2938036426dd5d6","images/img_0310.jpg","path","shortest_path_component_count","medium","Along the shortest component path from the 2nd inductor from the left to the current source in the diagram, how many components are included when both the start and end components are counted?","从从左到右第2个电感到图中的电流源的最短元件路径中，若包含起点和终点，共有几个元件？","3","number"
"qa_v6f_000750","img_0202","val__d1_autockt_-83_png.rf.aebffdee0861612f670d3d6a99331654","images/img_0202.jpg","path","shortest_path_intermediate_count","medium","Along the shortest component path from the 1st voltage source from the top to the 2nd resistor from the left, how many intermediate components must be traversed, excluding the start and end components?","从从上到下第1个电压源到从左到右第2个电阻的最短元件路径中，至少要经过几个中间元件（不含起点和终点）？","2","number"
"qa_v6f_001012","img_0202","val__d1_autockt_-83_png.rf.aebffdee0861612f670d3d6a99331654","images/img_0202.jpg","path","shortest_path_component_count","medium","Along the shortest component path from the 2nd resistor from the left to the inductor in the diagram, how many components are included when both the start and end components are counted?","从从左到右第2个电阻到图中的电感的最短元件路径中，若包含起点和终点，共有几个元件？","3","number"
"qa_v6f_001214","img_0202","val__d1_autockt_-83_png.rf.aebffdee0861612f670d3d6a99331654","images/img_0202.jpg","path","shortest_path_intermediate_count","medium","Along the shortest component path from the 1st voltage source from the top to the inductor in the diagram, how many intermediate components must be traversed, excluding the start and end components?","从从上到下第1个电压源到图中的电感的最短元件路径中，至少要经过几个中间元件（不含起点和终点）？","0","number"
"qa_v6f_000495","img_0213","val__d1_autockt_-864_png.rf.a30d6421fcc3270417479733bc3f4b50","images/img_0213.jpg","path","shortest_path_component_count","medium","Along the shortest component path from the 1st voltage source from the left to the inductor in the diagram, how many components are included when both the start and end components are counted?","从从左到右第1个电压源到图中的电感的最短元件路径中，若包含起点和终点，共有几个元件？","4","number"
"qa_v6f_000498","img_0213","val__d1_autockt_-864_png.rf.a30d6421fcc3270417479733bc3f4b50","images/img_0213.jpg","path","shortest_path_intermediate_count","medium","Along the shortest component path from the 1st voltage source from the left to the inductor in the diagram, how many intermediate components must be traversed, excluding the start and end components?","从从左到右第1个电压源到图中的电感的最短元件路径中，至少要经过几个中间元件（不含起点和终点）？","2","number"
"qa_v6f_001218","img_0296","val__d1_autockt_-92_png.rf.0fcc99f416b1b821a84c8fc52c2b28ca","images/img_0296.jpg","path","shortest_path_component_count","medium","Along the shortest component path from the voltage source in the diagram to the current source in the diagram, how many components are included when both the start and end components are counted?","从图中的电压源到图中的电流源的最短元件路径中，若包含起点和终点，共有几个元件？","2","number"
"qa_v6f_000029","img_0089","val__d1_autockt_-97_png.rf.834fb78a8dabec1a526247e47133839e","images/img_0089.jpg","path","shortest_path_intermediate_count","medium","Along the shortest component path from the 1st resistor from the left to the 3rd resistor from the left, how many intermediate components must be traversed, excluding the start and end components?","从从左到右第1个电阻到从左到右第3个电阻的最短元件路径中，至少要经过几个中间元件（不含起点和终点）？","0","number"
"qa_v6f_000116","img_0089","val__d1_autockt_-97_png.rf.834fb78a8dabec1a526247e47133839e","images/img_0089.jpg","path","shortest_path_intermediate_count","medium","Along the shortest component path from the capacitor in the diagram to the current source in the diagram, how many intermediate components must be traversed, excluding the start and end components?","从图中的电容到图中的电流源的最短元件路径中，至少要经过几个中间元件（不含起点和终点）？","0","number"
"qa_v6f_001675","img_0089","val__d1_autockt_-97_png.rf.834fb78a8dabec1a526247e47133839e","images/img_0089.jpg","path","shortest_path_component_count","medium","Along the shortest component path from the 3rd resistor from the left to the 2nd resistor from the left, how many components are included when both the start and end components are counted?","从从左到右第3个电阻到从左到右第2个电阻的最短元件路径中，若包含起点和终点，共有几个元件？","2","number"
"qa_v6f_000405","img_0006","val__d1_electrical_173_png.rf.a46fda1563bd74e7bcbb40d0af2308ee","images/img_0006.jpg","path","shortest_path_intermediate_count","medium","Along the shortest component path from the capacitor in the diagram to the resistor in the diagram, how many intermediate components must be traversed, excluding the start and end components?","从图中的电容到图中的电阻的最短元件路径中，至少要经过几个中间元件（不含起点和终点）？","1","number"
"qa_v6f_001111","img_0006","val__d1_electrical_173_png.rf.a46fda1563bd74e7bcbb40d0af2308ee","images/img_0006.jpg","path","shortest_path_component_count","medium","Along the shortest component path from the capacitor in the diagram to the resistor in the diagram, how many components are included when both the start and end components are counted?","从图中的电容到图中的电阻的最短元件路径中，若包含起点和终点，共有几个元件？","3","number"
"qa_v6f_000712","img_0098","val__d1_electrical_180_png.rf.1858dd5c649ee5f0916e1fedc18cdffc","images/img_0098.jpg","path","shortest_path_component_count","medium","Along the shortest component path from the capacitor in the diagram to the inductor in the diagram, how many components are included when both the start and end components are counted?","从图中的电容到图中的电感的最短元件路径中，若包含起点和终点，共有几个元件？","2","number"
"qa_v6f_001465","img_0098","val__d1_electrical_180_png.rf.1858dd5c649ee5f0916e1fedc18cdffc","images/img_0098.jpg","path","shortest_path_intermediate_count","medium","Along the shortest component path from the 2nd resistor from the top to the inductor in the diagram, how many intermediate components must be traversed, excluding the start and end components?","从从上到下第2个电阻到图中的电感的最短元件路径中，至少要经过几个中间元件（不含起点和终点）？","1","number"
"qa_v6f_000927","img_0134","val__d1_electrical_181_png.rf.aa877c14c9c726983564055b36c46895","images/img_0134.jpg","path","shortest_path_component_count","medium","Along the shortest component path from the 1st resistor from the top to the 2nd resistor from the top, how many components are included when both the start and end components are counted?","从从上到下第1个电阻到从上到下第2个电阻的最短元件路径中，若包含起点和终点，共有几个元件？","2","number"
"qa_v6f_001650","img_0134","val__d1_electrical_181_png.rf.aa877c14c9c726983564055b36c46895","images/img_0134.jpg","path","shortest_path_intermediate_count","medium","Along the shortest component path from the 1st resistor from the top to the capacitor in the diagram, how many intermediate components must be traversed, excluding the start and end components?","从从上到下第1个电阻到图中的电容的最短元件路径中，至少要经过几个中间元件（不含起点和终点）？","1","number"
"qa_v6f_000280","img_0272","val__d1_electrical_217_png.rf.c801bcddebfab2ceb23bddc1d8043d0d","images/img_0272.jpg","path","shortest_path_component_count","medium","Along the shortest component path from the capacitor in the diagram to the 2nd resistor from the top, how many components are included when both the start and end components are counted?","从图中的电容到从上到下第2个电阻的最短元件路径中，若包含起点和终点，共有几个元件？","2","number"
"qa_v6f_001918","img_0272","val__d1_electrical_217_png.rf.c801bcddebfab2ceb23bddc1d8043d0d","images/img_0272.jpg","path","shortest_path_intermediate_count","medium","Along the shortest component path from the inductor in the diagram to the 2nd resistor from the top, how many intermediate components must be traversed, excluding the start and end components?","从图中的电感到从上到下第2个电阻的最短元件路径中，至少要经过几个中间元件（不含起点和终点）？","1","number"
"qa_v6f_002245","img_0272","val__d1_electrical_217_png.rf.c801bcddebfab2ceb23bddc1d8043d0d","images/img_0272.jpg","path","shortest_path_intermediate_count","medium","Along the shortest component path from the capacitor in the diagram to the 1st resistor from the top, how many intermediate components must be traversed, excluding the start and end components?","从图中的电容到从上到下第1个电阻的最短元件路径中，至少要经过几个中间元件（不含起点和终点）？","1","number"
"qa_v6f_000690","img_0067","val__d1_electrical_247_png.rf.eb5dda8013452137840aac20985f3ba3","images/img_0067.jpg","path","shortest_path_intermediate_count","medium","Along the shortest component path from the 1st resistor from the left to the 2nd resistor from the left, how many intermediate components must be traversed, excluding the start and end components?","从从左到右第1个电阻到从左到右第2个电阻的最短元件路径中，至少要经过几个中间元件（不含起点和终点）？","1","number"
"qa_v6f_001134","img_0067","val__d1_electrical_247_png.rf.eb5dda8013452137840aac20985f3ba3","images/img_0067.jpg","path","shortest_path_intermediate_count","medium","Along the shortest component path from the 3rd inductor from the left to the 2nd resistor from the left, how many intermediate components must be traversed, excluding the start and end components?","从从左到右第3个电感到从左到右第2个电阻的最短元件路径中，至少要经过几个中间元件（不含起点和终点）？","0","number"
"qa_v6f_001270","img_0067","val__d1_electrical_247_png.rf.eb5dda8013452137840aac20985f3ba3","images/img_0067.jpg","path","shortest_path_component_count","medium","Along the shortest component path from the 2nd inductor from the left to the 1st inductor from the left, how many components are included when both the start and end components are counted?","从从左到右第2个电感到从左到右第1个电感的最短元件路径中，若包含起点和终点，共有几个元件？","3","number"
"qa_v6f_002213","img_0208","test500__d1_309_png.rf.afb52851067e1c0aa9cc92104fb60ea9","images/img_0208.jpg","position","extreme_position","easy","Which component is the leftmost in the complete circuit diagram? Answer with the component type.","从整张电路图判断，最左侧的元件是什么？请回答元件类型。","电压源","component_type"
"qa_v6f_001866","img_0318","test500__d1_310_png.rf.dc8f3a60bf4e73925fb5238b4af6f3e3","images/img_0318.jpg","position","extreme_position","easy","Which component is the rightmost in the complete circuit diagram? Answer with the component type.","从整张电路图判断，最右侧的元件是什么？请回答元件类型。","电阻","component_type"
"qa_v6f_001264","img_0384","test500__d1_325_png.rf.31dc60fd6d045420fa8a5dc06a695239","images/img_0384.jpg","position","extreme_position","easy","Which component is the rightmost in the complete circuit diagram? Answer with the component type.","从整张电路图判断，最右侧的元件是什么？请回答元件类型。","电容","component_type"
"qa_v6f_000789","img_0368","test500__d1_336_png.rf.80126fdcd5d8f916c1c0e831a78755d7","images/img_0368.jpg","position","extreme_position","easy","Which component is the rightmost in the complete circuit diagram? Answer with the component type.","从整张电路图判断，最右侧的元件是什么？请回答元件类型。","电容","component_type"
"qa_v6f_000557","img_0370","test500__d1_348_png.rf.6ba2566557f52d926f270829cce5d691","images/img_0370.jpg","position","extreme_position","easy","Which component is the rightmost in the complete circuit diagram? Answer with the component type.","从整张电路图判断，最右侧的元件是什么？请回答元件类型。","电阻","component_type"
"qa_v6f_001822","img_0275","test500__d1_351_png.rf.b46c07a9f8d3f85297fe8cf1285715f8","images/img_0275.jpg","position","extreme_position","easy","Which component is the rightmost in the complete circuit diagram? Answer with the component type.","从整张电路图判断，最右侧的元件是什么？请回答元件类型。","电容","component_type"
"qa_v6f_002378","img_0280","test500__d1_autockt_-120_png.rf.a3bb85cd2691e63707e94d871b483d23","images/img_0280.jpg","position","extreme_position","easy","Which component is the topmost in the complete circuit diagram? Answer with the component type.","从整张电路图判断，最上方的元件是什么？请回答元件类型。","电容","component_type"
"qa_v6f_002046","img_0346","test500__d1_autockt_-140_png.rf.6e25f3bdff0e1261b22787f21e39c79b","images/img_0346.jpg","position","extreme_position","easy","Which component is the leftmost in the complete circuit diagram? Answer with the component type.","从整张电路图判断，最左侧的元件是什么？请回答元件类型。","电流源","component_type"
"qa_v6f_000092","img_0263","test500__d1_autockt_-143_png.rf.ee52e4aba23f19f81e6d3c3f9e9d58f5","images/img_0263.jpg","position","extreme_position","easy","Which component is the topmost in the complete circuit diagram? Answer with the component type.","从整张电路图判断，最上方的元件是什么？请回答元件类型。","电感","component_type"
"qa_v6f_001828","img_0099","test500__d1_autockt_-171_png.rf.fd6079bb003a1487a272e55213a89c59","images/img_0099.jpg","position","extreme_position","easy","Which component is the bottommost in the complete circuit diagram? Answer with the component type.","从整张电路图判断，最下方的元件是什么？请回答元件类型。","电流源","component_type"
"qa_v6f_000329","img_0244","test500__d1_autockt_-172_png.rf.fa39f5695747bd3c54c74cb3408d54a1","images/img_0244.jpg","position","extreme_position","easy","Which component is the rightmost in the complete circuit diagram? Answer with the component type.","从整张电路图判断，最右侧的元件是什么？请回答元件类型。","电阻","component_type"
"qa_v6f_000406","img_0016","test500__d1_autockt_-17_png.rf.20abd76f3e8e09baca303cf10e7c04ab","images/img_0016.jpg","position","extreme_position","easy","Which component is the bottommost in the complete circuit diagram? Answer with the component type.","从整张电路图判断，最下方的元件是什么？请回答元件类型。","电感","component_type"
"qa_v6f_001677","img_0377","test500__d1_autockt_-1_png.rf.23fcfeb82e2f264cab71ec3c38455ac2","images/img_0377.jpg","position","extreme_position","easy","Which component is the bottommost in the complete circuit diagram? Answer with the component type.","从整张电路图判断，最下方的元件是什么？请回答元件类型。","电感","component_type"
"qa_v6f_001846","img_0307","test500__d1_autockt_-223_png.rf.3e860cd6dfaa923148f9112c02dc7598","images/img_0307.jpg","position","extreme_position","easy","Which component is the bottommost in the complete circuit diagram? Answer with the component type.","从整张电路图判断，最下方的元件是什么？请回答元件类型。","电感","component_type"
"qa_v6f_000193","img_0221","test500__d1_autockt_-229_png.rf.2c54b82e1a3ca25e677ad8a85ddec714","images/img_0221.jpg","position","extreme_position","easy","Which component is the rightmost in the complete circuit diagram? Answer with the component type.","从整张电路图判断，最右侧的元件是什么？请回答元件类型。","电阻","component_type"
"qa_v6f_000110","img_0081","test500__d1_autockt_-275_png.rf.d450a27a0032bf38aa10b86488403126","images/img_0081.jpg","position","extreme_position","easy","Which component is the leftmost in the complete circuit diagram? Answer with the component type.","从整张电路图判断，最左侧的元件是什么？请回答元件类型。","电阻","component_type"
"qa_v6f_001991","img_0325","test500__d1_autockt_-27_png.rf.7f9527e137bd26978e6705e8c0f8af91","images/img_0325.jpg","position","extreme_position","easy","Which component is the bottommost in the complete circuit diagram? Answer with the component type.","从整张电路图判断，最下方的元件是什么？请回答元件类型。","电阻","component_type"
"qa_v6f_002253","img_0011","test500__d1_autockt_-286_png.rf.9929c6bed5a7e2439e2f2d28f17bccc8","images/img_0011.jpg","position","extreme_position","easy","Which component is the leftmost in the complete circuit diagram? Answer with the component type.","从整张电路图判断，最左侧的元件是什么？请回答元件类型。","电压源","component_type"
"qa_v6f_001612","img_0094","test500__d1_autockt_-304_png.rf.84edf22f1a8418a9c025ed79e5968e44","images/img_0094.jpg","position","extreme_position","easy","Which component is the bottommost in the complete circuit diagram? Answer with the component type.","从整张电路图判断，最下方的元件是什么？请回答元件类型。","电阻","component_type"
"qa_v6f_000685","img_0109","test500__d1_autockt_-31_png.rf.ddb8fa3af873912460684b7ce817468d","images/img_0109.jpg","position","extreme_position","easy","Which component is the rightmost in the complete circuit diagram? Answer with the component type.","从整张电路图判断，最右侧的元件是什么？请回答元件类型。","电容","component_type"
"qa_v6f_001973","img_0238","test500__d1_autockt_-345_png.rf.a38dcd7bd83e33b9fe65822085d37b2e","images/img_0238.jpg","position","extreme_position","easy","Which component is the leftmost in the complete circuit diagram? Answer with the component type.","从整张电路图判断，最左侧的元件是什么？请回答元件类型。","电容","component_type"
"qa_v6f_001027","img_0219","test500__d1_autockt_-360_png.rf.099ca8cd253c336716ea7c6e06a4fb04","images/img_0219.jpg","position","extreme_position","easy","Which component is the bottommost in the complete circuit diagram? Answer with the component type.","从整张电路图判断，最下方的元件是什么？请回答元件类型。","电压源","component_type"
"qa_v6f_000441","img_0160","test500__d1_autockt_-369_png.rf.09448f550cb4389133033c981bf1a41d","images/img_0160.jpg","position","extreme_position","easy","Which component is the bottommost in the complete circuit diagram? Answer with the component type.","从整张电路图判断，最下方的元件是什么？请回答元件类型。","电感","component_type"
"qa_v6f_002294","img_0090","test500__d1_autockt_-406_png.rf.cfbb7ac16fd4972ab5b62de3fa6b5b5e","images/img_0090.jpg","position","extreme_position","easy","Which component is the leftmost in the complete circuit diagram? Answer with the component type.","从整张电路图判断，最左侧的元件是什么？请回答元件类型。","电感","component_type"
"qa_v6f_000966","img_0049","test500__d1_autockt_-410_png.rf.44ccc47e54e47d86c42574ac1fa36b65","images/img_0049.jpg","position","extreme_position","easy","Which component is the bottommost in the complete circuit diagram? Answer with the component type.","从整张电路图判断，最下方的元件是什么？请回答元件类型。","电阻","component_type"
"qa_v6f_000893","img_0093","test500__d1_autockt_-44_png.rf.f652b850f1528945c70301cf9776d1bd","images/img_0093.jpg","position","extreme_position","easy","Which component is the bottommost in the complete circuit diagram? Answer with the component type.","从整张电路图判断，最下方的元件是什么？请回答元件类型。","电感","component_type"
"qa_v6f_000585","img_0240","test500__d1_autockt_-456_png.rf.b924ebf7b6b5ebdfa540234451657449","images/img_0240.jpg","position","extreme_position","easy","Which component is the leftmost in the complete circuit diagram? Answer with the component type.","从整张电路图判断，最左侧的元件是什么？请回答元件类型。","电阻","component_type"
"qa_v6f_001884","img_0183","test500__d1_autockt_-476_png.rf.c821a562c47d858f4f2eb0572308e6b6","images/img_0183.jpg","position","extreme_position","easy","Which component is the rightmost in the complete circuit diagram? Answer with the component type.","从整张电路图判断，最右侧的元件是什么？请回答元件类型。","电阻","component_type"
"qa_v6f_001334","img_0397","test500__d1_autockt_-4_png.rf.716ac1688a4e9b882624ca6b52d58fa5","images/img_0397.jpg","position","extreme_position","easy","Which component is the leftmost in the complete circuit diagram? Answer with the component type.","从整张电路图判断，最左侧的元件是什么？请回答元件类型。","电阻","component_type"
"qa_v6f_000795","img_0156","test500__d1_autockt_-503_png.rf.e9d14bb7212e648f520164102d28d174","images/img_0156.jpg","position","extreme_position","easy","Which component is the bottommost in the complete circuit diagram? Answer with the component type.","从整张电路图判断，最下方的元件是什么？请回答元件类型。","电阻","component_type"
"qa_v6f_002075","img_0064","test500__d1_autockt_-519_png.rf.db15c5f621b2b7c686c23ea2089378d5","images/img_0064.jpg","position","extreme_position","easy","Which component is the rightmost in the complete circuit diagram? Answer with the component type.","从整张电路图判断，最右侧的元件是什么？请回答元件类型。","电阻","component_type"
"qa_v6f_000452","img_0224","test500__d1_autockt_-527_png.rf.836d7a4c4a0d35cc12451c5a57662428","images/img_0224.jpg","position","extreme_position","easy","Which component is the leftmost in the complete circuit diagram? Answer with the component type.","从整张电路图判断，最左侧的元件是什么？请回答元件类型。","电流源","component_type"
"qa_v6f_001337","img_0072","test500__d1_autockt_-63_png.rf.702b8d8a5a171e5776f132e74087f83f","images/img_0072.jpg","position","extreme_position","easy","Which component is the bottommost in the complete circuit diagram? Answer with the component type.","从整张电路图判断，最下方的元件是什么？请回答元件类型。","电阻","component_type"
"qa_v6f_000065","img_0313","test500__d1_autockt_-685_png.rf.2ca4700355a67e0dcef5fa4601eb915a","images/img_0313.jpg","position","extreme_position","easy","Which component is the topmost in the complete circuit diagram? Answer with the component type.","从整张电路图判断，最上方的元件是什么？请回答元件类型。","电阻","component_type"
"qa_v6f_000059","img_0029","test500__d1_autockt_-74_png.rf.16b70ff7ecfa488eda18e753a3d7ed18","images/img_0029.jpg","position","extreme_position","easy","Which component is the bottommost in the complete circuit diagram? Answer with the component type.","从整张电路图判断，最下方的元件是什么？请回答元件类型。","电流源","component_type"
"qa_v6f_002122","img_0198","test500__d1_autockt_-81_png.rf.ee5cb8720549e45b6bd371230a0cabd4","images/img_0198.jpg","position","extreme_position","easy","Which component is the rightmost in the complete circuit diagram? Answer with the component type.","从整张电路图判断，最右侧的元件是什么？请回答元件类型。","电阻","component_type"
"qa_v6f_000796","img_0314","test__d1_autockt_-96_png.rf.11104925e4ccc62d530421c31b93915c","images/img_0314.jpg","position","extreme_position","easy","Which component is the bottommost in the complete circuit diagram? Answer with the component type.","从整张电路图判断，最下方的元件是什么？请回答元件类型。","电流源","component_type"
"qa_v6f_001886","img_0347","train__d1_281_png.rf.e53c6cd71152de2a9a4c9052e2857ad9","images/img_0347.jpg","position","extreme_position","easy","Which component is the rightmost in the complete circuit diagram? Answer with the component type.","从整张电路图判断，最右侧的元件是什么？请回答元件类型。","电容","component_type"
"qa_v6f_001235","img_0087","train__d1_302_png.rf.a537b10f78a8cc4d042a038a08acc383","images/img_0087.jpg","position","extreme_position","easy","Which component is the rightmost in the complete circuit diagram? Answer with the component type.","从整张电路图判断，最右侧的元件是什么？请回答元件类型。","电阻","component_type"
"qa_v6f_001457","img_0361","train__d1_308_png.rf.6f5be5464281f6a841faa477896004f7","images/img_0361.jpg","position","extreme_position","easy","Which component is the topmost in the complete circuit diagram? Answer with the component type.","从整张电路图判断，最上方的元件是什么？请回答元件类型。","电阻","component_type"
"qa_v6f_000674","img_0079","train__d1_312_png.rf.d9fb0223cd7dda1eeec236ef4c682f14","images/img_0079.jpg","position","extreme_position","easy","Which component is the bottommost in the complete circuit diagram? Answer with the component type.","从整张电路图判断，最下方的元件是什么？请回答元件类型。","电压源","component_type"
"qa_v6f_000300","img_0020","train__d1_313_png.rf.a773497ac80844357238819e95003acc","images/img_0020.jpg","position","extreme_position","easy","Which component is the leftmost in the complete circuit diagram? Answer with the component type.","从整张电路图判断，最左侧的元件是什么？请回答元件类型。","电感","component_type"
"qa_v6f_001400","img_0047","train__d1_315_png.rf.c9cbc3ced564aabb2910b9f4f64ab7c5","images/img_0047.jpg","position","extreme_position","easy","Which component is the topmost in the complete circuit diagram? Answer with the component type.","从整张电路图判断，最上方的元件是什么？请回答元件类型。","电阻","component_type"
"qa_v6f_001200","img_0353","train__d1_316_png.rf.c8e95c59bb0d01d9f6804d1f7d651803","images/img_0353.jpg","position","extreme_position","easy","Which component is the bottommost in the complete circuit diagram? Answer with the component type.","从整张电路图判断，最下方的元件是什么？请回答元件类型。","电容","component_type"
"qa_v6f_001860","img_0364","train__d1_319_png.rf.aacdc27c284107173b249fb0e754abf2","images/img_0364.jpg","position","extreme_position","easy","Which component is the rightmost in the complete circuit diagram? Answer with the component type.","从整张电路图判断，最右侧的元件是什么？请回答元件类型。","电阻","component_type"
"qa_v6f_000804","img_0061","train__d1_322_png.rf.d00d43465079ff29554c34c060881550","images/img_0061.jpg","position","extreme_position","easy","Which component is the leftmost in the complete circuit diagram? Answer with the component type.","从整张电路图判断，最左侧的元件是什么？请回答元件类型。","电压源","component_type"
"qa_v6f_001831","img_0014","train__d1_323_png.rf.5c42726992727e25a463c24c47520a55","images/img_0014.jpg","position","extreme_position","easy","Which component is the bottommost in the complete circuit diagram? Answer with the component type.","从整张电路图判断，最下方的元件是什么？请回答元件类型。","电容","component_type"
"qa_v6f_001151","img_0130","train__d1_329_png.rf.25218716573093ee81a3b7d085ade787","images/img_0130.jpg","position","extreme_position","easy","Which component is the bottommost in the complete circuit diagram? Answer with the component type.","从整张电路图判断，最下方的元件是什么？请回答元件类型。","电阻","component_type"
"qa_v6f_001888","img_0039","train__d1_335_png.rf.1e10b956147a81cb707a8695cf046bdf","images/img_0039.jpg","position","extreme_position","easy","Which component is the rightmost in the complete circuit diagram? Answer with the component type.","从整张电路图判断，最右侧的元件是什么？请回答元件类型。","电容","component_type"
"qa_v6f_001295","img_0223","train__d1_338_png.rf.975c4c8fc8f632485152275204aa41e4","images/img_0223.jpg","position","extreme_position","easy","Which component is the rightmost in the complete circuit diagram? Answer with the component type.","从整张电路图判断，最右侧的元件是什么？请回答元件类型。","电容","component_type"
"qa_v6f_001251","img_0355","train__d1_340_png.rf.9abf8fc7cffaeada3d4548c6c15ceacb","images/img_0355.jpg","position","extreme_position","easy","Which component is the leftmost in the complete circuit diagram? Answer with the component type.","从整张电路图判断，最左侧的元件是什么？请回答元件类型。","电感","component_type"
"qa_v6f_000455","img_0291","train__d1_342_png.rf.8d4df72c442c9034af89742cc95379d3","images/img_0291.jpg","position","extreme_position","easy","Which component is the topmost in the complete circuit diagram? Answer with the component type.","从整张电路图判断，最上方的元件是什么？请回答元件类型。","电感","component_type"
"qa_v6f_000055","img_0185","train__d1_343_png.rf.a44e3839b619f7004b0df0df8ebaf147","images/img_0185.jpg","position","extreme_position","easy","Which component is the rightmost in the complete circuit diagram? Answer with the component type.","从整张电路图判断，最右侧的元件是什么？请回答元件类型。","电感","component_type"
"qa_v6f_001517","img_0400","train__d1_349_png.rf.1e9668f973fd21097235b1e33219eb09","images/img_0400.jpg","position","extreme_position","easy","Which component is the rightmost in the complete circuit diagram? Answer with the component type.","从整张电路图判断，最右侧的元件是什么？请回答元件类型。","电容","component_type"
"qa_v6f_001604","img_0065","train__d1_356_png.rf.632cbdbb26bc94f5ed191a2a38f22412","images/img_0065.jpg","position","extreme_position","easy","Which component is the topmost in the complete circuit diagram? Answer with the component type.","从整张电路图判断，最上方的元件是什么？请回答元件类型。","电容","component_type"
"qa_v6f_001854","img_0324","train__d1_359_png.rf.b712616805df8cda55c99b49e65c0e7b","images/img_0324.jpg","position","extreme_position","easy","Which component is the rightmost in the complete circuit diagram? Answer with the component type.","从整张电路图判断，最右侧的元件是什么？请回答元件类型。","电容","component_type"
"qa_v6f_001298","img_0052","train__d1_362_png.rf.aa20b54541169e66a7ab0e3201f837a7","images/img_0052.jpg","position","extreme_position","easy","Which component is the leftmost in the complete circuit diagram? Answer with the component type.","从整张电路图判断，最左侧的元件是什么？请回答元件类型。","电压源","component_type"
"qa_v6f_002220","img_0317","train__d1_364_png.rf.8fe25187c0f3a9bd45923aeca5bde986","images/img_0317.jpg","position","extreme_position","easy","Which component is the leftmost in the complete circuit diagram? Answer with the component type.","从整张电路图判断，最左侧的元件是什么？请回答元件类型。","电压源","component_type"
"qa_v6f_000222","img_0344","train__d1_365_png.rf.8235d6e9dd969f0decd6c9037b3d837b","images/img_0344.jpg","position","extreme_position","easy","Which component is the leftmost in the complete circuit diagram? Answer with the component type.","从整张电路图判断，最左侧的元件是什么？请回答元件类型。","电压源","component_type"
"qa_v6f_000883","img_0365","train__d1_367_png.rf.9ae29d133562c9e4a9b09148be205207","images/img_0365.jpg","position","extreme_position","easy","Which component is the leftmost in the complete circuit diagram? Answer with the component type.","从整张电路图判断，最左侧的元件是什么？请回答元件类型。","电感","component_type"
"qa_v6f_000623","img_0256","train__d1_373_png.rf.482c6e1dafc157525d65b11a7e0e22ad","images/img_0256.jpg","position","extreme_position","easy","Which component is the bottommost in the complete circuit diagram? Answer with the component type.","从整张电路图判断，最下方的元件是什么？请回答元件类型。","端口","component_type"
"qa_v6f_000829","img_0143","train__d1_374_png.rf.536a4d55fbd2da73dd69d29569926a6b","images/img_0143.jpg","position","extreme_position","easy","Which component is the leftmost in the complete circuit diagram? Answer with the component type.","从整张电路图判断，最左侧的元件是什么？请回答元件类型。","电压源","component_type"
"qa_v6f_001505","img_0286","train__d1_383_png.rf.00205d9b1f4c05a9ba7bd4f6000a4f32","images/img_0286.jpg","position","extreme_position","easy","Which component is the rightmost in the complete circuit diagram? Answer with the component type.","从整张电路图判断，最右侧的元件是什么？请回答元件类型。","电阻","component_type"
"qa_v6f_001014","img_0139","train__d1_386_png.rf.a82dbff91efeb4e0d09d02c01383fad0","images/img_0139.jpg","position","extreme_position","easy","Which component is the leftmost in the complete circuit diagram? Answer with the component type.","从整张电路图判断，最左侧的元件是什么？请回答元件类型。","电压源","component_type"
"qa_v6f_000837","img_0019","train__d1_387_png.rf.9ef626f8c7816ec8cc81545bd0fca992","images/img_0019.jpg","position","extreme_position","easy","Which component is the rightmost in the complete circuit diagram? Answer with the component type.","从整张电路图判断，最右侧的元件是什么？请回答元件类型。","电容","component_type"
"qa_v6f_001248","img_0120","train__d1_390_png.rf.966db7690418f0892206ba543e3de76d","images/img_0120.jpg","position","extreme_position","easy","Which component is the rightmost in the complete circuit diagram? Answer with the component type.","从整张电路图判断，最右侧的元件是什么？请回答元件类型。","电容","component_type"
"qa_v6f_000382","img_0101","train__d1_391_png.rf.b9002b71a942ca47b9acd4d532322e0d","images/img_0101.jpg","position","extreme_position","easy","Which component is the leftmost in the complete circuit diagram? Answer with the component type.","从整张电路图判断，最左侧的元件是什么？请回答元件类型。","电流源","component_type"
"qa_v6f_001655","img_0265","train__d1_397_png.rf.0b8b32cd438271372418b756f44b40b6","images/img_0265.jpg","position","extreme_position","easy","Which component is the leftmost in the complete circuit diagram? Answer with the component type.","从整张电路图判断，最左侧的元件是什么？请回答元件类型。","电压源","component_type"
"qa_v6f_001028","img_0380","train__d1_autockt_-109_png.rf.d84fb18ba91a62c80909c60f51cfc087","images/img_0380.jpg","position","extreme_position","easy","Which component is the rightmost in the complete circuit diagram? Answer with the component type.","从整张电路图判断，最右侧的元件是什么？请回答元件类型。","电感","component_type"
"qa_v6f_001351","img_0323","train__d1_autockt_-111_png.rf.1a59b6dd3c38d828c79b8aaa7c6cd1b3","images/img_0323.jpg","position","extreme_position","easy","Which component is the leftmost in the complete circuit diagram? Answer with the component type.","从整张电路图判断，最左侧的元件是什么？请回答元件类型。","电感","component_type"
"qa_v6f_000760","img_0200","train__d1_autockt_-113_png.rf.55a0c3902d7e4ba7a990ce81436de3a6","images/img_0200.jpg","position","extreme_position","easy","Which component is the topmost in the complete circuit diagram? Answer with the component type.","从整张电路图判断，最上方的元件是什么？请回答元件类型。","电阻","component_type"
"qa_v6f_000476","img_0111","train__d1_autockt_-115_png.rf.25fcff4128ce96986c2e715be91f57ba","images/img_0111.jpg","position","extreme_position","easy","Which component is the rightmost in the complete circuit diagram? Answer with the component type.","从整张电路图判断，最右侧的元件是什么？请回答元件类型。","电阻","component_type"
"qa_v6f_001009","img_0123","train__d1_autockt_-119_png.rf.a37a75551c934c7871b131c8daa630be","images/img_0123.jpg","position","extreme_position","easy","Which component is the topmost in the complete circuit diagram? Answer with the component type.","从整张电路图判断，最上方的元件是什么？请回答元件类型。","电阻","component_type"
"qa_v6f_001681","img_0095","train__d1_autockt_-124_png.rf.ed6cee6453173739f2b209b7b250015e","images/img_0095.jpg","position","extreme_position","easy","Which component is the rightmost in the complete circuit diagram? Answer with the component type.","从整张电路图判断，最右侧的元件是什么？请回答元件类型。","电容","component_type"
"qa_v6f_001985","img_0015","train__d1_autockt_-131_png.rf.f6a3f28e5af57c53a61dbc6afca37603","images/img_0015.jpg","position","extreme_position","easy","Which component is the rightmost in the complete circuit diagram? Answer with the component type.","从整张电路图判断，最右侧的元件是什么？请回答元件类型。","电流源","component_type"
"qa_v6f_000107","img_0241","train__d1_autockt_-132_png.rf.1b0f492f817fbdb706f85f9c4ce4d6bb","images/img_0241.jpg","position","extreme_position","easy","Which component is the rightmost in the complete circuit diagram? Answer with the component type.","从整张电路图判断，最右侧的元件是什么？请回答元件类型。","电感","component_type"
"qa_v6f_002286","img_0196","train__d1_autockt_-135_png.rf.1c27c76accc8d18c84f58823d2775d5b","images/img_0196.jpg","position","extreme_position","easy","Which component is the topmost in the complete circuit diagram? Answer with the component type.","从整张电路图判断，最上方的元件是什么？请回答元件类型。","电阻","component_type"
"qa_v6f_000858","img_0149","train__d1_autockt_-136_png.rf.8e604fb6f98ed60f4436ae47a82699ae","images/img_0149.jpg","position","extreme_position","easy","Which component is the bottommost in the complete circuit diagram? Answer with the component type.","从整张电路图判断，最下方的元件是什么？请回答元件类型。","电阻","component_type"
"qa_v6f_000707","img_0270","train__d1_autockt_-13_png.rf.025534ea436898928757dc3827ed6cd5","images/img_0270.jpg","position","extreme_position","easy","Which component is the bottommost in the complete circuit diagram? Answer with the component type.","从整张电路图判断，最下方的元件是什么？请回答元件类型。","电感","component_type"
"qa_v6f_000869","img_0162","train__d1_autockt_-142_png.rf.ff74d374cf796e4ec677cfdc0f805eda","images/img_0162.jpg","position","extreme_position","easy","Which component is the leftmost in the complete circuit diagram? Answer with the component type.","从整张电路图判断，最左侧的元件是什么？请回答元件类型。","电容","component_type"
"qa_v6f_000297","img_0055","train__d1_autockt_-145_png.rf.5cdde9875633aa11b68cd7ed33a6e59b","images/img_0055.jpg","position","extreme_position","easy","Which component is the bottommost in the complete circuit diagram? Answer with the component type.","从整张电路图判断，最下方的元件是什么？请回答元件类型。","电阻","component_type"
"qa_v6f_002214","img_0164","train__d1_autockt_-148_png.rf.042d8ec0ac3afadf033652b0d5e78b74","images/img_0164.jpg","position","extreme_position","easy","Which component is the rightmost in the complete circuit diagram? Answer with the component type.","从整张电路图判断，最右侧的元件是什么？请回答元件类型。","电流源","component_type"
"qa_v6f_002347","img_0115","train__d1_autockt_-153_png.rf.24137d8307ac729d7442f4aba4617663","images/img_0115.jpg","position","extreme_position","easy","Which component is the topmost in the complete circuit diagram? Answer with the component type.","从整张电路图判断，最上方的元件是什么？请回答元件类型。","电阻","component_type"
"qa_v6f_001693","img_0044","train__d1_autockt_-154_png.rf.1d50739e7b1f87df0b2b3121dedf3572","images/img_0044.jpg","position","extreme_position","easy","Which component is the rightmost in the complete circuit diagram? Answer with the component type.","从整张电路图判断，最右侧的元件是什么？请回答元件类型。","电感","component_type"
"qa_v6f_000989","img_0381","train__d1_autockt_-157_png.rf.faa2457020e11118cf7957b9a7a0fd4b","images/img_0381.jpg","position","extreme_position","easy","Which component is the bottommost in the complete circuit diagram? Answer with the component type.","从整张电路图判断，最下方的元件是什么？请回答元件类型。","电阻","component_type"
"qa_v6f_000649","img_0359","train__d1_autockt_-162_png.rf.c4862eec77a29de4b90e9e9e3d53a8d4","images/img_0359.jpg","position","extreme_position","easy","Which component is the bottommost in the complete circuit diagram? Answer with the component type.","从整张电路图判断，最下方的元件是什么？请回答元件类型。","电流源","component_type"
"qa_v6f_000636","img_0251","train__d1_autockt_-163_png.rf.e05478c4f718206b1ba145723be6e464","images/img_0251.jpg","position","extreme_position","easy","Which component is the leftmost in the complete circuit diagram? Answer with the component type.","从整张电路图判断，最左侧的元件是什么？请回答元件类型。","电阻","component_type"
"qa_v6f_001760","img_0046","train__d1_autockt_-176_png.rf.9d18276e947642b313f8b194479caa96","images/img_0046.jpg","position","extreme_position","easy","Which component is the rightmost in the complete circuit diagram? Answer with the component type.","从整张电路图判断，最右侧的元件是什么？请回答元件类型。","电容","component_type"
"qa_v6f_000721","img_0158","train__d1_autockt_-178_png.rf.6e8e76540774f195a7a26d81497a19ca","images/img_0158.jpg","position","extreme_position","easy","Which component is the topmost in the complete circuit diagram? Answer with the component type.","从整张电路图判断，最上方的元件是什么？请回答元件类型。","电感","component_type"
"qa_v6f_001454","img_0119","train__d1_autockt_-181_png.rf.27562d0a9a3d928425895b6474b448cc","images/img_0119.jpg","position","extreme_position","easy","Which component is the leftmost in the complete circuit diagram? Answer with the component type.","从整张电路图判断，最左侧的元件是什么？请回答元件类型。","电阻","component_type"
"qa_v6f_000797","img_0100","train__d1_autockt_-183_png.rf.e279e82606bf281c709fc9c53f80e739","images/img_0100.jpg","position","extreme_position","easy","Which component is the rightmost in the complete circuit diagram? Answer with the component type.","从整张电路图判断，最右侧的元件是什么？请回答元件类型。","电阻","component_type"
"qa_v6f_000913","img_0027","train__d1_autockt_-185_png.rf.cdbeabe0ea76f342426a179191398cae","images/img_0027.jpg","position","extreme_position","easy","Which component is the rightmost in the complete circuit diagram? Answer with the component type.","从整张电路图判断，最右侧的元件是什么？请回答元件类型。","电压源","component_type"
"qa_v6f_000484","img_0209","train__d1_autockt_-186_png.rf.b832966fc1ffa8a317d9c65c2b2a3700","images/img_0209.jpg","position","extreme_position","easy","Which component is the topmost in the complete circuit diagram? Answer with the component type.","从整张电路图判断，最上方的元件是什么？请回答元件类型。","电阻","component_type"
"qa_v6f_000252","img_0083","train__d1_autockt_-197_png.rf.3398024521496010fc964ed00cd6d6b7","images/img_0083.jpg","position","extreme_position","easy","Which component is the leftmost in the complete circuit diagram? Answer with the component type.","从整张电路图判断，最左侧的元件是什么？请回答元件类型。","电压源","component_type"
"qa_v6f_001290","img_0298","train__d1_autockt_-201_png.rf.55106b117ccb380bc2541978a8b6049c","images/img_0298.jpg","position","extreme_position","easy","Which component is the rightmost in the complete circuit diagram? Answer with the component type.","从整张电路图判断，最右侧的元件是什么？请回答元件类型。","电阻","component_type"
"qa_v6f_002317","img_0260","train__d1_autockt_-205_png.rf.5dc0799f6829932f2b57f142daeb4dc5","images/img_0260.jpg","position","extreme_position","easy","Which component is the leftmost in the complete circuit diagram? Answer with the component type.","从整张电路图判断，最左侧的元件是什么？请回答元件类型。","电感","component_type"
"qa_v6f_000101","img_0066","train__d1_autockt_-206_png.rf.b0ec0917b62fc263195fe44aafc7feb0","images/img_0066.jpg","position","extreme_position","easy","Which component is the leftmost in the complete circuit diagram? Answer with the component type.","从整张电路图判断，最左侧的元件是什么？请回答元件类型。","电阻","component_type"
"qa_v6f_001369","img_0287","train__d1_autockt_-208_png.rf.5819e4e9a8cfbdbfa84d39b7c1c08181","images/img_0287.jpg","position","extreme_position","easy","Which component is the leftmost in the complete circuit diagram? Answer with the component type.","从整张电路图判断，最左侧的元件是什么？请回答元件类型。","电容","component_type"
"qa_v6f_002380","img_0395","train__d1_autockt_-209_png.rf.871b80895a2d3e21e2835a296773b8f4","images/img_0395.jpg","position","extreme_position","easy","Which component is the topmost in the complete circuit diagram? Answer with the component type.","从整张电路图判断，最上方的元件是什么？请回答元件类型。","电感","component_type"
"qa_v6f_001869","img_0366","train__d1_autockt_-214_png.rf.e0c51ef9b7e23fa1f077a6127e010e17","images/img_0366.jpg","position","extreme_position","easy","Which component is the rightmost in the complete circuit diagram? Answer with the component type.","从整张电路图判断，最右侧的元件是什么？请回答元件类型。","电阻","component_type"
"qa_v6f_001139","img_0299","train__d1_autockt_-215_png.rf.f13ee742362c583a6267bbfefa2025a6","images/img_0299.jpg","position","extreme_position","easy","Which component is the rightmost in the complete circuit diagram? Answer with the component type.","从整张电路图判断，最右侧的元件是什么？请回答元件类型。","电阻","component_type"
"qa_v6f_000117","img_0267","train__d1_autockt_-219_png.rf.091b956fd3b071b85dbe70f9f927e549","images/img_0267.jpg","position","extreme_position","easy","Which component is the bottommost in the complete circuit diagram? Answer with the component type.","从整张电路图判断，最下方的元件是什么？请回答元件类型。","电流源","component_type"
"qa_v6f_001548","img_0289","train__d1_autockt_-222_png.rf.c001ee31370fbfbccfd7142f387253ae","images/img_0289.jpg","position","extreme_position","easy","Which component is the topmost in the complete circuit diagram? Answer with the component type.","从整张电路图判断，最上方的元件是什么？请回答元件类型。","电感","component_type"
"qa_v6f_000618","img_0341","train__d1_autockt_-227_png.rf.4de4f1238dd146d0b142d3b42a8d4c2f","images/img_0341.jpg","position","extreme_position","easy","Which component is the rightmost in the complete circuit diagram? Answer with the component type.","从整张电路图判断，最右侧的元件是什么？请回答元件类型。","电阻","component_type"
"qa_v6f_000994","img_0338","train__d1_autockt_-232_png.rf.1c09a3675234bd688610dfa5f6017e8a","images/img_0338.jpg","position","extreme_position","easy","Which component is the rightmost in the complete circuit diagram? Answer with the component type.","从整张电路图判断，最右侧的元件是什么？请回答元件类型。","电感","component_type"
"qa_v6f_002295","img_0172","train__d1_autockt_-236_png.rf.cc4d1a31abbd8a1b32c9a20fd70273d5","images/img_0172.jpg","position","extreme_position","easy","Which component is the bottommost in the complete circuit diagram? Answer with the component type.","从整张电路图判断，最下方的元件是什么？请回答元件类型。","电阻","component_type"
"qa_v6f_000699","img_0330","train__d1_autockt_-23_png.rf.027bd37e1ba58a5b27e911960f07c89c","images/img_0330.jpg","position","extreme_position","easy","Which component is the leftmost in the complete circuit diagram? Answer with the component type.","从整张电路图判断，最左侧的元件是什么？请回答元件类型。","电阻","component_type"
"qa_v6f_001591","img_0176","train__d1_autockt_-244_png.rf.5b6f7ad75d59e5ba315c758d3a6fd04e","images/img_0176.jpg","position","extreme_position","easy","Which component is the leftmost in the complete circuit diagram? Answer with the component type.","从整张电路图判断，最左侧的元件是什么？请回答元件类型。","电阻","component_type"
"qa_v6f_000615","img_0179","train__d1_autockt_-245_png.rf.93e3c62d7e82b5edba9144be71728272","images/img_0179.jpg","position","extreme_position","easy","Which component is the leftmost in the complete circuit diagram? Answer with the component type.","从整张电路图判断，最左侧的元件是什么？请回答元件类型。","电阻","component_type"
"qa_v6f_000576","img_0222","train__d1_autockt_-24_png.rf.2217a96e32b725062bb2929073f00421","images/img_0222.jpg","position","extreme_position","easy","Which component is the rightmost in the complete circuit diagram? Answer with the component type.","从整张电路图判断，最右侧的元件是什么？请回答元件类型。","电流源","component_type"
"qa_v6f_000997","img_0391","train__d1_autockt_-250_png.rf.5dc7f96a8499ed821bd95bbf31055c5c","images/img_0391.jpg","position","extreme_position","easy","Which component is the rightmost in the complete circuit diagram? Answer with the component type.","从整张电路图判断，最右侧的元件是什么？请回答元件类型。","电阻","component_type"
"qa_v6f_000423","img_0308","train__d1_autockt_-252_png.rf.3dc4b23e2579dd6c511905aac57d667e","images/img_0308.jpg","position","extreme_position","easy","Which component is the topmost in the complete circuit diagram? Answer with the component type.","从整张电路图判断，最上方的元件是什么？请回答元件类型。","电压源","component_type"
"qa_v6f_002120","img_0136","train__d1_autockt_-253_png.rf.6091c34e8523333a293a94711d8bf430","images/img_0136.jpg","position","extreme_position","easy","Which component is the leftmost in the complete circuit diagram? Answer with the component type.","从整张电路图判断，最左侧的元件是什么？请回答元件类型。","电阻","component_type"
"qa_v6f_000465","img_0103","train__d1_autockt_-25_png.rf.0b8942c3aacc03d778572d69aebb6362","images/img_0103.jpg","position","extreme_position","easy","Which component is the topmost in the complete circuit diagram? Answer with the component type.","从整张电路图判断，最上方的元件是什么？请回答元件类型。","电压源","component_type"
"qa_v6f_000496","img_0013","train__d1_autockt_-263_png.rf.4372748f166f2920e2135e789538fdbc","images/img_0013.jpg","position","extreme_position","easy","Which component is the rightmost in the complete circuit diagram? Answer with the component type.","从整张电路图判断，最右侧的元件是什么？请回答元件类型。","电容","component_type"
"qa_v6f_000446","img_0157","train__d1_autockt_-265_png.rf.bb5e611c809b6047ea7be5abd5ffbfca","images/img_0157.jpg","position","extreme_position","easy","Which component is the rightmost in the complete circuit diagram? Answer with the component type.","从整张电路图判断，最右侧的元件是什么？请回答元件类型。","电阻","component_type"
"qa_v6f_002289","img_0190","train__d1_autockt_-266_png.rf.be0b8aff5eb0f00def9fe86afc3e5e7f","images/img_0190.jpg","position","extreme_position","easy","Which component is the topmost in the complete circuit diagram? Answer with the component type.","从整张电路图判断，最上方的元件是什么？请回答元件类型。","电容","component_type"
"qa_v6f_000581","img_0116","train__d1_autockt_-268_png.rf.cdfe492ad8ddff07feb6f0a2fea450b6","images/img_0116.jpg","position","extreme_position","easy","Which component is the bottommost in the complete circuit diagram? Answer with the component type.","从整张电路图判断，最下方的元件是什么？请回答元件类型。","电阻","component_type"
"qa_v6f_001112","img_0206","train__d1_autockt_-26_png.rf.6249d1124818b0f55b82be9563842735","images/img_0206.jpg","position","extreme_position","easy","Which component is the topmost in the complete circuit diagram? Answer with the component type.","从整张电路图判断，最上方的元件是什么？请回答元件类型。","电流源","component_type"
"qa_v6f_000239","img_0278","train__d1_autockt_-270_png.rf.ddaf5053e5542e0a28db2492ea4f3e04","images/img_0278.jpg","position","extreme_position","easy","Which component is the topmost in the complete circuit diagram? Answer with the component type.","从整张电路图判断，最上方的元件是什么？请回答元件类型。","电压源","component_type"
"qa_v6f_001292","img_0188","train__d1_autockt_-271_png.rf.46d930e63b46e9409f08a69cb2888368","images/img_0188.jpg","position","extreme_position","easy","Which component is the topmost in the complete circuit diagram? Answer with the component type.","从整张电路图判断，最上方的元件是什么？请回答元件类型。","电阻","component_type"
"qa_v6f_001002","img_0385","train__d1_autockt_-272_png.rf.693947240b8dd7d512af77b18b6cda82","images/img_0385.jpg","position","extreme_position","easy","Which component is the leftmost in the complete circuit diagram? Answer with the component type.","从整张电路图判断，最左侧的元件是什么？请回答元件类型。","电阻","component_type"
"qa_v6f_000886","img_0105","train__d1_autockt_-274_png.rf.209b5b5fb1a4feff90945a5a33722cb5","images/img_0105.jpg","position","extreme_position","easy","Which component is the bottommost in the complete circuit diagram? Answer with the component type.","从整张电路图判断，最下方的元件是什么？请回答元件类型。","电阻","component_type"
"qa_v6f_000841","img_0076","train__d1_autockt_-280_png.rf.04f6fc238ad1093b28868c13f8898a54","images/img_0076.jpg","position","extreme_position","easy","Which component is the leftmost in the complete circuit diagram? Answer with the component type.","从整张电路图判断，最左侧的元件是什么？请回答元件类型。","电流源","component_type"
"qa_v6f_000367","img_0056","train__d1_autockt_-285_png.rf.ca8fc170166ff6706561f1ce9ca4c4d5","images/img_0056.jpg","position","extreme_position","easy","Which component is the bottommost in the complete circuit diagram? Answer with the component type.","从整张电路图判断，最下方的元件是什么？请回答元件类型。","电流源","component_type"
"qa_v6f_001958","img_0254","train__d1_autockt_-288_png.rf.bd807708b49475c650afaba546c05c03","images/img_0254.jpg","position","extreme_position","easy","Which component is the topmost in the complete circuit diagram? Answer with the component type.","从整张电路图判断，最上方的元件是什么？请回答元件类型。","电容","component_type"
"qa_v6f_001507","img_0169","train__d1_autockt_-28_png.rf.86fb779e280167fc883f40e4cd8f050b","images/img_0169.jpg","position","extreme_position","easy","Which component is the rightmost in the complete circuit diagram? Answer with the component type.","从整张电路图判断，最右侧的元件是什么？请回答元件类型。","电阻","component_type"
"qa_v6f_000828","img_0053","train__d1_autockt_-294_png.rf.0f86bcd2264ee672636588981caf8ab2","images/img_0053.jpg","position","extreme_position","easy","Which component is the topmost in the complete circuit diagram? Answer with the component type.","从整张电路图判断，最上方的元件是什么？请回答元件类型。","电阻","component_type"
"qa_v6f_000598","img_0268","train__d1_autockt_-299_png.rf.fe98ce3743245c406e7f8604c06952df","images/img_0268.jpg","position","extreme_position","easy","Which component is the rightmost in the complete circuit diagram? Answer with the component type.","从整张电路图判断，最右侧的元件是什么？请回答元件类型。","电阻","component_type"
"qa_v6f_001829","img_0086","train__d1_autockt_-29_png.rf.7c6aba8f9f28abd5605f795f8ed30c48","images/img_0086.jpg","position","extreme_position","easy","Which component is the leftmost in the complete circuit diagram? Answer with the component type.","从整张电路图判断，最左侧的元件是什么？请回答元件类型。","电流源","component_type"
"qa_v6f_001506","img_0229","train__d1_autockt_-305_png.rf.233c2e69cbb5b2ecac3f332d8fac5b48","images/img_0229.jpg","position","extreme_position","easy","Which component is the rightmost in the complete circuit diagram? Answer with the component type.","从整张电路图判断，最右侧的元件是什么？请回答元件类型。","电流源","component_type"
"qa_v6f_002248","img_0252","train__d1_autockt_-306_png.rf.376ca3c5a1c22d3dc54f351fd18105bf","images/img_0252.jpg","position","extreme_position","easy","Which component is the leftmost in the complete circuit diagram? Answer with the component type.","从整张电路图判断，最左侧的元件是什么？请回答元件类型。","电阻","component_type"
"qa_v6f_001241","img_0230","train__d1_autockt_-307_png.rf.9031ba45e574c43f34167247654e141a","images/img_0230.jpg","position","extreme_position","easy","Which component is the rightmost in the complete circuit diagram? Answer with the component type.","从整张电路图判断，最右侧的元件是什么？请回答元件类型。","电压源","component_type"
"qa_v6f_000658","img_0102","train__d1_autockt_-309_png.rf.8e7d05cbea479e8175bebe7179478607","images/img_0102.jpg","position","extreme_position","easy","Which component is the leftmost in the complete circuit diagram? Answer with the component type.","从整张电路图判断，最左侧的元件是什么？请回答元件类型。","电容","component_type"
"qa_v6f_001247","img_0182","train__d1_autockt_-30_png.rf.c632c6cf76582f79ea7f02104f9b0fd4","images/img_0182.jpg","position","extreme_position","easy","Which component is the bottommost in the complete circuit diagram? Answer with the component type.","从整张电路图判断，最下方的元件是什么？请回答元件类型。","电阻","component_type"
"qa_v6f_000731","img_0025","train__d1_autockt_-310_png.rf.2a8187cab48984cef75e40e44b634512","images/img_0025.jpg","position","extreme_position","easy","Which component is the bottommost in the complete circuit diagram? Answer with the component type.","从整张电路图判断，最下方的元件是什么？请回答元件类型。","电容","component_type"
"qa_v6f_001278","img_0393","train__d1_autockt_-311_png.rf.d1ba27e60860fd082081e8b6adede799","images/img_0393.jpg","position","extreme_position","easy","Which component is the topmost in the complete circuit diagram? Answer with the component type.","从整张电路图判断，最上方的元件是什么？请回答元件类型。","电感","component_type"
"qa_v6f_000010","img_0283","train__d1_autockt_-312_png.rf.fbb42b4fa9872615fa40dbd2230f8fe7","images/img_0283.jpg","position","extreme_position","easy","Which component is the topmost in the complete circuit diagram? Answer with the component type.","从整张电路图判断，最上方的元件是什么？请回答元件类型。","电阻","component_type"
"qa_v6f_002015","img_0311","train__d1_autockt_-316_png.rf.3b805e4ccb180959231213e490ccffde","images/img_0311.jpg","position","extreme_position","easy","Which component is the topmost in the complete circuit diagram? Answer with the component type.","从整张电路图判断，最上方的元件是什么？请回答元件类型。","电阻","component_type"
"qa_v6f_001483","img_0107","train__d1_autockt_-321_png.rf.f36e618b183252ed4bf47374db397f20","images/img_0107.jpg","position","extreme_position","easy","Which component is the leftmost in the complete circuit diagram? Answer with the component type.","从整张电路图判断，最左侧的元件是什么？请回答元件类型。","电阻","component_type"
"qa_v6f_001931","img_0187","train__d1_autockt_-324_png.rf.091eb00694d00775bc23251fa41022d3","images/img_0187.jpg","position","extreme_position","easy","Which component is the rightmost in the complete circuit diagram? Answer with the component type.","从整张电路图判断，最右侧的元件是什么？请回答元件类型。","电压源","component_type"
"qa_v6f_000429","img_0034","train__d1_autockt_-326_png.rf.0f5dcb9e12a72062a2b824d837d24a4e","images/img_0034.jpg","position","extreme_position","easy","Which component is the bottommost in the complete circuit diagram? Answer with the component type.","从整张电路图判断，最下方的元件是什么？请回答元件类型。","电阻","component_type"
"qa_v6f_001464","img_0301","train__d1_autockt_-339_png.rf.2d2be08d2d45e8b10342ffd4313242b5","images/img_0301.jpg","position","extreme_position","easy","Which component is the leftmost in the complete circuit diagram? Answer with the component type.","从整张电路图判断，最左侧的元件是什么？请回答元件类型。","电流源","component_type"
"qa_v6f_000781","img_0137","train__d1_autockt_-33_png.rf.c6aff569e7667e951596b970330cd7bf","images/img_0137.jpg","position","extreme_position","easy","Which component is the bottommost in the complete circuit diagram? Answer with the component type.","从整张电路图判断，最下方的元件是什么？请回答元件类型。","电阻","component_type"
"qa_v6f_000434","img_0322","train__d1_autockt_-341_png.rf.c7ad6618b1a21c7b5e6069fd68d2df3d","images/img_0322.jpg","position","extreme_position","easy","Which component is the bottommost in the complete circuit diagram? Answer with the component type.","从整张电路图判断，最下方的元件是什么？请回答元件类型。","电阻","component_type"
"qa_v6f_001309","img_0316","train__d1_autockt_-343_png.rf.0e601cbd631f99434c65e1c2f92d0f41","images/img_0316.jpg","position","extreme_position","easy","Which component is the leftmost in the complete circuit diagram? Answer with the component type.","从整张电路图判断，最左侧的元件是什么？请回答元件类型。","电压源","component_type"
"qa_v6f_001183","img_0070","train__d1_autockt_-346_png.rf.28f6eb52704b4133d096c6598a41adc7","images/img_0070.jpg","position","extreme_position","easy","Which component is the bottommost in the complete circuit diagram? Answer with the component type.","从整张电路图判断，最下方的元件是什么？请回答元件类型。","电压源","component_type"
"qa_v6f_001898","img_0003","train__d1_autockt_-350_png.rf.beb5c9eef642817ba08e42175d856c16","images/img_0003.jpg","position","extreme_position","easy","Which component is the topmost in the complete circuit diagram? Answer with the component type.","从整张电路图判断，最上方的元件是什么？请回答元件类型。","电压源","component_type"
"qa_v6f_001784","img_0266","train__d1_autockt_-354_png.rf.abc754da008a1144663422e8688f429b","images/img_0266.jpg","position","extreme_position","easy","Which component is the bottommost in the complete circuit diagram? Answer with the component type.","从整张电路图判断，最下方的元件是什么？请回答元件类型。","电阻","component_type"
"qa_v6f_001343","img_0138","train__d1_autockt_-359_png.rf.32f580e2f1f104466b0b37403333dff4","images/img_0138.jpg","position","extreme_position","easy","Which component is the topmost in the complete circuit diagram? Answer with the component type.","从整张电路图判断，最上方的元件是什么？请回答元件类型。","电容","component_type"
"qa_v6f_001768","img_0247","train__d1_autockt_-367_png.rf.204275876925d789e357e5a08652946c","images/img_0247.jpg","position","extreme_position","easy","Which component is the topmost in the complete circuit diagram? Answer with the component type.","从整张电路图判断，最上方的元件是什么？请回答元件类型。","电阻","component_type"
"qa_v6f_000552","img_0281","train__d1_autockt_-376_png.rf.7df8c99642973b2997a9f54c474d996c","images/img_0281.jpg","position","extreme_position","easy","Which component is the leftmost in the complete circuit diagram? Answer with the component type.","从整张电路图判断，最左侧的元件是什么？请回答元件类型。","电压源","component_type"
"qa_v6f_000412","img_0088","train__d1_autockt_-37_png.rf.a869669abd8fcccbde76a67ec795a53c","images/img_0088.jpg","position","extreme_position","easy","Which component is the bottommost in the complete circuit diagram? Answer with the component type.","从整张电路图判断，最下方的元件是什么？请回答元件类型。","电阻","component_type"
"qa_v6f_000507","img_0018","train__d1_autockt_-381_png.rf.70fbe857cd95ffb137f18c16c28c6c88","images/img_0018.jpg","position","extreme_position","easy","Which component is the bottommost in the complete circuit diagram? Answer with the component type.","从整张电路图判断，最下方的元件是什么？请回答元件类型。","电阻","component_type"
"qa_v6f_002086","img_0031","train__d1_autockt_-382_png.rf.a728c7a9544a2fd4e7ac4e97f751cc3c","images/img_0031.jpg","position","extreme_position","easy","Which component is the leftmost in the complete circuit diagram? Answer with the component type.","从整张电路图判断，最左侧的元件是什么？请回答元件类型。","电感","component_type"
"qa_v6f_001959","img_0253","train__d1_autockt_-384_png.rf.2a27b492a0b34ab8eece084ce1ab609c","images/img_0253.jpg","position","extreme_position","easy","Which component is the rightmost in the complete circuit diagram? Answer with the component type.","从整张电路图判断，最右侧的元件是什么？请回答元件类型。","电感","component_type"
"qa_v6f_001026","img_0233","train__d1_autockt_-386_png.rf.f61e314536dd5dc41e2100a8fc10489e","images/img_0233.jpg","position","extreme_position","easy","Which component is the rightmost in the complete circuit diagram? Answer with the component type.","从整张电路图判断，最右侧的元件是什么？请回答元件类型。","电阻","component_type"
"qa_v6f_000905","img_0336","train__d1_autockt_-38_png.rf.9faa205028090ca6c082437ebab5545d","images/img_0336.jpg","position","extreme_position","easy","Which component is the leftmost in the complete circuit diagram? Answer with the component type.","从整张电路图判断，最左侧的元件是什么？请回答元件类型。","电压源","component_type"
"qa_v6f_001107","img_0062","train__d1_autockt_-398_png.rf.e39109e94fb9b165553dccf66c4965e4","images/img_0062.jpg","position","extreme_position","easy","Which component is the bottommost in the complete circuit diagram? Answer with the component type.","从整张电路图判断，最下方的元件是什么？请回答元件类型。","电压源","component_type"
"qa_v6f_001065","img_0262","train__d1_autockt_-402_png.rf.cfc916c5ce009ea58831c24178cbaf70","images/img_0262.jpg","position","extreme_position","easy","Which component is the topmost in the complete circuit diagram? Answer with the component type.","从整张电路图判断，最上方的元件是什么？请回答元件类型。","电感","component_type"
"qa_v6f_001637","img_0133","train__d1_autockt_-403_png.rf.9c28a52ffb8eb8f3136b54832bf06e2f","images/img_0133.jpg","position","extreme_position","easy","Which component is the topmost in the complete circuit diagram? Answer with the component type.","从整张电路图判断，最上方的元件是什么？请回答元件类型。","电流源","component_type"
"qa_v6f_001234","img_0191","train__d1_autockt_-407_png.rf.3416d51ea768d8fcefa78d8b96114377","images/img_0191.jpg","position","extreme_position","easy","Which component is the leftmost in the complete circuit diagram? Answer with the component type.","从整张电路图判断，最左侧的元件是什么？请回答元件类型。","电感","component_type"
"qa_v6f_001435","img_0166","train__d1_autockt_-412_png.rf.edfb98165ea242e0775bc00b9c69793f","images/img_0166.jpg","position","extreme_position","easy","Which component is the bottommost in the complete circuit diagram? Answer with the component type.","从整张电路图判断，最下方的元件是什么？请回答元件类型。","电阻","component_type"
"qa_v6f_001233","img_0369","train__d1_autockt_-413_png.rf.7f0c7598d5a1530a22e4baafd6ed429f","images/img_0369.jpg","position","extreme_position","easy","Which component is the topmost in the complete circuit diagram? Answer with the component type.","从整张电路图判断，最上方的元件是什么？请回答元件类型。","电阻","component_type"
"qa_v6f_001578","img_0320","train__d1_autockt_-414_png.rf.de58dde21eba2a54e7df9ebdc840867a","images/img_0320.jpg","position","extreme_position","easy","Which component is the leftmost in the complete circuit diagram? Answer with the component type.","从整张电路图判断，最左侧的元件是什么？请回答元件类型。","电容","component_type"
"qa_v6f_002033","img_0077","train__d1_autockt_-417_png.rf.7bc46ed01c3dacaa21123fe04ea75494","images/img_0077.jpg","position","extreme_position","easy","Which component is the bottommost in the complete circuit diagram? Answer with the component type.","从整张电路图判断，最下方的元件是什么？请回答元件类型。","电压源","component_type"
"qa_v6f_001205","img_0360","train__d1_autockt_-418_png.rf.e2ba99310a487464c367bde390929131","images/img_0360.jpg","position","extreme_position","easy","Which component is the bottommost in the complete circuit diagram? Answer with the component type.","从整张电路图判断，最下方的元件是什么？请回答元件类型。","电压源","component_type"
"qa_v6f_002001","img_0122","train__d1_autockt_-419_png.rf.724fe0542c06f76e876b26faaf1bc86a","images/img_0122.jpg","position","extreme_position","easy","Which component is the topmost in the complete circuit diagram? Answer with the component type.","从整张电路图判断，最上方的元件是什么？请回答元件类型。","电压源","component_type"
"qa_v6f_000358","img_0259","train__d1_autockt_-423_png.rf.fccb3bbb996179e9fea087ce07932901","images/img_0259.jpg","position","extreme_position","easy","Which component is the leftmost in the complete circuit diagram? Answer with the component type.","从整张电路图判断，最左侧的元件是什么？请回答元件类型。","电阻","component_type"
"qa_v6f_002013","img_0326","train__d1_autockt_-431_png.rf.41418e75a5e6bb8a0eb52209212a78b1","images/img_0326.jpg","position","extreme_position","easy","Which component is the bottommost in the complete circuit diagram? Answer with the component type.","从整张电路图判断，最下方的元件是什么？请回答元件类型。","电阻","component_type"
"qa_v6f_000307","img_0026","train__d1_autockt_-435_png.rf.f8446e033be019cede7947993b824b98","images/img_0026.jpg","position","extreme_position","easy","Which component is the leftmost in the complete circuit diagram? Answer with the component type.","从整张电路图判断，最左侧的元件是什么？请回答元件类型。","电压源","component_type"
"qa_v6f_000726","img_0012","train__d1_autockt_-440_png.rf.66f06ce3967e198359be3ba51c0b947d","images/img_0012.jpg","position","extreme_position","easy","Which component is the bottommost in the complete circuit diagram? Answer with the component type.","从整张电路图判断，最下方的元件是什么？请回答元件类型。","电容","component_type"
"qa_v6f_001617","img_0032","train__d1_autockt_-448_png.rf.c3dfde43eece3ebdb656eb3db9d40038","images/img_0032.jpg","position","extreme_position","easy","Which component is the rightmost in the complete circuit diagram? Answer with the component type.","从整张电路图判断，最右侧的元件是什么？请回答元件类型。","电阻","component_type"
"qa_v6f_002330","img_0340","train__d1_autockt_-449_png.rf.f435d79eb688d005d608f30898b0322f","images/img_0340.jpg","position","extreme_position","easy","Which component is the topmost in the complete circuit diagram? Answer with the component type.","从整张电路图判断，最上方的元件是什么？请回答元件类型。","电压源","component_type"
"qa_v6f_000057","img_0261","train__d1_autockt_-451_png.rf.f37b42cdc9453ecbcf076999c10aad93","images/img_0261.jpg","position","extreme_position","easy","Which component is the leftmost in the complete circuit diagram? Answer with the component type.","从整张电路图判断，最左侧的元件是什么？请回答元件类型。","电压源","component_type"
"qa_v6f_001071","img_0045","train__d1_autockt_-454_png.rf.c5fc966c9b852852a21b2d353dad8ad7","images/img_0045.jpg","position","extreme_position","easy","Which component is the bottommost in the complete circuit diagram? Answer with the component type.","从整张电路图判断，最下方的元件是什么？请回答元件类型。","电容","component_type"
"qa_v6f_001904","img_0334","train__d1_autockt_-45_png.rf.51f3d72d221cc647bbfef272ef0e2879","images/img_0334.jpg","position","extreme_position","easy","Which component is the bottommost in the complete circuit diagram? Answer with the component type.","从整张电路图判断，最下方的元件是什么？请回答元件类型。","电压源","component_type"
"qa_v6f_001580","img_0153","train__d1_autockt_-460_png.rf.9e0ece51cc84de8b3988a5c15706d71c","images/img_0153.jpg","position","extreme_position","easy","Which component is the leftmost in the complete circuit diagram? Answer with the component type.","从整张电路图判断，最左侧的元件是什么？请回答元件类型。","电阻","component_type"
"qa_v6f_000362","img_0125","train__d1_autockt_-463_png.rf.befc30e9d6d0816fcddadeb5bbd18937","images/img_0125.jpg","position","extreme_position","easy","Which component is the rightmost in the complete circuit diagram? Answer with the component type.","从整张电路图判断，最右侧的元件是什么？请回答元件类型。","电阻","component_type"
"qa_v6f_001242","img_0009","train__d1_autockt_-465_png.rf.8fac8ad95079d2ef7e608fe2caeafa9d","images/img_0009.jpg","position","extreme_position","easy","Which component is the rightmost in the complete circuit diagram? Answer with the component type.","从整张电路图判断，最右侧的元件是什么？请回答元件类型。","电阻","component_type"
"qa_v6f_002051","img_0204","train__d1_autockt_-471_png.rf.0f9b21fe1b17e784d8b1e3fb74f96af8","images/img_0204.jpg","position","extreme_position","easy","Which component is the rightmost in the complete circuit diagram? Answer with the component type.","从整张电路图判断，最右侧的元件是什么？请回答元件类型。","电流源","component_type"
"qa_v6f_000422","img_0118","train__d1_autockt_-472_png.rf.ff1921e9a801051dc67ec8c3a80df8f8","images/img_0118.jpg","position","extreme_position","easy","Which component is the topmost in the complete circuit diagram? Answer with the component type.","从整张电路图判断，最上方的元件是什么？请回答元件类型。","电阻","component_type"
"qa_v6f_000136","img_0096","train__d1_autockt_-473_png.rf.90412134f4599a57fff8d229cd77b1fc","images/img_0096.jpg","position","extreme_position","easy","Which component is the leftmost in the complete circuit diagram? Answer with the component type.","从整张电路图判断，最左侧的元件是什么？请回答元件类型。","电感","component_type"
"qa_v6f_001900","img_0232","train__d1_autockt_-481_png.rf.2709a59e78f86eb28d160132a282d50b","images/img_0232.jpg","position","extreme_position","easy","Which component is the bottommost in the complete circuit diagram? Answer with the component type.","从整张电路图判断，最下方的元件是什么？请回答元件类型。","电阻","component_type"
"qa_v6f_000725","img_0309","train__d1_autockt_-487_png.rf.3b4abde3b8fcf0e86ef93e33ac8ba3bc","images/img_0309.jpg","position","extreme_position","easy","Which component is the leftmost in the complete circuit diagram? Answer with the component type.","从整张电路图判断，最左侧的元件是什么？请回答元件类型。","电压源","component_type"
"qa_v6f_000798","img_0295","train__d1_autockt_-488_png.rf.304ca500af3dea19bf4afc717b46b25f","images/img_0295.jpg","position","extreme_position","easy","Which component is the bottommost in the complete circuit diagram? Answer with the component type.","从整张电路图判断，最下方的元件是什么？请回答元件类型。","电容","component_type"
"qa_v6f_000888","img_0054","train__d1_autockt_-496_png.rf.3857766abc4a8741b932c14b4ce1ccf2","images/img_0054.jpg","position","extreme_position","easy","Which component is the leftmost in the complete circuit diagram? Answer with the component type.","从整张电路图判断，最左侧的元件是什么？请回答元件类型。","电容","component_type"
"qa_v6f_000292","img_0112","train__d1_autockt_-497_png.rf.6781ee0e9dcf16ea6f1142267d01298d","images/img_0112.jpg","position","extreme_position","easy","Which component is the topmost in the complete circuit diagram? Answer with the component type.","从整张电路图判断，最上方的元件是什么？请回答元件类型。","电阻","component_type"
"qa_v6f_001322","img_0147","train__d1_autockt_-502_png.rf.fbc5dea95acccca5927e3aed43e5fe2c","images/img_0147.jpg","position","extreme_position","easy","Which component is the topmost in the complete circuit diagram? Answer with the component type.","从整张电路图判断，最上方的元件是什么？请回答元件类型。","电阻","component_type"
"qa_v6f_000981","img_0121","train__d1_autockt_-507_png.rf.385d15eba96c4ea635398ce9db6529a5","images/img_0121.jpg","position","extreme_position","easy","Which component is the bottommost in the complete circuit diagram? Answer with the component type.","从整张电路图判断，最下方的元件是什么？请回答元件类型。","电阻","component_type"
"qa_v6f_001899","img_0037","train__d1_autockt_-508_png.rf.9a8c1f8178dddd53d74d32f7c105055f","images/img_0037.jpg","position","extreme_position","easy","Which component is the topmost in the complete circuit diagram? Answer with the component type.","从整张电路图判断，最上方的元件是什么？请回答元件类型。","电阻","component_type"
"qa_v6f_001474","img_0392","train__d1_autockt_-50_png.rf.42967ff493a23b07b721c035ba221696","images/img_0392.jpg","position","extreme_position","easy","Which component is the topmost in the complete circuit diagram? Answer with the component type.","从整张电路图判断，最上方的元件是什么？请回答元件类型。","电感","component_type"
"qa_v6f_002009","img_0135","train__d1_autockt_-514_png.rf.f3e0d72fa9948e88072570fb7683f175","images/img_0135.jpg","position","extreme_position","easy","Which component is the leftmost in the complete circuit diagram? Answer with the component type.","从整张电路图判断，最左侧的元件是什么？请回答元件类型。","电阻","component_type"
"qa_v6f_000473","img_0234","train__d1_autockt_-515_png.rf.b6bc962b2a68545c50e486277ef4d8f5","images/img_0234.jpg","position","extreme_position","easy","Which component is the bottommost in the complete circuit diagram? Answer with the component type.","从整张电路图判断，最下方的元件是什么？请回答元件类型。","电感","component_type"
"qa_v6f_002118","img_0063","train__d1_autockt_-520_png.rf.b8e3e853af5b921647cdc0ed5fb21308","images/img_0063.jpg","position","extreme_position","easy","Which component is the bottommost in the complete circuit diagram? Answer with the component type.","从整张电路图判断，最下方的元件是什么？请回答元件类型。","电阻","component_type"
"qa_v6f_000962","img_0091","train__d1_autockt_-526_png.rf.972c85876b6e2ef1bcb8234f3b87aec3","images/img_0091.jpg","position","extreme_position","easy","Which component is the topmost in the complete circuit diagram? Answer with the component type.","从整张电路图判断，最上方的元件是什么？请回答元件类型。","电感","component_type"
"qa_v6f_001238","img_0218","train__d1_autockt_-530_png.rf.372fa3f0ed5af7b9ef57e620223aaef1","images/img_0218.jpg","position","extreme_position","easy","Which component is the bottommost in the complete circuit diagram? Answer with the component type.","从整张电路图判断，最下方的元件是什么？请回答元件类型。","电感","component_type"
"qa_v6f_002167","img_0106","train__d1_autockt_-535_png.rf.9153b1dc9dda171b9a0812795e7e719e","images/img_0106.jpg","position","extreme_position","easy","Which component is the rightmost in the complete circuit diagram? Answer with the component type.","从整张电路图判断，最右侧的元件是什么？请回答元件类型。","电流源","component_type"
"qa_v6f_000364","img_0367","train__d1_autockt_-537_png.rf.6ee6497275122beda6a37704f5429c2e","images/img_0367.jpg","position","extreme_position","easy","Which component is the leftmost in the complete circuit diagram? Answer with the component type.","从整张电路图判断，最左侧的元件是什么？请回答元件类型。","电阻","component_type"
"qa_v6f_001646","img_0288","train__d1_autockt_-547_png.rf.f0472340e4dc77478687a06623d1f513","images/img_0288.jpg","position","extreme_position","easy","Which component is the bottommost in the complete circuit diagram? Answer with the component type.","从整张电路图判断，最下方的元件是什么？请回答元件类型。","电流源","component_type"
"qa_v6f_002212","img_0126","train__d1_autockt_-554_png.rf.4cccaa0ae853ff949527efe4e1892456","images/img_0126.jpg","position","extreme_position","easy","Which component is the leftmost in the complete circuit diagram? Answer with the component type.","从整张电路图判断，最左侧的元件是什么？请回答元件类型。","电压源","component_type"
"qa_v6f_001540","img_0228","train__d1_autockt_-560_png.rf.5f86c26b11af110f8b145b2b72249dcf","images/img_0228.jpg","position","extreme_position","easy","Which component is the rightmost in the complete circuit diagram? Answer with the component type.","从整张电路图判断，最右侧的元件是什么？请回答元件类型。","电流源","component_type"
"qa_v6f_000613","img_0382","train__d1_autockt_-566_png.rf.b6d4d71ca20087885e39423cd20ee90e","images/img_0382.jpg","position","extreme_position","easy","Which component is the rightmost in the complete circuit diagram? Answer with the component type.","从整张电路图判断，最右侧的元件是什么？请回答元件类型。","电阻","component_type"
"qa_v6f_000141","img_0184","train__d1_autockt_-567_png.rf.37966f21a58066fa87670790cd733f17","images/img_0184.jpg","position","extreme_position","easy","Which component is the leftmost in the complete circuit diagram? Answer with the component type.","从整张电路图判断，最左侧的元件是什么？请回答元件类型。","电阻","component_type"
"qa_v6f_000347","img_0002","train__d1_autockt_-569_png.rf.f0a8e9cd979e186d476c0253a3334b23","images/img_0002.jpg","position","extreme_position","easy","Which component is the bottommost in the complete circuit diagram? Answer with the component type.","从整张电路图判断，最下方的元件是什么？请回答元件类型。","电感","component_type"
"qa_v6f_002376","img_0226","train__d1_autockt_-56_png.rf.995fbba5660beea0bb9d526bc4564da7","images/img_0226.jpg","position","extreme_position","easy","Which component is the topmost in the complete circuit diagram? Answer with the component type.","从整张电路图判断，最上方的元件是什么？请回答元件类型。","电压源","component_type"
"qa_v6f_000226","img_0242","train__d1_autockt_-570_png.rf.d3b32a9969421d4a429cd85f709b45ab","images/img_0242.jpg","position","extreme_position","easy","Which component is the leftmost in the complete circuit diagram? Answer with the component type.","从整张电路图判断，最左侧的元件是什么？请回答元件类型。","电感","component_type"
"qa_v6f_001516","img_0351","train__d1_autockt_-573_png.rf.b87b3e4358d99547312a456567426c7b","images/img_0351.jpg","position","extreme_position","easy","Which component is the topmost in the complete circuit diagram? Answer with the component type.","从整张电路图判断，最上方的元件是什么？请回答元件类型。","电流源","component_type"
"qa_v6f_001448","img_0383","train__d1_autockt_-584_png.rf.4a4c1f207fda4cb0792f6c58704bfc87","images/img_0383.jpg","position","extreme_position","easy","Which component is the bottommost in the complete circuit diagram? Answer with the component type.","从整张电路图判断，最下方的元件是什么？请回答元件类型。","电感","component_type"
"qa_v6f_000384","img_0312","train__d1_autockt_-586_png.rf.eede6b9ddd49409a04702fc750a73a60","images/img_0312.jpg","position","extreme_position","easy","Which component is the leftmost in the complete circuit diagram? Answer with the component type.","从整张电路图判断，最左侧的元件是什么？请回答元件类型。","电感","component_type"
"qa_v6f_001603","img_0379","train__d1_autockt_-589_png.rf.caaed650862b4f58056578a57dcd0d65","images/img_0379.jpg","position","extreme_position","easy","Which component is the leftmost in the complete circuit diagram? Answer with the component type.","从整张电路图判断，最左侧的元件是什么？请回答元件类型。","电阻","component_type"
"qa_v6f_000586","img_0331","train__d1_autockt_-58_png.rf.ec0414ed0e8e6c0b0a8ca10b34ac3422","images/img_0331.jpg","position","extreme_position","easy","Which component is the bottommost in the complete circuit diagram? Answer with the component type.","从整张电路图判断，最下方的元件是什么？请回答元件类型。","电感","component_type"
"qa_v6f_000208","img_0146","train__d1_autockt_-590_png.rf.abffb237d50d5da270ea5d7ada455339","images/img_0146.jpg","position","extreme_position","easy","Which component is the leftmost in the complete circuit diagram? Answer with the component type.","从整张电路图判断，最左侧的元件是什么？请回答元件类型。","电容","component_type"
"qa_v6f_002320","img_0363","train__d1_autockt_-593_png.rf.69902997caa97a0aea7c67371595792e","images/img_0363.jpg","position","extreme_position","easy","Which component is the leftmost in the complete circuit diagram? Answer with the component type.","从整张电路图判断，最左侧的元件是什么？请回答元件类型。","电感","component_type"
"qa_v6f_001694","img_0350","train__d1_autockt_-598_png.rf.ed60f5aea7e7a7e5df5f0ed31540fc9b","images/img_0350.jpg","position","extreme_position","easy","Which component is the leftmost in the complete circuit diagram? Answer with the component type.","从整张电路图判断，最左侧的元件是什么？请回答元件类型。","电感","component_type"
"qa_v6f_001951","img_0279","train__d1_autockt_-59_png.rf.eb73882aaa702e2740dc17a77ec4be94","images/img_0279.jpg","position","extreme_position","easy","Which component is the leftmost in the complete circuit diagram? Answer with the component type.","从整张电路图判断，最左侧的元件是什么？请回答元件类型。","电阻","component_type"
"qa_v6f_002200","img_0177","train__d1_autockt_-5_png.rf.f26be4c75564be0baf89f068d848252c","images/img_0177.jpg","position","extreme_position","easy","Which component is the topmost in the complete circuit diagram? Answer with the component type.","从整张电路图判断，最上方的元件是什么？请回答元件类型。","电压源","component_type"
"qa_v6f_001160","img_0354","train__d1_autockt_-603_png.rf.daa74e3fb5b07e74bc8b4c761ece1873","images/img_0354.jpg","position","extreme_position","easy","Which component is the bottommost in the complete circuit diagram? Answer with the component type.","从整张电路图判断，最下方的元件是什么？请回答元件类型。","电感","component_type"
"qa_v6f_002361","img_0357","train__d1_autockt_-607_png.rf.29032d4095f1ee1f868e2891398d725c","images/img_0357.jpg","position","extreme_position","easy","Which component is the topmost in the complete circuit diagram? Answer with the component type.","从整张电路图判断，最上方的元件是什么？请回答元件类型。","电流源","component_type"
"qa_v6f_000551","img_0290","train__d1_autockt_-608_png.rf.d4536404b5f4deb142fe6f13e68b7a3c","images/img_0290.jpg","position","extreme_position","easy","Which component is the leftmost in the complete circuit diagram? Answer with the component type.","从整张电路图判断，最左侧的元件是什么？请回答元件类型。","电阻","component_type"
"qa_v6f_001727","img_0040","train__d1_autockt_-610_png.rf.d917fc8585b44bdf2623a33d30bf32b6","images/img_0040.jpg","position","extreme_position","easy","Which component is the topmost in the complete circuit diagram? Answer with the component type.","从整张电路图判断，最上方的元件是什么？请回答元件类型。","电阻","component_type"
"qa_v6f_002070","img_0167","train__d1_autockt_-611_png.rf.09421c84d8743f1bc6498abcb5acafb4","images/img_0167.jpg","position","extreme_position","easy","Which component is the topmost in the complete circuit diagram? Answer with the component type.","从整张电路图判断，最上方的元件是什么？请回答元件类型。","电阻","component_type"
"qa_v6f_001070","img_0239","train__d1_autockt_-616_png.rf.11684f6b5f1338b0fc11f4971f4fdaf5","images/img_0239.jpg","position","extreme_position","easy","Which component is the rightmost in the complete circuit diagram? Answer with the component type.","从整张电路图判断，最右侧的元件是什么？请回答元件类型。","电容","component_type"
"qa_v6f_002109","img_0152","train__d1_autockt_-622_png.rf.3c1aee5138f5571d5adf98db26c6b904","images/img_0152.jpg","position","extreme_position","easy","Which component is the rightmost in the complete circuit diagram? Answer with the component type.","从整张电路图判断，最右侧的元件是什么？请回答元件类型。","电容","component_type"
"qa_v6f_001541","img_0033","train__d1_autockt_-627_png.rf.f352481c5c1f24e9a007401464db97de","images/img_0033.jpg","position","extreme_position","easy","Which component is the leftmost in the complete circuit diagram? Answer with the component type.","从整张电路图判断，最左侧的元件是什么？请回答元件类型。","电阻","component_type"
"qa_v6f_000555","img_0127","train__d1_autockt_-631_png.rf.dd7d2726723802bd9e44573fe4c4c83c","images/img_0127.jpg","position","extreme_position","easy","Which component is the topmost in the complete circuit diagram? Answer with the component type.","从整张电路图判断，最上方的元件是什么？请回答元件类型。","电阻","component_type"
"qa_v6f_001550","img_0374","train__d1_autockt_-636_png.rf.6a5629c2a46937877433729f268d68ba","images/img_0374.jpg","position","extreme_position","easy","Which component is the rightmost in the complete circuit diagram? Answer with the component type.","从整张电路图判断，最右侧的元件是什么？请回答元件类型。","电感","component_type"
"qa_v6f_001479","img_0059","train__d1_autockt_-645_png.rf.a2fee8c343708104084a2fab94c09205","images/img_0059.jpg","position","extreme_position","easy","Which component is the rightmost in the complete circuit diagram? Answer with the component type.","从整张电路图判断，最右侧的元件是什么？请回答元件类型。","电压源","component_type"
"qa_v6f_000695","img_0282","train__d1_autockt_-646_png.rf.14eb0c6003fb45f8dda4c1bc4ff2533e","images/img_0282.jpg","position","extreme_position","easy","Which component is the leftmost in the complete circuit diagram? Answer with the component type.","从整张电路图判断，最左侧的元件是什么？请回答元件类型。","电阻","component_type"
"qa_v6f_001955","img_0248","train__d1_autockt_-649_png.rf.f58569e65fcbde66f8f12b4c4c6747f5","images/img_0248.jpg","position","extreme_position","easy","Which component is the rightmost in the complete circuit diagram? Answer with the component type.","从整张电路图判断，最右侧的元件是什么？请回答元件类型。","电压源","component_type"
"qa_v6f_001324","img_0386","train__d1_autockt_-652_png.rf.4806a9662f7547999d1c8850a7994044","images/img_0386.jpg","position","extreme_position","easy","Which component is the bottommost in the complete circuit diagram? Answer with the component type.","从整张电路图判断，最下方的元件是什么？请回答元件类型。","电阻","component_type"
"qa_v6f_000788","img_0192","train__d1_autockt_-660_png.rf.7433472eba4ad158368886c055bc7d16","images/img_0192.jpg","position","extreme_position","easy","Which component is the rightmost in the complete circuit diagram? Answer with the component type.","从整张电路图判断，最右侧的元件是什么？请回答元件类型。","电阻","component_type"
"qa_v6f_001804","img_0078","train__d1_autockt_-670_png.rf.0af9a0249e4387fc494bd06c63e625e6","images/img_0078.jpg","position","extreme_position","easy","Which component is the leftmost in the complete circuit diagram? Answer with the component type.","从整张电路图判断，最左侧的元件是什么？请回答元件类型。","电压源","component_type"
"qa_v6f_000702","img_0060","train__d1_autockt_-675_png.rf.e30b4262e37cbed84b8bf43739730fb8","images/img_0060.jpg","position","extreme_position","easy","Which component is the leftmost in the complete circuit diagram? Answer with the component type.","从整张电路图判断，最左侧的元件是什么？请回答元件类型。","电压源","component_type"
"qa_v6f_000100","img_0038","train__d1_autockt_-678_png.rf.1386f8a3074f7a42f985a2d2f4e7e1ee","images/img_0038.jpg","position","extreme_position","easy","Which component is the leftmost in the complete circuit diagram? Answer with the component type.","从整张电路图判断，最左侧的元件是什么？请回答元件类型。","电阻","component_type"
"qa_v6f_000935","img_0068","train__d1_autockt_-684_png.rf.23f3199343ace523f76d7bc836d3a307","images/img_0068.jpg","position","extreme_position","easy","Which component is the leftmost in the complete circuit diagram? Answer with the component type.","从整张电路图判断，最左侧的元件是什么？请回答元件类型。","电阻","component_type"
"qa_v6f_000325","img_0024","train__d1_autockt_-690_png.rf.55ca987d2104780c578d08a016fe5d16","images/img_0024.jpg","position","extreme_position","easy","Which component is the rightmost in the complete circuit diagram? Answer with the component type.","从整张电路图判断，最右侧的元件是什么？请回答元件类型。","电压源","component_type"
"qa_v6f_000753","img_0378","train__d1_autockt_-696_png.rf.eca467d4998e91f6c0968e69a46355d3","images/img_0378.jpg","position","extreme_position","easy","Which component is the leftmost in the complete circuit diagram? Answer with the component type.","从整张电路图判断，最左侧的元件是什么？请回答元件类型。","电感","component_type"
"qa_v6f_000103","img_0304","train__d1_autockt_-6_png.rf.c6853f2f2a35f07baa944b302756e7c0","images/img_0304.jpg","position","extreme_position","easy","Which component is the topmost in the complete circuit diagram? Answer with the component type.","从整张电路图判断，最上方的元件是什么？请回答元件类型。","电感","component_type"
"qa_v6f_000198","img_0128","train__d1_autockt_-711_png.rf.2e786c946e4ebdb33293cf2644e3bbb2","images/img_0128.jpg","position","extreme_position","easy","Which component is the rightmost in the complete circuit diagram? Answer with the component type.","从整张电路图判断，最右侧的元件是什么？请回答元件类型。","电感","component_type"
"qa_v6f_002373","img_0073","train__d1_autockt_-717_png.rf.02eafd216d648fdb52bdadbafe1dc721","images/img_0073.jpg","position","extreme_position","easy","Which component is the leftmost in the complete circuit diagram? Answer with the component type.","从整张电路图判断，最左侧的元件是什么？请回答元件类型。","电感","component_type"
"qa_v6f_000158","img_0271","train__d1_autockt_-724_png.rf.b5dc02db4f3b6f5cc8dba90695fb92e7","images/img_0271.jpg","position","extreme_position","easy","Which component is the bottommost in the complete circuit diagram? Answer with the component type.","从整张电路图判断，最下方的元件是什么？请回答元件类型。","电阻","component_type"
"qa_v6f_001911","img_0329","train__d1_autockt_-728_png.rf.7add843d3f3ef3b0810ed7bf00dde668","images/img_0329.jpg","position","extreme_position","easy","Which component is the leftmost in the complete circuit diagram? Answer with the component type.","从整张电路图判断，最左侧的元件是什么？请回答元件类型。","电容","component_type"
"qa_v6f_001672","img_0356","train__d1_autockt_-732_png.rf.5a8295e164ba8250c7032030e0c42cc2","images/img_0356.jpg","position","extreme_position","easy","Which component is the leftmost in the complete circuit diagram? Answer with the component type.","从整张电路图判断，最左侧的元件是什么？请回答元件类型。","电流源","component_type"
"qa_v6f_002375","img_0092","train__d1_autockt_-735_png.rf.7a41883eb27b8a8b1c4d1ef58d926a76","images/img_0092.jpg","position","extreme_position","easy","Which component is the rightmost in the complete circuit diagram? Answer with the component type.","从整张电路图判断，最右侧的元件是什么？请回答元件类型。","电容","component_type"
"qa_v6f_000311","img_0154","train__d1_autockt_-73_png.rf.01182c185cac342e87a0732c917f67cf","images/img_0154.jpg","position","extreme_position","easy","Which component is the bottommost in the complete circuit diagram? Answer with the component type.","从整张电路图判断，最下方的元件是什么？请回答元件类型。","电容","component_type"
"qa_v6f_002190","img_0214","train__d1_autockt_-747_png.rf.fe0d065845c19d8733d567dc029eb9a1","images/img_0214.jpg","position","extreme_position","easy","Which component is the rightmost in the complete circuit diagram? Answer with the component type.","从整张电路图判断，最右侧的元件是什么？请回答元件类型。","电阻","component_type"
"qa_v6f_001634","img_0124","train__d1_autockt_-748_png.rf.cdbc08a26ada448cb2463c51e6e2e333","images/img_0124.jpg","position","extreme_position","easy","Which component is the leftmost in the complete circuit diagram? Answer with the component type.","从整张电路图判断，最左侧的元件是什么？请回答元件类型。","电阻","component_type"
"qa_v6f_000808","img_0276","train__d1_autockt_-753_png.rf.9e5bac4f4235a09ddc8b0aa106f1b4e1","images/img_0276.jpg","position","extreme_position","easy","Which component is the bottommost in the complete circuit diagram? Answer with the component type.","从整张电路图判断，最下方的元件是什么？请回答元件类型。","电阻","component_type"
"qa_v6f_002165","img_0297","train__d1_autockt_-754_png.rf.0aa2a32bc3f43708d8fb2bcfa6c6a70f","images/img_0297.jpg","position","extreme_position","easy","Which component is the rightmost in the complete circuit diagram? Answer with the component type.","从整张电路图判断，最右侧的元件是什么？请回答元件类型。","电阻","component_type"
"qa_v6f_000054","img_0180","train__d1_autockt_-755_png.rf.69c7026cc61de9115b50a1784364103f","images/img_0180.jpg","position","extreme_position","easy","Which component is the topmost in the complete circuit diagram? Answer with the component type.","从整张电路图判断，最上方的元件是什么？请回答元件类型。","电压源","component_type"
"qa_v6f_001412","img_0080","train__d1_autockt_-757_png.rf.4d371d12a971514e0cdafbaa27efb08a","images/img_0080.jpg","position","extreme_position","easy","Which component is the rightmost in the complete circuit diagram? Answer with the component type.","从整张电路图判断，最右侧的元件是什么？请回答元件类型。","电阻","component_type"
"qa_v6f_002238","img_0216","train__d1_autockt_-758_png.rf.dc5f810200fd7426e7081a6e55cd130a","images/img_0216.jpg","position","extreme_position","easy","Which component is the leftmost in the complete circuit diagram? Answer with the component type.","从整张电路图判断，最左侧的元件是什么？请回答元件类型。","电阻","component_type"
"qa_v6f_001861","img_0396","train__d1_autockt_-760_png.rf.49af5c061b24e2e146a50b7de6d97c39","images/img_0396.jpg","position","extreme_position","easy","Which component is the rightmost in the complete circuit diagram? Answer with the component type.","从整张电路图判断，最右侧的元件是什么？请回答元件类型。","电压源","component_type"
"qa_v6f_001781","img_0145","train__d1_autockt_-770_png.rf.787c27df076acd404098a75281122857","images/img_0145.jpg","position","extreme_position","easy","Which component is the topmost in the complete circuit diagram? Answer with the component type.","从整张电路图判断，最上方的元件是什么？请回答元件类型。","电阻","component_type"
"qa_v6f_001461","img_0048","train__d1_autockt_-776_png.rf.dd15ee70d255ee7281fd15c305362cd9","images/img_0048.jpg","position","extreme_position","easy","Which component is the rightmost in the complete circuit diagram? Answer with the component type.","从整张电路图判断，最右侧的元件是什么？请回答元件类型。","电流源","component_type"
"qa_v6f_001372","img_0302","train__d1_autockt_-778_png.rf.b1fd1b4898674c062b27cc1b2d2dc1e0","images/img_0302.jpg","position","extreme_position","easy","Which component is the rightmost in the complete circuit diagram? Answer with the component type.","从整张电路图判断，最右侧的元件是什么？请回答元件类型。","电压源","component_type"
"qa_v6f_001452","img_0349","train__d1_autockt_-782_png.rf.461c22db2d55a1a7abed249521d5990c","images/img_0349.jpg","position","extreme_position","easy","Which component is the topmost in the complete circuit diagram? Answer with the component type.","从整张电路图判断，最上方的元件是什么？请回答元件类型。","电压源","component_type"
"qa_v6f_000732","img_0373","train__d1_autockt_-784_png.rf.71fdbf6dad8dac27ef57a5d90e933e55","images/img_0373.jpg","position","extreme_position","easy","Which component is the leftmost in the complete circuit diagram? Answer with the component type.","从整张电路图判断，最左侧的元件是什么？请回答元件类型。","电感","component_type"
"qa_v6f_000094","img_0141","train__d1_autockt_-787_png.rf.8b6836f6132bf392528a7ad358299c14","images/img_0141.jpg","position","extreme_position","easy","Which component is the bottommost in the complete circuit diagram? Answer with the component type.","从整张电路图判断，最下方的元件是什么？请回答元件类型。","电压源","component_type"
"qa_v6f_000812","img_0243","train__d1_autockt_-795_png.rf.f5bfe58dd6cb250be0d189f5a7573cf5","images/img_0243.jpg","position","extreme_position","easy","Which component is the leftmost in the complete circuit diagram? Answer with the component type.","从整张电路图判断，最左侧的元件是什么？请回答元件类型。","电容","component_type"
"qa_v6f_000977","img_0199","train__d1_autockt_-802_png.rf.30533a4811ce1494a1be3731b863ef1d","images/img_0199.jpg","position","extreme_position","easy","Which component is the topmost in the complete circuit diagram? Answer with the component type.","从整张电路图判断，最上方的元件是什么？请回答元件类型。","电阻","component_type"
"qa_v6f_000205","img_0171","train__d1_autockt_-808_png.rf.26d51a8d371620337d8ddd796d7613c4","images/img_0171.jpg","position","extreme_position","easy","Which component is the leftmost in the complete circuit diagram? Answer with the component type.","从整张电路图判断，最左侧的元件是什么？请回答元件类型。","电感","component_type"
"qa_v6f_002278","img_0388","train__d1_autockt_-80_png.rf.249d12a7ec7abb587e1450e5f5f58344","images/img_0388.jpg","position","extreme_position","easy","Which component is the leftmost in the complete circuit diagram? Answer with the component type.","从整张电路图判断，最左侧的元件是什么？请回答元件类型。","电阻","component_type"
"qa_v6f_001193","img_0255","train__d1_autockt_-812_png.rf.42169793187f4542cd94a07e906ac40e","images/img_0255.jpg","position","extreme_position","easy","Which component is the topmost in the complete circuit diagram? Answer with the component type.","从整张电路图判断，最上方的元件是什么？请回答元件类型。","电压源","component_type"
"qa_v6f_002326","img_0227","train__d1_autockt_-814_png.rf.50078e60a986013d1c04ba8076c63a1f","images/img_0227.jpg","position","extreme_position","easy","Which component is the leftmost in the complete circuit diagram? Answer with the component type.","从整张电路图判断，最左侧的元件是什么？请回答元件类型。","电压源","component_type"
"qa_v6f_000960","img_0257","train__d1_autockt_-816_png.rf.65883abcb1a0b3b0d4597a1c98adc5bc","images/img_0257.jpg","position","extreme_position","easy","Which component is the rightmost in the complete circuit diagram? Answer with the component type.","从整张电路图判断，最右侧的元件是什么？请回答元件类型。","电阻","component_type"
"qa_v6f_000475","img_0362","train__d1_autockt_-818_png.rf.6df695baa9588091f0154afa045d4cb5","images/img_0362.jpg","position","extreme_position","easy","Which component is the rightmost in the complete circuit diagram? Answer with the component type.","从整张电路图判断，最右侧的元件是什么？请回答元件类型。","电阻","component_type"
"qa_v6f_001030","img_0163","train__d1_autockt_-820_png.rf.2746b078dea2b8690dfec7c2604586cc","images/img_0163.jpg","position","extreme_position","easy","Which component is the leftmost in the complete circuit diagram? Answer with the component type.","从整张电路图判断，最左侧的元件是什么？请回答元件类型。","电压源","component_type"
"qa_v6f_001834","img_0043","train__d1_autockt_-821_png.rf.a9943b5f6db9b7e335ff2004201a4396","images/img_0043.jpg","position","extreme_position","easy","Which component is the rightmost in the complete circuit diagram? Answer with the component type.","从整张电路图判断，最右侧的元件是什么？请回答元件类型。","电感","component_type"
"qa_v6f_000720","img_0008","train__d1_autockt_-826_png.rf.48e4ad06a7bb8b9e4f4f5df222b0b8e9","images/img_0008.jpg","position","extreme_position","easy","Which component is the bottommost in the complete circuit diagram? Answer with the component type.","从整张电路图判断，最下方的元件是什么？请回答元件类型。","电阻","component_type"
"qa_v6f_001451","img_0142","train__d1_autockt_-829_png.rf.2433532a03128f43eb7e754e76be7e89","images/img_0142.jpg","position","extreme_position","easy","Which component is the leftmost in the complete circuit diagram? Answer with the component type.","从整张电路图判断，最左侧的元件是什么？请回答元件类型。","电容","component_type"
"qa_v6f_001350","img_0071","train__d1_autockt_-830_png.rf.876765a68c49381a43d740fc35817270","images/img_0071.jpg","position","extreme_position","easy","Which component is the leftmost in the complete circuit diagram? Answer with the component type.","从整张电路图判断，最左侧的元件是什么？请回答元件类型。","电流源","component_type"
"qa_v6f_000260","img_0337","train__d1_autockt_-832_png.rf.c8f4b6dc741c4899208cfc42d3afef3f","images/img_0337.jpg","position","extreme_position","easy","Which component is the rightmost in the complete circuit diagram? Answer with the component type.","从整张电路图判断，最右侧的元件是什么？请回答元件类型。","电流源","component_type"
"qa_v6f_001789","img_0131","train__d1_autockt_-834_png.rf.b379d6089cfe9c1d594d838e500ae41e","images/img_0131.jpg","position","extreme_position","easy","Which component is the topmost in the complete circuit diagram? Answer with the component type.","从整张电路图判断，最上方的元件是什么？请回答元件类型。","电感","component_type"
"qa_v6f_000262","img_0273","train__d1_autockt_-835_png.rf.a5298355b545bf5ccbe565d5194781f0","images/img_0273.jpg","position","extreme_position","easy","Which component is the rightmost in the complete circuit diagram? Answer with the component type.","从整张电路图判断，最右侧的元件是什么？请回答元件类型。","电感","component_type"
"qa_v6f_001518","img_0389","train__d1_autockt_-836_png.rf.7059a9037b7d4d4617dca36668d57cc0","images/img_0389.jpg","position","extreme_position","easy","Which component is the rightmost in the complete circuit diagram? Answer with the component type.","从整张电路图判断，最右侧的元件是什么？请回答元件类型。","电流源","component_type"
"qa_v6f_001164","img_0030","train__d1_autockt_-841_png.rf.63f6e8235384ff37f188cc92baf5112c","images/img_0030.jpg","position","extreme_position","easy","Which component is the leftmost in the complete circuit diagram? Answer with the component type.","从整张电路图判断，最左侧的元件是什么？请回答元件类型。","电感","component_type"
"qa_v6f_000806","img_0237","train__d1_autockt_-845_png.rf.00bd41a063ef06524f47a8a4f9d3bcee","images/img_0237.jpg","position","extreme_position","easy","Which component is the leftmost in the complete circuit diagram? Answer with the component type.","从整张电路图判断，最左侧的元件是什么？请回答元件类型。","电压源","component_type"
"qa_v6f_002106","img_0352","train__d1_autockt_-846_png.rf.22de33bc0266d24f2b31f99860c08ccb","images/img_0352.jpg","position","extreme_position","easy","Which component is the rightmost in the complete circuit diagram? Answer with the component type.","从整张电路图判断，最右侧的元件是什么？请回答元件类型。","电容","component_type"
"qa_v6f_001329","img_0129","train__d1_autockt_-853_png.rf.5f6d90c55c70ffa096192c752ecb20e7","images/img_0129.jpg","position","extreme_position","easy","Which component is the leftmost in the complete circuit diagram? Answer with the component type.","从整张电路图判断，最左侧的元件是什么？请回答元件类型。","电阻","component_type"
"qa_v6f_001934","img_0022","train__d1_autockt_-855_png.rf.8145abcba654cb2bf2c40816bd89c87e","images/img_0022.jpg","position","extreme_position","easy","Which component is the topmost in the complete circuit diagram? Answer with the component type.","从整张电路图判断，最上方的元件是什么？请回答元件类型。","电流源","component_type"
"qa_v6f_000896","img_0010","train__d1_autockt_-857_png.rf.a1cd422dd2919848015f3565dcd17b22","images/img_0010.jpg","position","extreme_position","easy","Which component is the bottommost in the complete circuit diagram? Answer with the component type.","从整张电路图判断，最下方的元件是什么？请回答元件类型。","电感","component_type"
"qa_v6f_001575","img_0319","train__d1_autockt_-85_png.rf.d34193a0af1a30f99baaba306240bce7","images/img_0319.jpg","position","extreme_position","easy","Which component is the bottommost in the complete circuit diagram? Answer with the component type.","从整张电路图判断，最下方的元件是什么？请回答元件类型。","电感","component_type"
"qa_v6f_000155","img_0372","train__d1_autockt_-861_png.rf.c1e76718b8b739d30c9888b1ad90a318","images/img_0372.jpg","position","extreme_position","easy","Which component is the leftmost in the complete circuit diagram? Answer with the component type.","从整张电路图判断，最左侧的元件是什么？请回答元件类型。","电容","component_type"
"qa_v6f_001870","img_0231","train__d1_autockt_-862_png.rf.c0547c3a6fd9c2c7adcc60e53dc1fdf3","images/img_0231.jpg","position","extreme_position","easy","Which component is the leftmost in the complete circuit diagram? Answer with the component type.","从整张电路图判断，最左侧的元件是什么？请回答元件类型。","电感","component_type"
"qa_v6f_000713","img_0097","train__d1_autockt_-863_png.rf.07e12c97f2b1876fba302e77b173837d","images/img_0097.jpg","position","extreme_position","easy","Which component is the bottommost in the complete circuit diagram? Answer with the component type.","从整张电路图判断，最下方的元件是什么？请回答元件类型。","电压源","component_type"
"qa_v6f_000777","img_0328","train__d1_autockt_-877_png.rf.79b40f3c920a924cbae967050e9998d2","images/img_0328.jpg","position","extreme_position","easy","Which component is the rightmost in the complete circuit diagram? Answer with the component type.","从整张电路图判断，最右侧的元件是什么？请回答元件类型。","电阻","component_type"
"qa_v6f_001732","img_0114","train__d1_autockt_-878_png.rf.2097b2abb97773d6a4dbcb8915acf7de","images/img_0114.jpg","position","extreme_position","easy","Which component is the bottommost in the complete circuit diagram? Answer with the component type.","从整张电路图判断，最下方的元件是什么？请回答元件类型。","电容","component_type"
"qa_v6f_002127","img_0277","train__d1_autockt_-879_png.rf.ad00aef03e77aa93a6057f66a21c99b8","images/img_0277.jpg","position","extreme_position","easy","Which component is the rightmost in the complete circuit diagram? Answer with the component type.","从整张电路图判断，最右侧的元件是什么？请回答元件类型。","电阻","component_type"
"qa_v6f_001679","img_0035","train__d1_autockt_-880_png.rf.697bb05b13c895579d80d6d89f2ec830","images/img_0035.jpg","position","extreme_position","easy","Which component is the topmost in the complete circuit diagram? Answer with the component type.","从整张电路图判断，最上方的元件是什么？请回答元件类型。","电感","component_type"
"qa_v6f_000240","img_0348","train__d1_autockt_-882_png.rf.45f4be72c81763ba7f289ae276c1458d","images/img_0348.jpg","position","extreme_position","easy","Which component is the topmost in the complete circuit diagram? Answer with the component type.","从整张电路图判断，最上方的元件是什么？请回答元件类型。","电感","component_type"
"qa_v6f_001838","img_0375","train__d1_autockt_-886_png.rf.c2340d13921435e305a1fb6884151ec0","images/img_0375.jpg","position","extreme_position","easy","Which component is the rightmost in the complete circuit diagram? Answer with the component type.","从整张电路图判断，最右侧的元件是什么？请回答元件类型。","电阻","component_type"
"qa_v6f_001385","img_0023","train__d1_autockt_-888_png.rf.f85bacfa28bacc7e88eecad5b471639b","images/img_0023.jpg","position","extreme_position","easy","Which component is the rightmost in the complete circuit diagram? Answer with the component type.","从整张电路图判断，最右侧的元件是什么？请回答元件类型。","电阻","component_type"
"qa_v6f_002129","img_0189","train__d1_autockt_-88_png.rf.4a14153455cdac8c24850b6daf6f043b","images/img_0189.jpg","position","extreme_position","easy","Which component is the topmost in the complete circuit diagram? Answer with the component type.","从整张电路图判断，最上方的元件是什么？请回答元件类型。","电感","component_type"
"qa_v6f_002183","img_0161","train__d1_autockt_-891_png.rf.96c6f0cd13f9b5e29d80a1d601861526","images/img_0161.jpg","position","extreme_position","easy","Which component is the topmost in the complete circuit diagram? Answer with the component type.","从整张电路图判断，最上方的元件是什么？请回答元件类型。","电压源","component_type"
"qa_v6f_001438","img_0249","train__d1_autockt_-896_png.rf.d315d9151be3731fa1831d8e2a25a704","images/img_0249.jpg","position","extreme_position","easy","Which component is the leftmost in the complete circuit diagram? Answer with the component type.","从整张电路图判断，最左侧的元件是什么？请回答元件类型。","电阻","component_type"
"qa_v6f_001533","img_0151","train__d1_autockt_-89_png.rf.a167c13582370017dbda64d5bb836a0e","images/img_0151.jpg","position","extreme_position","easy","Which component is the bottommost in the complete circuit diagram? Answer with the component type.","从整张电路图判断，最下方的元件是什么？请回答元件类型。","电阻","component_type"
"qa_v6f_001418","img_0201","train__d1_autockt_-900_png.rf.2e61a7f45ddb9ea6cca5c80fb2b2d9c7","images/img_0201.jpg","position","extreme_position","easy","Which component is the topmost in the complete circuit diagram? Answer with the component type.","从整张电路图判断，最上方的元件是什么？请回答元件类型。","电阻","component_type"
"qa_v6f_000012","img_0225","train__d1_autockt_-902_png.rf.3c49a9d47ef244962c212c346d17a400","images/img_0225.jpg","position","extreme_position","easy","Which component is the bottommost in the complete circuit diagram? Answer with the component type.","从整张电路图判断，最下方的元件是什么？请回答元件类型。","电阻","component_type"
"qa_v6f_001478","img_0005","train__d1_autockt_-904_png.rf.4e9d60c42c7b735665b856b96d1c1d34","images/img_0005.jpg","position","extreme_position","easy","Which component is the rightmost in the complete circuit diagram? Answer with the component type.","从整张电路图判断，最右侧的元件是什么？请回答元件类型。","电流源","component_type"
"qa_v6f_001361","img_0075","train__d1_autockt_-93_png.rf.a86054b39bef4bacd6949e85337f79ba","images/img_0075.jpg","position","extreme_position","easy","Which component is the rightmost in the complete circuit diagram? Answer with the component type.","从整张电路图判断，最右侧的元件是什么？请回答元件类型。","电容","component_type"
"qa_v6f_000186","img_0285","train__d1_autockt_-99_png.rf.7bb85a0b8c497dd09eb29b0acf67e334","images/img_0285.jpg","position","extreme_position","easy","Which component is the topmost in the complete circuit diagram? Answer with the component type.","从整张电路图判断，最上方的元件是什么？请回答元件类型。","电阻","component_type"
"qa_v6f_001873","img_0165","train__d1_autockt_-9_png.rf.abdf78e2c66c2c794662731c3a841b82","images/img_0165.jpg","position","extreme_position","easy","Which component is the topmost in the complete circuit diagram? Answer with the component type.","从整张电路图判断，最上方的元件是什么？请回答元件类型。","电阻","component_type"
"qa_v6f_000084","img_0173","train__d1_electrical_157_png.rf.920a32daa657bc45b646e5de542f0726","images/img_0173.jpg","position","extreme_position","easy","Which component is the leftmost in the complete circuit diagram? Answer with the component type.","从整张电路图判断，最左侧的元件是什么？请回答元件类型。","电压源","component_type"
"qa_v6f_001117","img_0084","train__d1_electrical_158_png.rf.7cbcc5ad6c721571482985fe4e796823","images/img_0084.jpg","position","extreme_position","easy","Which component is the leftmost in the complete circuit diagram? Answer with the component type.","从整张电路图判断，最左侧的元件是什么？请回答元件类型。","电压源","component_type"
"qa_v6f_001342","img_0274","train__d1_electrical_169_png.rf.e1f600fd3166e29d144eb1f0f7072167","images/img_0274.jpg","position","extreme_position","easy","Which component is the rightmost in the complete circuit diagram? Answer with the component type.","从整张电路图判断，最右侧的元件是什么？请回答元件类型。","电容","component_type"
"qa_v6f_001647","img_0036","train__d1_electrical_179_png.rf.ea935b1f261137a7894abde94a076bed","images/img_0036.jpg","position","extreme_position","easy","Which component is the bottommost in the complete circuit diagram? Answer with the component type.","从整张电路图判断，最下方的元件是什么？请回答元件类型。","电压源","component_type"
"qa_v6f_001086","img_0345","train__d1_electrical_187_png.rf.0a910c845f52ef0a6da05752f8db0937","images/img_0345.jpg","position","extreme_position","easy","Which component is the leftmost in the complete circuit diagram? Answer with the component type.","从整张电路图判断，最左侧的元件是什么？请回答元件类型。","端口","component_type"
"qa_v6f_000255","img_0050","train__d1_electrical_201_png.rf.5a1284572fe6600bc1f9cf9a434ca577","images/img_0050.jpg","position","extreme_position","easy","Which component is the bottommost in the complete circuit diagram? Answer with the component type.","从整张电路图判断，最下方的元件是什么？请回答元件类型。","电压源","component_type"
"qa_v6f_000860","img_0398","train__d1_electrical_205_png.rf.db21d2bd46187d0e2b93ae86e032a3e9","images/img_0398.jpg","position","extreme_position","easy","Which component is the rightmost in the complete circuit diagram? Answer with the component type.","从整张电路图判断，最右侧的元件是什么？请回答元件类型。","电感","component_type"
"qa_v6f_001283","img_0394","train__d1_electrical_208_png.rf.dc40691744cab4ce71031d2ae189aa6c","images/img_0394.jpg","position","extreme_position","easy","Which component is the topmost in the complete circuit diagram? Answer with the component type.","从整张电路图判断，最上方的元件是什么？请回答元件类型。","电容","component_type"
"qa_v6f_001891","img_0058","train__d1_electrical_218_png.rf.f7b180e3c5e86f58ed057f16560004ef","images/img_0058.jpg","position","extreme_position","easy","Which component is the rightmost in the complete circuit diagram? Answer with the component type.","从整张电路图判断，最右侧的元件是什么？请回答元件类型。","端口","component_type"
"qa_v6f_000887","img_0082","train__d1_electrical_220_png.rf.257db2d526ff20448344d62ccc60f6dd","images/img_0082.jpg","position","extreme_position","easy","Which component is the bottommost in the complete circuit diagram? Answer with the component type.","从整张电路图判断，最下方的元件是什么？请回答元件类型。","端口","component_type"
"qa_v6f_000903","img_0236","train__d1_electrical_224_png.rf.dec3350e05d032460c56989d3b0d9cd6","images/img_0236.jpg","position","extreme_position","easy","Which component is the rightmost in the complete circuit diagram? Answer with the component type.","从整张电路图判断，最右侧的元件是什么？请回答元件类型。","电压源","component_type"
"qa_v6f_001424","img_0203","train__d1_electrical_229_png.rf.0fde3f5c0085edbd606edf821eadf688","images/img_0203.jpg","position","extreme_position","easy","Which component is the leftmost in the complete circuit diagram? Answer with the component type.","从整张电路图判断，最左侧的元件是什么？请回答元件类型。","电压源","component_type"
"qa_v6f_000982","img_0004","train__d1_electrical_241_png.rf.86e95f810d50b5748bfbb869f68f5e21","images/img_0004.jpg","position","extreme_position","easy","Which component is the bottommost in the complete circuit diagram? Answer with the component type.","从整张电路图判断，最下方的元件是什么？请回答元件类型。","电压源","component_type"
"qa_v6f_001348","img_0042","train__d1_electrical_245_png.rf.069c8f82e6cbdae672e4e1261f2cb036","images/img_0042.jpg","position","extreme_position","easy","Which component is the leftmost in the complete circuit diagram? Answer with the component type.","从整张电路图判断，最左侧的元件是什么？请回答元件类型。","电压源","component_type"
"qa_v6f_001469","img_0246","val__d1_259_png.rf.d887e4776d9e61aff1ed34b682eb8c6e","images/img_0246.jpg","position","extreme_position","easy","Which component is the leftmost in the complete circuit diagram? Answer with the component type.","从整张电路图判断，最左侧的元件是什么？请回答元件类型。","电感","component_type"
"qa_v6f_000419","img_0387","val__d1_294_png.rf.4238c32fcd2fd4524f669caa791e6145","images/img_0387.jpg","position","extreme_position","easy","Which component is the topmost in the complete circuit diagram? Answer with the component type.","从整张电路图判断，最上方的元件是什么？请回答元件类型。","端口","component_type"
"qa_v6f_001500","img_0117","val__d1_333_png.rf.3db1d7c87d9e918cc75a609d51d6ffaf","images/img_0117.jpg","position","extreme_position","easy","Which component is the leftmost in the complete circuit diagram? Answer with the component type.","从整张电路图判断，最左侧的元件是什么？请回答元件类型。","电压源","component_type"
"qa_v6f_000988","img_0074","val__d1_334_png.rf.8f188470052397129524dfcdd7bf1707","images/img_0074.jpg","position","extreme_position","easy","Which component is the rightmost in the complete circuit diagram? Answer with the component type.","从整张电路图判断，最右侧的元件是什么？请回答元件类型。","电容","component_type"
"qa_v6f_002290","img_0174","val__d1_345_png.rf.5ecb256552a59bbf96eafed841bf0ae9","images/img_0174.jpg","position","extreme_position","easy","Which component is the topmost in the complete circuit diagram? Answer with the component type.","从整张电路图判断，最上方的元件是什么？请回答元件类型。","电阻","component_type"
"qa_v6f_001711","img_0343","val__d1_autockt_-102_png.rf.b582d69dd5d547b4d2cd02a413301377","images/img_0343.jpg","position","extreme_position","easy","Which component is the rightmost in the complete circuit diagram? Answer with the component type.","从整张电路图判断，最右侧的元件是什么？请回答元件类型。","电压源","component_type"
"qa_v6f_001969","img_0210","val__d1_autockt_-118_png.rf.820cb90a4ae5718cae7723c42607c4ac","images/img_0210.jpg","position","extreme_position","easy","Which component is the rightmost in the complete circuit diagram? Answer with the component type.","从整张电路图判断，最右侧的元件是什么？请回答元件类型。","电容","component_type"
"qa_v6f_001588","img_0264","val__d1_autockt_-146_png.rf.86f68b7871f07ab4d6a1173d6d68ece9","images/img_0264.jpg","position","extreme_position","easy","Which component is the leftmost in the complete circuit diagram? Answer with the component type.","从整张电路图判断，最左侧的元件是什么？请回答元件类型。","电阻","component_type"
"qa_v6f_001487","img_0390","val__d1_autockt_-182_png.rf.112023098b4ed3cf6e317678d997359f","images/img_0390.jpg","position","extreme_position","easy","Which component is the leftmost in the complete circuit diagram? Answer with the component type.","从整张电路图判断，最左侧的元件是什么？请回答元件类型。","电阻","component_type"
"qa_v6f_002234","img_0235","val__d1_autockt_-184_png.rf.74d7b83f0cc90b544ed899c8f631c8e9","images/img_0235.jpg","position","extreme_position","easy","Which component is the rightmost in the complete circuit diagram? Answer with the component type.","从整张电路图判断，最右侧的元件是什么？请回答元件类型。","电感","component_type"
"qa_v6f_002228","img_0197","val__d1_autockt_-199_png.rf.478432346fa1f8695a53b744e8066535","images/img_0197.jpg","position","extreme_position","easy","Which component is the leftmost in the complete circuit diagram? Answer with the component type.","从整张电路图判断，最左侧的元件是什么？请回答元件类型。","电阻","component_type"
"qa_v6f_000216","img_0303","val__d1_autockt_-327_png.rf.52d2c0e9bdabc27ff298b2f0c751e4b3","images/img_0303.jpg","position","extreme_position","easy","Which component is the leftmost in the complete circuit diagram? Answer with the component type.","从整张电路图判断，最左侧的元件是什么？请回答元件类型。","电感","component_type"
"qa_v6f_001284","img_0085","val__d1_autockt_-331_png.rf.c5bcb3756deecf1f7f5a273e3f931789","images/img_0085.jpg","position","extreme_position","easy","Which component is the rightmost in the complete circuit diagram? Answer with the component type.","从整张电路图判断，最右侧的元件是什么？请回答元件类型。","电阻","component_type"
"qa_v6f_001820","img_0269","val__d1_autockt_-394_png.rf.a0aaca23cd386bdbacc108c8ffec09d1","images/img_0269.jpg","position","extreme_position","easy","Which component is the rightmost in the complete circuit diagram? Answer with the component type.","从整张电路图判断，最右侧的元件是什么？请回答元件类型。","电流源","component_type"
"qa_v6f_001624","img_0217","val__d1_autockt_-405_png.rf.a9934664132a21b374f7969738162978","images/img_0217.jpg","position","extreme_position","easy","Which component is the leftmost in the complete circuit diagram? Answer with the component type.","从整张电路图判断，最左侧的元件是什么？请回答元件类型。","电阻","component_type"
"qa_v6f_000007","img_0057","val__d1_autockt_-43_png.rf.464c4fe9515f8508b1a80459bfd6a844","images/img_0057.jpg","position","extreme_position","easy","Which component is the bottommost in the complete circuit diagram? Answer with the component type.","从整张电路图判断，最下方的元件是什么？请回答元件类型。","电流源","component_type"
"qa_v6f_000119","img_0159","val__d1_autockt_-461_png.rf.ce8a873f888a1d139ddf66bdd4641e86","images/img_0159.jpg","position","extreme_position","easy","Which component is the leftmost in the complete circuit diagram? Answer with the component type.","从整张电路图判断，最左侧的元件是什么？请回答元件类型。","电感","component_type"
"qa_v6f_000204","img_0001","val__d1_autockt_-524_png.rf.52999f62bdc0724c0f378e0275dbd427","images/img_0001.jpg","position","extreme_position","easy","Which component is the bottommost in the complete circuit diagram? Answer with the component type.","从整张电路图判断，最下方的元件是什么？请回答元件类型。","电阻","component_type"
"qa_v6f_002258","img_0028","val__d1_autockt_-532_png.rf.138fa05f36e89fee6e96f977abb70967","images/img_0028.jpg","position","extreme_position","easy","Which component is the rightmost in the complete circuit diagram? Answer with the component type.","从整张电路图判断，最右侧的元件是什么？请回答元件类型。","电阻","component_type"
"qa_v6f_000911","img_0194","val__d1_autockt_-543_png.rf.992a853a208cd77d51a1aa31f972b9ab","images/img_0194.jpg","position","extreme_position","easy","Which component is the rightmost in the complete circuit diagram? Answer with the component type.","从整张电路图判断，最右侧的元件是什么？请回答元件类型。","电阻","component_type"
"qa_v6f_001600","img_0207","val__d1_autockt_-549_png.rf.cd7532f4fd6a7aef4f779a2cde3ae912","images/img_0207.jpg","position","extreme_position","easy","Which component is the leftmost in the complete circuit diagram? Answer with the component type.","从整张电路图判断，最左侧的元件是什么？请回答元件类型。","电阻","component_type"
"qa_v6f_002096","img_0110","val__d1_autockt_-565_png.rf.8f50369fd12957b8a7196cc75472f2ac","images/img_0110.jpg","position","extreme_position","easy","Which component is the topmost in the complete circuit diagram? Answer with the component type.","从整张电路图判断，最上方的元件是什么？请回答元件类型。","电容","component_type"
"qa_v6f_001157","img_0376","val__d1_autockt_-585_png.rf.9cd4486d6855db118ad7cd039078803f","images/img_0376.jpg","position","extreme_position","easy","Which component is the bottommost in the complete circuit diagram? Answer with the component type.","从整张电路图判断，最下方的元件是什么？请回答元件类型。","电感","component_type"
"qa_v6f_000697","img_0178","val__d1_autockt_-654_png.rf.69249dff5b09fd67a222a10a1abc71ec","images/img_0178.jpg","position","extreme_position","easy","Which component is the bottommost in the complete circuit diagram? Answer with the component type.","从整张电路图判断，最下方的元件是什么？请回答元件类型。","电阻","component_type"
"qa_v6f_000650","img_0300","val__d1_autockt_-668_png.rf.5c3239b14965cfbaa5dc6d65d05c12f4","images/img_0300.jpg","position","extreme_position","easy","Which component is the topmost in the complete circuit diagram? Answer with the component type.","从整张电路图判断，最上方的元件是什么？请回答元件类型。","电感","component_type"
"qa_v6f_000224","img_0315","val__d1_autockt_-688_png.rf.cbba4105c6b09e12ecef94bebe25bbdb","images/img_0315.jpg","position","extreme_position","easy","Which component is the topmost in the complete circuit diagram? Answer with the component type.","从整张电路图判断，最上方的元件是什么？请回答元件类型。","电阻","component_type"
"qa_v6f_000098","img_0245","val__d1_autockt_-689_png.rf.95614017f39c9d3857628ab539eba831","images/img_0245.jpg","position","extreme_position","easy","Which component is the bottommost in the complete circuit diagram? Answer with the component type.","从整张电路图判断，最下方的元件是什么？请回答元件类型。","电阻","component_type"
"qa_v6f_001053","img_0021","val__d1_autockt_-697_png.rf.c2a1c10acc2a7250500704c92f21f21f","images/img_0021.jpg","position","extreme_position","easy","Which component is the topmost in the complete circuit diagram? Answer with the component type.","从整张电路图判断，最上方的元件是什么？请回答元件类型。","电流源","component_type"
"qa_v6f_000191","img_0399","val__d1_autockt_-730_png.rf.44fa7fe96bc80db7cc7cd7a09785df05","images/img_0399.jpg","position","extreme_position","easy","Which component is the topmost in the complete circuit diagram? Answer with the component type.","从整张电路图判断，最上方的元件是什么？请回答元件类型。","电阻","component_type"
"qa_v6f_000687","img_0294","val__d1_autockt_-738_png.rf.b208a49ee47e75d7def815a423dbbe1b","images/img_0294.jpg","position","extreme_position","easy","Which component is the topmost in the complete circuit diagram? Answer with the component type.","从整张电路图判断，最上方的元件是什么？请回答元件类型。","电感","component_type"
"qa_v6f_001446","img_0211","val__d1_autockt_-777_png.rf.d94f26464495fd91ffbfb9f789bfb6e7","images/img_0211.jpg","position","extreme_position","easy","Which component is the rightmost in the complete circuit diagram? Answer with the component type.","从整张电路图判断，最右侧的元件是什么？请回答元件类型。","电容","component_type"
"qa_v6f_001044","img_0007","val__d1_autockt_-803_png.rf.681fb84d12900583f86eaf05720a6915","images/img_0007.jpg","position","extreme_position","easy","Which component is the topmost in the complete circuit diagram? Answer with the component type.","从整张电路图判断，最上方的元件是什么？请回答元件类型。","电感","component_type"
"qa_v6f_001995","img_0310","val__d1_autockt_-813_png.rf.130c8a0fbaf97146f2938036426dd5d6","images/img_0310.jpg","position","extreme_position","easy","Which component is the rightmost in the complete circuit diagram? Answer with the component type.","从整张电路图判断，最右侧的元件是什么？请回答元件类型。","电阻","component_type"
"qa_v6f_001449","img_0202","val__d1_autockt_-83_png.rf.aebffdee0861612f670d3d6a99331654","images/img_0202.jpg","position","extreme_position","easy","Which component is the bottommost in the complete circuit diagram? Answer with the component type.","从整张电路图判断，最下方的元件是什么？请回答元件类型。","电阻","component_type"
"qa_v6f_001217","img_0213","val__d1_autockt_-864_png.rf.a30d6421fcc3270417479733bc3f4b50","images/img_0213.jpg","position","extreme_position","easy","Which component is the leftmost in the complete circuit diagram? Answer with the component type.","从整张电路图判断，最左侧的元件是什么？请回答元件类型。","电压源","component_type"
"qa_v6f_001996","img_0296","val__d1_autockt_-92_png.rf.0fcc99f416b1b821a84c8fc52c2b28ca","images/img_0296.jpg","position","extreme_position","easy","Which component is the topmost in the complete circuit diagram? Answer with the component type.","从整张电路图判断，最上方的元件是什么？请回答元件类型。","电压源","component_type"
"qa_v6f_000534","img_0089","val__d1_autockt_-97_png.rf.834fb78a8dabec1a526247e47133839e","images/img_0089.jpg","position","extreme_position","easy","Which component is the topmost in the complete circuit diagram? Answer with the component type.","从整张电路图判断，最上方的元件是什么？请回答元件类型。","电阻","component_type"
"qa_v6f_001745","img_0006","val__d1_electrical_173_png.rf.a46fda1563bd74e7bcbb40d0af2308ee","images/img_0006.jpg","position","extreme_position","easy","Which component is the rightmost in the complete circuit diagram? Answer with the component type.","从整张电路图判断，最右侧的元件是什么？请回答元件类型。","电容","component_type"
"qa_v6f_001515","img_0098","val__d1_electrical_180_png.rf.1858dd5c649ee5f0916e1fedc18cdffc","images/img_0098.jpg","position","extreme_position","easy","Which component is the bottommost in the complete circuit diagram? Answer with the component type.","从整张电路图判断，最下方的元件是什么？请回答元件类型。","电压源","component_type"
"qa_v6f_001404","img_0134","val__d1_electrical_181_png.rf.aa877c14c9c726983564055b36c46895","images/img_0134.jpg","position","extreme_position","easy","Which component is the bottommost in the complete circuit diagram? Answer with the component type.","从整张电路图判断，最下方的元件是什么？请回答元件类型。","电压源","component_type"
"qa_v6f_001056","img_0272","val__d1_electrical_217_png.rf.c801bcddebfab2ceb23bddc1d8043d0d","images/img_0272.jpg","position","extreme_position","easy","Which component is the bottommost in the complete circuit diagram? Answer with the component type.","从整张电路图判断，最下方的元件是什么？请回答元件类型。","电压源","component_type"
"qa_v6f_001638","img_0067","val__d1_electrical_247_png.rf.eb5dda8013452137840aac20985f3ba3","images/img_0067.jpg","position","extreme_position","easy","Which component is the leftmost in the complete circuit diagram? Answer with the component type.","从整张电路图判断，最左侧的元件是什么？请回答元件类型。","电感","component_type"
"qa_v6f_000779","img_0377","test500__d1_autockt_-1_png.rf.23fcfeb82e2f264cab71ec3c38455ac2","images/img_0377.jpg","value","component_value_reading","medium","What parameter value is marked for the inductor in the diagram? Answer directly.","图中的电感标注的参数值是多少？请直接作答。","1 H","text"
"qa_v6f_001978","img_0286","train__d1_383_png.rf.00205d9b1f4c05a9ba7bd4f6000a4f32","images/img_0286.jpg","value","component_value_reading","medium","What parameter value is marked for the top inductor? Answer directly.","顶部电感标注的参数值是多少？请直接作答。","10 H","text"
"qa_v6f_000588","img_0380","train__d1_autockt_-109_png.rf.d84fb18ba91a62c80909c60f51cfc087","images/img_0380.jpg","value","component_value_reading","medium","What parameter values are marked for all inductors in the diagram? Preserve duplicate values and answer directly.","所有电感（重复值保留）标注的参数值是多少？请直接作答。","1 H、1 H","text"
"qa_v6f_000630","img_0200","train__d1_autockt_-113_png.rf.55a0c3902d7e4ba7a990ce81436de3a6","images/img_0200.jpg","value","component_value_reading","medium","What parameter value is marked for the inductor in the diagram? Answer directly.","图中的电感标注的参数值是多少？请直接作答。","2 H","text"
"qa_v6f_002160","img_0111","train__d1_autockt_-115_png.rf.25fcff4128ce96986c2e715be91f57ba","images/img_0111.jpg","value","component_value_reading","medium","What parameter value is marked for the capacitor in the diagram? Answer directly.","图中的电容标注的参数值是多少？请直接作答。","2 F","text"
"qa_v6f_001510","img_0123","train__d1_autockt_-119_png.rf.a37a75551c934c7871b131c8daa630be","images/img_0123.jpg","value","component_value_reading","medium","What parameter value is marked for the capacitor in the diagram? Answer directly.","图中的电容标注的参数值是多少？请直接作答。","2 F","text"
"qa_v6f_000751","img_0196","train__d1_autockt_-135_png.rf.1c27c76accc8d18c84f58823d2775d5b","images/img_0196.jpg","value","component_value_reading","medium","What parameter value is marked for the inductor in the diagram? Answer directly.","图中的电感标注的参数值是多少？请直接作答。","3 H","text"
"qa_v6f_000374","img_0162","train__d1_autockt_-142_png.rf.ff74d374cf796e4ec677cfdc0f805eda","images/img_0162.jpg","value","component_value_reading","medium","What parameter value is marked for the capacitor in the diagram? Answer directly.","图中的电容标注的参数值是多少？请直接作答。","3 F","text"
"qa_v6f_000566","img_0055","train__d1_autockt_-145_png.rf.5cdde9875633aa11b68cd7ed33a6e59b","images/img_0055.jpg","value","component_value_reading","medium","What parameter value is marked for the capacitor in the diagram? Answer directly.","图中的电容标注的参数值是多少？请直接作答。","1 F","text"
"qa_v6f_001752","img_0164","train__d1_autockt_-148_png.rf.042d8ec0ac3afadf033652b0d5e78b74","images/img_0164.jpg","value","component_value_reading","medium","What parameter value is marked for the capacitor in the diagram? Answer directly.","图中的电容标注的参数值是多少？请直接作答。","3 F","text"
"qa_v6f_000213","img_0044","train__d1_autockt_-154_png.rf.1d50739e7b1f87df0b2b3121dedf3572","images/img_0044.jpg","value","component_value_reading","medium","What parameter values are marked for all resistors in the diagram? Preserve duplicate values and answer directly.","所有电阻（重复值保留）标注的参数值是多少？请直接作答。","3 Ω、1 Ω、2 Ω","text"
"qa_v6f_000769","img_0251","train__d1_autockt_-163_png.rf.e05478c4f718206b1ba145723be6e464","images/img_0251.jpg","value","component_value_reading","medium","What parameter values are marked for all resistors in the diagram? Preserve duplicate values and answer directly.","所有电阻（重复值保留）标注的参数值是多少？请直接作答。","3 Ω、3 Ω、3 Ω","text"
"qa_v6f_000068","img_0046","train__d1_autockt_-176_png.rf.9d18276e947642b313f8b194479caa96","images/img_0046.jpg","value","component_value_reading","medium","What parameter value is marked for the capacitor in the diagram? Answer directly.","图中的电容标注的参数值是多少？请直接作答。","3 F","text"
"qa_v6f_001508","img_0083","train__d1_autockt_-197_png.rf.3398024521496010fc964ed00cd6d6b7","images/img_0083.jpg","value","component_value_reading","medium","What parameter value is marked for the capacitor in the diagram? Answer directly.","图中的电容标注的参数值是多少？请直接作答。","3 F","text"
"qa_v6f_000459","img_0066","train__d1_autockt_-206_png.rf.b0ec0917b62fc263195fe44aafc7feb0","images/img_0066.jpg","value","component_value_reading","medium","What parameter value is marked for the capacitor in the diagram? Answer directly.","图中的电容标注的参数值是多少？请直接作答。","2 F","text"
"qa_v6f_001649","img_0287","train__d1_autockt_-208_png.rf.5819e4e9a8cfbdbfa84d39b7c1c08181","images/img_0287.jpg","value","component_value_reading","medium","What parameter value is marked for the inductor in the diagram? Answer directly.","图中的电感标注的参数值是多少？请直接作答。","2 H","text"
"qa_v6f_001305","img_0395","train__d1_autockt_-209_png.rf.871b80895a2d3e21e2835a296773b8f4","images/img_0395.jpg","value","component_value_reading","medium","What parameter values are marked for all inductors in the diagram? Preserve duplicate values and answer directly.","所有电感（重复值保留）标注的参数值是多少？请直接作答。","3 H、2 H","text"
"qa_v6f_000752","img_0327","train__d1_autockt_-211_png.rf.d7726348920d15f89aa6a6ae7dc10597","images/img_0327.jpg","value","component_value_reading","medium","What parameter value is marked for the inductor in the diagram? Answer directly.","图中的电感标注的参数值是多少？请直接作答。","1 H","text"
"qa_v6f_002017","img_0341","train__d1_autockt_-227_png.rf.4de4f1238dd146d0b142d3b42a8d4c2f","images/img_0341.jpg","value","component_value_reading","medium","What parameter values are marked for all inductors in the diagram? Preserve duplicate values and answer directly.","所有电感（重复值保留）标注的参数值是多少？请直接作答。","1 H、2 H","text"
"qa_v6f_001821","img_0338","train__d1_autockt_-232_png.rf.1c09a3675234bd688610dfa5f6017e8a","images/img_0338.jpg","value","component_value_reading","medium","What parameter value is marked for the inductor in the diagram? Answer directly.","图中的电感标注的参数值是多少？请直接作答。","2 H","text"
"qa_v6f_000521","img_0172","train__d1_autockt_-236_png.rf.cc4d1a31abbd8a1b32c9a20fd70273d5","images/img_0172.jpg","value","component_value_reading","medium","What parameter value is marked for the capacitor in the diagram? Answer directly.","图中的电容标注的参数值是多少？请直接作答。","1 F","text"
"qa_v6f_002291","img_0330","train__d1_autockt_-23_png.rf.027bd37e1ba58a5b27e911960f07c89c","images/img_0330.jpg","value","component_value_reading","medium","What parameter value is marked for the inductor in the diagram? Answer directly.","图中的电感标注的参数值是多少？请直接作答。","3 H","text"
"qa_v6f_000794","img_0284","train__d1_autockt_-243_png.rf.6704bc9dfa27371416ca6de120f025d8","images/img_0284.jpg","value","component_value_reading","medium","What parameter value is marked for the inductor in the diagram? Answer directly.","图中的电感标注的参数值是多少？请直接作答。","2 H","text"
"qa_v6f_000654","img_0179","train__d1_autockt_-245_png.rf.93e3c62d7e82b5edba9144be71728272","images/img_0179.jpg","value","component_value_reading","medium","What parameter value is marked for the capacitor in the diagram? Answer directly.","图中的电容标注的参数值是多少？请直接作答。","2 F","text"
"qa_v6f_001611","img_0222","train__d1_autockt_-24_png.rf.2217a96e32b725062bb2929073f00421","images/img_0222.jpg","value","component_value_reading","medium","What parameter value is marked for the capacitor in the diagram? Answer directly.","图中的电容标注的参数值是多少？请直接作答。","2 F","text"
"qa_v6f_000782","img_0308","train__d1_autockt_-252_png.rf.3dc4b23e2579dd6c511905aac57d667e","images/img_0308.jpg","value","component_value_reading","medium","What parameter values are marked for all resistors in the diagram? Preserve duplicate values and answer directly.","所有电阻（重复值保留）标注的参数值是多少？请直接作答。","1 Ω、3 Ω","text"
"qa_v6f_000327","img_0190","train__d1_autockt_-266_png.rf.be0b8aff5eb0f00def9fe86afc3e5e7f","images/img_0190.jpg","value","component_value_reading","medium","What parameter values are marked for all capacitors in the diagram? Preserve duplicate values and answer directly.","所有电容（重复值保留）标注的参数值是多少？请直接作答。","1 F、3 F","text"
"qa_v6f_001365","img_0105","train__d1_autockt_-274_png.rf.209b5b5fb1a4feff90945a5a33722cb5","images/img_0105.jpg","value","component_value_reading","medium","What parameter values are marked for all inductors in the diagram? Preserve duplicate values and answer directly.","所有电感（重复值保留）标注的参数值是多少？请直接作答。","1 H、1 H","text"
"qa_v6f_001947","img_0056","train__d1_autockt_-285_png.rf.ca8fc170166ff6706561f1ce9ca4c4d5","images/img_0056.jpg","value","component_value_reading","medium","What parameter value is marked for the inductor in the diagram? Answer directly.","图中的电感标注的参数值是多少？请直接作答。","2 H","text"
"qa_v6f_000743","img_0254","train__d1_autockt_-288_png.rf.bd807708b49475c650afaba546c05c03","images/img_0254.jpg","value","component_value_reading","medium","What parameter value is marked for the capacitor in the diagram? Answer directly.","图中的电容标注的参数值是多少？请直接作答。","3 F","text"
"qa_v6f_000182","img_0169","train__d1_autockt_-28_png.rf.86fb779e280167fc883f40e4cd8f050b","images/img_0169.jpg","value","component_value_reading","medium","What parameter values are marked for all capacitors in the diagram? Preserve duplicate values and answer directly.","所有电容（重复值保留）标注的参数值是多少？请直接作答。","2 F、1 F","text"
"qa_v6f_001633","img_0268","train__d1_autockt_-299_png.rf.fe98ce3743245c406e7f8604c06952df","images/img_0268.jpg","value","component_value_reading","medium","What parameter values are marked for all inductors in the diagram? Preserve duplicate values and answer directly.","所有电感（重复值保留）标注的参数值是多少？请直接作答。","1 H、1 H","text"
"qa_v6f_000017","img_0229","train__d1_autockt_-305_png.rf.233c2e69cbb5b2ecac3f332d8fac5b48","images/img_0229.jpg","value","component_value_reading","medium","What parameter value is marked for the inductor in the diagram? Answer directly.","图中的电感标注的参数值是多少？请直接作答。","3 H","text"
"qa_v6f_002181","img_0182","train__d1_autockt_-30_png.rf.c632c6cf76582f79ea7f02104f9b0fd4","images/img_0182.jpg","value","component_value_reading","medium","What parameter value is marked for the inductor in the diagram? Answer directly.","图中的电感标注的参数值是多少？请直接作答。","3 H","text"
"qa_v6f_000696","img_0283","train__d1_autockt_-312_png.rf.fbb42b4fa9872615fa40dbd2230f8fe7","images/img_0283.jpg","value","component_value_reading","medium","What parameter value is marked for the inductor in the diagram? Answer directly.","图中的电感标注的参数值是多少？请直接作答。","2 H","text"
"qa_v6f_001216","img_0187","train__d1_autockt_-324_png.rf.091eb00694d00775bc23251fa41022d3","images/img_0187.jpg","value","component_value_reading","medium","What parameter value is marked for the capacitor in the diagram? Answer directly.","图中的电容标注的参数值是多少？请直接作答。","2 F","text"
"qa_v6f_001683","img_0301","train__d1_autockt_-339_png.rf.2d2be08d2d45e8b10342ffd4313242b5","images/img_0301.jpg","value","component_value_reading","medium","What parameter values are marked for all resistors in the diagram? Preserve duplicate values and answer directly.","所有电阻（重复值保留）标注的参数值是多少？请直接作答。","1 Ω、1 Ω","text"
"qa_v6f_001499","img_0322","train__d1_autockt_-341_png.rf.c7ad6618b1a21c7b5e6069fd68d2df3d","images/img_0322.jpg","value","component_value_reading","medium","What parameter value is marked for the capacitor in the diagram? Answer directly.","图中的电容标注的参数值是多少？请直接作答。","3 F","text"
"qa_v6f_000627","img_0333","train__d1_autockt_-380_png.rf.fb5d9b91bc13833a3e4ec4e6fce18f07","images/img_0333.jpg","value","component_value_reading","medium","What parameter value is marked for the capacitor in the diagram? Answer directly.","图中的电容标注的参数值是多少？请直接作答。","3 F","text"
"qa_v6f_000668","img_0018","train__d1_autockt_-381_png.rf.70fbe857cd95ffb137f18c16c28c6c88","images/img_0018.jpg","value","component_value_reading","medium","What parameter values are marked for all capacitors in the diagram? Preserve duplicate values and answer directly.","所有电容（重复值保留）标注的参数值是多少？请直接作答。","2 F、1 F","text"
"qa_v6f_001144","img_0031","train__d1_autockt_-382_png.rf.a728c7a9544a2fd4e7ac4e97f751cc3c","images/img_0031.jpg","value","component_value_reading","medium","What parameter value is marked for the capacitor in the diagram? Answer directly.","图中的电容标注的参数值是多少？请直接作答。","2 F","text"
"qa_v6f_001406","img_0336","train__d1_autockt_-38_png.rf.9faa205028090ca6c082437ebab5545d","images/img_0336.jpg","value","component_value_reading","medium","What parameter values are marked for all resistors in the diagram? Preserve duplicate values and answer directly.","所有电阻（重复值保留）标注的参数值是多少？请直接作答。","1 Ω、1 Ω","text"
"qa_v6f_000928","img_0166","train__d1_autockt_-412_png.rf.edfb98165ea242e0775bc00b9c69793f","images/img_0166.jpg","value","component_value_reading","medium","What parameter value is marked for the inductor in the diagram? Answer directly.","图中的电感标注的参数值是多少？请直接作答。","3 H","text"
"qa_v6f_001690","img_0320","train__d1_autockt_-414_png.rf.de58dde21eba2a54e7df9ebdc840867a","images/img_0320.jpg","value","component_value_reading","medium","What parameter value is marked for the inductor in the diagram? Answer directly.","图中的电感标注的参数值是多少？请直接作答。","3 H","text"
"qa_v6f_000322","img_0360","train__d1_autockt_-418_png.rf.e2ba99310a487464c367bde390929131","images/img_0360.jpg","value","component_value_reading","medium","What parameter value is marked for the inductor in the diagram? Answer directly.","图中的电感标注的参数值是多少？请直接作答。","3 H","text"
"qa_v6f_001801","img_0026","train__d1_autockt_-435_png.rf.f8446e033be019cede7947993b824b98","images/img_0026.jpg","value","component_value_reading","medium","What parameter value is marked for the capacitor in the diagram? Answer directly.","图中的电容标注的参数值是多少？请直接作答。","1 F","text"
"qa_v6f_001022","img_0012","train__d1_autockt_-440_png.rf.66f06ce3967e198359be3ba51c0b947d","images/img_0012.jpg","value","component_value_reading","medium","What parameter values are marked for all capacitors in the diagram? Preserve duplicate values and answer directly.","所有电容（重复值保留）标注的参数值是多少？请直接作答。","1 F、2 F","text"
"qa_v6f_000072","img_0032","train__d1_autockt_-448_png.rf.c3dfde43eece3ebdb656eb3db9d40038","images/img_0032.jpg","value","component_value_reading","medium","What parameter values are marked for all resistors in the diagram? Preserve duplicate values and answer directly.","所有电阻（重复值保留）标注的参数值是多少？请直接作答。","2 Ω、2 Ω、3 Ω","text"
"qa_v6f_000113","img_0045","train__d1_autockt_-454_png.rf.c5fc966c9b852852a21b2d353dad8ad7","images/img_0045.jpg","value","component_value_reading","medium","What parameter values are marked for all capacitors in the diagram? Preserve duplicate values and answer directly.","所有电容（重复值保留）标注的参数值是多少？请直接作答。","1 F、2 F","text"
"qa_v6f_001830","img_0334","train__d1_autockt_-45_png.rf.51f3d72d221cc647bbfef272ef0e2879","images/img_0334.jpg","value","component_value_reading","medium","What parameter values are marked for all capacitors in the diagram? Preserve duplicate values and answer directly.","所有电容（重复值保留）标注的参数值是多少？请直接作答。","2 F、1 F","text"
"qa_v6f_000881","img_0153","train__d1_autockt_-460_png.rf.9e0ece51cc84de8b3988a5c15706d71c","images/img_0153.jpg","value","component_value_reading","medium","What parameter value is marked for the capacitor in the diagram? Answer directly.","图中的电容标注的参数值是多少？请直接作答。","2 F","text"
"qa_v6f_001172","img_0232","train__d1_autockt_-481_png.rf.2709a59e78f86eb28d160132a282d50b","images/img_0232.jpg","value","component_value_reading","medium","What parameter values are marked for all inductors in the diagram? Preserve duplicate values and answer directly.","所有电感（重复值保留）标注的参数值是多少？请直接作答。","1 H、1 H","text"
"qa_v6f_001043","img_0205","train__d1_autockt_-484_png.rf.b27aeab8d49e3cb6b5d5f0cf628d9d25","images/img_0205.jpg","value","component_value_reading","medium","What parameter values are marked for all capacitors in the diagram? Preserve duplicate values and answer directly.","所有电容（重复值保留）标注的参数值是多少？请直接作答。","1 F、1 F","text"
"qa_v6f_002307","img_0309","train__d1_autockt_-487_png.rf.3b4abde3b8fcf0e86ef93e33ac8ba3bc","images/img_0309.jpg","value","component_value_reading","medium","What parameter value is marked for the inductor in the diagram? Answer directly.","图中的电感标注的参数值是多少？请直接作答。","2 H","text"
"qa_v6f_002199","img_0147","train__d1_autockt_-502_png.rf.fbc5dea95acccca5927e3aed43e5fe2c","images/img_0147.jpg","value","component_value_reading","medium","What parameter value is marked for the inductor in the diagram? Answer directly.","图中的电感标注的参数值是多少？请直接作答。","3 H","text"
"qa_v6f_000540","img_0135","train__d1_autockt_-514_png.rf.f3e0d72fa9948e88072570fb7683f175","images/img_0135.jpg","value","component_value_reading","medium","What parameter values are marked for all inductors in the diagram? Preserve duplicate values and answer directly.","所有电感（重复值保留）标注的参数值是多少？请直接作答。","1 H、3 H","text"
"qa_v6f_001583","img_0342","train__d1_autockt_-522_png.rf.198b484cab8511aa4ba12a4ee9ba99a9","images/img_0342.jpg","value","component_value_reading","medium","What parameter values are marked for all inductors in the diagram? Preserve duplicate values and answer directly.","所有电感（重复值保留）标注的参数值是多少？请直接作答。","2 H、2 H","text"
"qa_v6f_000212","img_0367","train__d1_autockt_-537_png.rf.6ee6497275122beda6a37704f5429c2e","images/img_0367.jpg","value","component_value_reading","medium","What parameter values are marked for all resistors in the diagram? Preserve duplicate values and answer directly.","所有电阻（重复值保留）标注的参数值是多少？请直接作答。","1 Ω、2 Ω","text"
"qa_v6f_000053","img_0288","train__d1_autockt_-547_png.rf.f0472340e4dc77478687a06623d1f513","images/img_0288.jpg","value","component_value_reading","medium","What parameter values are marked for all inductors in the diagram? Preserve duplicate values and answer directly.","所有电感（重复值保留）标注的参数值是多少？请直接作答。","2 H、2 H","text"
"qa_v6f_001933","img_0041","train__d1_autockt_-562_png.rf.93022514a29bfd12d7159b1e68671744","images/img_0041.jpg","value","component_value_reading","medium","What parameter values are marked for all inductors in the diagram? Preserve duplicate values and answer directly.","所有电感（重复值保留）标注的参数值是多少？请直接作答。","2 H、3 H","text"
"qa_v6f_002304","img_0184","train__d1_autockt_-567_png.rf.37966f21a58066fa87670790cd733f17","images/img_0184.jpg","value","component_value_reading","medium","What parameter values are marked for all capacitors in the diagram? Preserve duplicate values and answer directly.","所有电容（重复值保留）标注的参数值是多少？请直接作答。","1 F、3 F","text"
"qa_v6f_001712","img_0331","train__d1_autockt_-58_png.rf.ec0414ed0e8e6c0b0a8ca10b34ac3422","images/img_0331.jpg","value","component_value_reading","medium","What parameter values are marked for all resistors in the diagram? Preserve duplicate values and answer directly.","所有电阻（重复值保留）标注的参数值是多少？请直接作答。","1 Ω、1 Ω","text"
"qa_v6f_000371","img_0350","train__d1_autockt_-598_png.rf.ed60f5aea7e7a7e5df5f0ed31540fc9b","images/img_0350.jpg","value","component_value_reading","medium","What parameter values are marked for all resistors in the diagram? Preserve duplicate values and answer directly.","所有电阻（重复值保留）标注的参数值是多少？请直接作答。","1 Ω、2 Ω、2 Ω","text"
"qa_v6f_001260","img_0354","train__d1_autockt_-603_png.rf.daa74e3fb5b07e74bc8b4c761ece1873","images/img_0354.jpg","value","component_value_reading","medium","What parameter value is marked for the inductor in the diagram? Answer directly.","图中的电感标注的参数值是多少？请直接作答。","1 H","text"
"qa_v6f_001243","img_0069","train__d1_autockt_-604_png.rf.6cdad7013962f030c76d220cf8fdddd0","images/img_0069.jpg","value","component_value_reading","medium","What parameter values are marked for all inductors in the diagram? Preserve duplicate values and answer directly.","所有电感（重复值保留）标注的参数值是多少？请直接作答。","1 H、3 H","text"
"qa_v6f_000710","img_0357","train__d1_autockt_-607_png.rf.29032d4095f1ee1f868e2891398d725c","images/img_0357.jpg","value","component_value_reading","medium","What parameter value is marked for the capacitor in the diagram? Answer directly.","图中的电容标注的参数值是多少？请直接作答。","3 F","text"
"qa_v6f_001434","img_0040","train__d1_autockt_-610_png.rf.d917fc8585b44bdf2623a33d30bf32b6","images/img_0040.jpg","value","component_value_reading","medium","What parameter value is marked for the capacitor in the diagram? Answer directly.","图中的电容标注的参数值是多少？请直接作答。","2 F","text"
"qa_v6f_001223","img_0167","train__d1_autockt_-611_png.rf.09421c84d8743f1bc6498abcb5acafb4","images/img_0167.jpg","value","component_value_reading","medium","What parameter values are marked for all inductors in the diagram? Preserve duplicate values and answer directly.","所有电感（重复值保留）标注的参数值是多少？请直接作答。","1 H、2 H","text"
"qa_v6f_000597","img_0374","train__d1_autockt_-636_png.rf.6a5629c2a46937877433729f268d68ba","images/img_0374.jpg","value","component_value_reading","medium","What parameter values are marked for all inductors in the diagram? Preserve duplicate values and answer directly.","所有电感（重复值保留）标注的参数值是多少？请直接作答。","1 H、2 H","text"
"qa_v6f_000744","img_0282","train__d1_autockt_-646_png.rf.14eb0c6003fb45f8dda4c1bc4ff2533e","images/img_0282.jpg","value","component_value_reading","medium","What parameter value is marked for the capacitor in the diagram? Answer directly.","图中的电容标注的参数值是多少？请直接作答。","3 F","text"
"qa_v6f_000428","img_0248","train__d1_autockt_-649_png.rf.f58569e65fcbde66f8f12b4c4c6747f5","images/img_0248.jpg","value","component_value_reading","medium","What parameter value is marked for the inductor in the diagram? Answer directly.","图中的电感标注的参数值是多少？请直接作答。","1 H","text"
"qa_v6f_001522","img_0038","train__d1_autockt_-678_png.rf.1386f8a3074f7a42f985a2d2f4e7e1ee","images/img_0038.jpg","value","component_value_reading","medium","What parameter values are marked for all capacitors in the diagram? Preserve duplicate values and answer directly.","所有电容（重复值保留）标注的参数值是多少？请直接作答。","3 F、2 F","text"
"qa_v6f_001436","img_0068","train__d1_autockt_-684_png.rf.23f3199343ace523f76d7bc836d3a307","images/img_0068.jpg","value","component_value_reading","medium","What parameter value is marked for the top inductor? Answer directly.","顶部电感标注的参数值是多少？请直接作答。","2 H","text"
"qa_v6f_001875","img_0068","train__d1_autockt_-684_png.rf.23f3199343ace523f76d7bc836d3a307","images/img_0068.jpg","value","component_value_reading","medium","What parameter value is marked for the central inductor? Answer directly.","中央电感标注的参数值是多少？请直接作答。","3 H","text"
"qa_v6f_000004","img_0304","train__d1_autockt_-6_png.rf.c6853f2f2a35f07baa944b302756e7c0","images/img_0304.jpg","value","component_value_reading","medium","What parameter value is marked for the capacitor in the diagram? Answer directly.","图中的电容标注的参数值是多少？请直接作答。","3 F","text"
"qa_v6f_000251","img_0304","train__d1_autockt_-6_png.rf.c6853f2f2a35f07baa944b302756e7c0","images/img_0304.jpg","value","component_value_reading","medium","What parameter values are marked for all resistors in the diagram? Preserve duplicate values and answer directly.","所有电阻（重复值保留）标注的参数值是多少？请直接作答。","1 Ω、1 Ω、2 Ω","text"
"qa_v6f_002034","img_0128","train__d1_autockt_-711_png.rf.2e786c946e4ebdb33293cf2644e3bbb2","images/img_0128.jpg","value","component_value_reading","medium","What parameter values are marked for all inductors in the diagram? Preserve duplicate values and answer directly.","所有电感（重复值保留）标注的参数值是多少？请直接作答。","1 H、1 H","text"
"qa_v6f_000529","img_0073","train__d1_autockt_-717_png.rf.02eafd216d648fdb52bdadbafe1dc721","images/img_0073.jpg","value","component_value_reading","medium","What parameter value is marked for the top inductor? Answer directly.","顶部电感标注的参数值是多少？请直接作答。","2 H","text"
"qa_v6f_001805","img_0073","train__d1_autockt_-717_png.rf.02eafd216d648fdb52bdadbafe1dc721","images/img_0073.jpg","value","component_value_reading","medium","What parameter value is marked for the left-side inductor? Answer directly.","左侧电感标注的参数值是多少？请直接作答。","1 H","text"
"qa_v6f_000817","img_0132","train__d1_autockt_-720_png.rf.6057a7b5360538ad64864272bf44eaff","images/img_0132.jpg","value","component_value_reading","medium","What parameter value is marked for the left-side capacitor? Answer directly.","左侧电容标注的参数值是多少？请直接作答。","3 F","text"
"qa_v6f_002397","img_0132","train__d1_autockt_-720_png.rf.6057a7b5360538ad64864272bf44eaff","images/img_0132.jpg","value","component_value_reading","medium","What parameter values are marked for all capacitors in the diagram? Preserve duplicate values and answer directly.","所有电容（重复值保留）标注的参数值是多少？请直接作答。","3 F、2 F","text"
"qa_v6f_000813","img_0321","train__d1_autockt_-727_png.rf.19345d5a3f780e26264e80b25223c957","images/img_0321.jpg","value","component_value_reading","medium","What parameter values are marked for all resistors in the diagram? Preserve duplicate values and answer directly.","所有电阻（重复值保留）标注的参数值是多少？请直接作答。","2 Ω、3 Ω、3 Ω","text"
"qa_v6f_001054","img_0214","train__d1_autockt_-747_png.rf.fe0d065845c19d8733d567dc029eb9a1","images/img_0214.jpg","value","component_value_reading","medium","What parameter value is marked for the capacitor in the diagram? Answer directly.","图中的电容标注的参数值是多少？请直接作答。","3 F","text"
"qa_v6f_001176","img_0180","train__d1_autockt_-755_png.rf.69c7026cc61de9115b50a1784364103f","images/img_0180.jpg","value","component_value_reading","medium","What parameter values are marked for all resistors in the diagram? Preserve duplicate values and answer directly.","所有电阻（重复值保留）标注的参数值是多少？请直接作答。","3 Ω、3 Ω","text"
"qa_v6f_001447","img_0396","train__d1_autockt_-760_png.rf.49af5c061b24e2e146a50b7de6d97c39","images/img_0396.jpg","value","component_value_reading","medium","What parameter values are marked for all resistors in the diagram? Preserve duplicate values and answer directly.","所有电阻（重复值保留）标注的参数值是多少？请直接作答。","1 Ω、1 Ω","text"
"qa_v6f_001730","img_0108","train__d1_autockt_-763_png.rf.b244bbdeb84cebce1b80b7aeb2784b9e","images/img_0108.jpg","value","component_value_reading","medium","What parameter values are marked for all resistors in the diagram? Preserve duplicate values and answer directly.","所有电阻（重复值保留）标注的参数值是多少？请直接作答。","3 Ω、2 Ω","text"
"qa_v6f_000930","img_0302","train__d1_autockt_-778_png.rf.b1fd1b4898674c062b27cc1b2d2dc1e0","images/img_0302.jpg","value","component_value_reading","medium","What parameter values are marked for all inductors in the diagram? Preserve duplicate values and answer directly.","所有电感（重复值保留）标注的参数值是多少？请直接作答。","3 H、1 H","text"
"qa_v6f_001359","img_0243","train__d1_autockt_-795_png.rf.f5bfe58dd6cb250be0d189f5a7573cf5","images/img_0243.jpg","value","component_value_reading","medium","What parameter values are marked for all capacitors in the diagram? Preserve duplicate values and answer directly.","所有电容（重复值保留）标注的参数值是多少？请直接作答。","1 F、2 F","text"
"qa_v6f_001848","img_0255","train__d1_autockt_-812_png.rf.42169793187f4542cd94a07e906ac40e","images/img_0255.jpg","value","component_value_reading","medium","What parameter value is marked for the capacitor in the diagram? Answer directly.","图中的电容标注的参数值是多少？请直接作答。","3 F","text"
"qa_v6f_002180","img_0362","train__d1_autockt_-818_png.rf.6df695baa9588091f0154afa045d4cb5","images/img_0362.jpg","value","component_value_reading","medium","What parameter value is marked for the capacitor in the diagram? Answer directly.","图中的电容标注的参数值是多少？请直接作答。","3 F","text"
"qa_v6f_001141","img_0071","train__d1_autockt_-830_png.rf.876765a68c49381a43d740fc35817270","images/img_0071.jpg","value","component_value_reading","medium","What parameter value is marked for the capacitor in the diagram? Answer directly.","图中的电容标注的参数值是多少？请直接作答。","1 F","text"
"qa_v6f_001162","img_0337","train__d1_autockt_-832_png.rf.c8f4b6dc741c4899208cfc42d3afef3f","images/img_0337.jpg","value","component_value_reading","medium","What parameter value is marked for the capacitor in the diagram? Answer directly.","图中的电容标注的参数值是多少？请直接作答。","1 F","text"
"qa_v6f_001858","img_0273","train__d1_autockt_-835_png.rf.a5298355b545bf5ccbe565d5194781f0","images/img_0273.jpg","value","component_value_reading","medium","What parameter value is marked for the capacitor in the diagram? Answer directly.","图中的电容标注的参数值是多少？请直接作答。","2 F","text"
"qa_v6f_000471","img_0237","train__d1_autockt_-845_png.rf.00bd41a063ef06524f47a8a4f9d3bcee","images/img_0237.jpg","value","component_value_reading","medium","What parameter values are marked for all capacitors in the diagram? Preserve duplicate values and answer directly.","所有电容（重复值保留）标注的参数值是多少？请直接作答。","1 F、2 F","text"
"qa_v6f_000043","img_0170","train__d1_autockt_-851_png.rf.1422925ba23e58ca2a03216f08ec8a72","images/img_0170.jpg","value","component_value_reading","medium","What parameter value is marked for the inductor in the diagram? Answer directly.","图中的电感标注的参数值是多少？请直接作答。","3 H","text"
"qa_v6f_002064","img_0129","train__d1_autockt_-853_png.rf.5f6d90c55c70ffa096192c752ecb20e7","images/img_0129.jpg","value","component_value_reading","medium","What parameter value is marked for the inductor in the diagram? Answer directly.","图中的电感标注的参数值是多少？请直接作答。","1 H","text"
"qa_v6f_000211","img_0022","train__d1_autockt_-855_png.rf.8145abcba654cb2bf2c40816bd89c87e","images/img_0022.jpg","value","component_value_reading","medium","What parameter values are marked for all resistors in the diagram? Preserve duplicate values and answer directly.","所有电阻（重复值保留）标注的参数值是多少？请直接作答。","3 Ω、1 Ω","text"
"qa_v6f_001963","img_0277","train__d1_autockt_-879_png.rf.ad00aef03e77aa93a6057f66a21c99b8","images/img_0277.jpg","value","component_value_reading","medium","What parameter value is marked for the capacitor in the diagram? Answer directly.","图中的电容标注的参数值是多少？请直接作答。","1 F","text"
"qa_v6f_002229","img_0161","train__d1_autockt_-891_png.rf.96c6f0cd13f9b5e29d80a1d601861526","images/img_0161.jpg","value","component_value_reading","medium","What parameter value is marked for the left-side inductor? Answer directly.","左侧电感标注的参数值是多少？请直接作答。","2 H","text"
"qa_v6f_000305","img_0249","train__d1_autockt_-896_png.rf.d315d9151be3731fa1831d8e2a25a704","images/img_0249.jpg","value","component_value_reading","medium","What parameter values are marked for all resistors in the diagram? Preserve duplicate values and answer directly.","所有电阻（重复值保留）标注的参数值是多少？请直接作答。","1 Ω、1 Ω","text"
"qa_v6f_001944","img_0151","train__d1_autockt_-89_png.rf.a167c13582370017dbda64d5bb836a0e","images/img_0151.jpg","value","component_value_reading","medium","What parameter values are marked for all resistors in the diagram? Preserve duplicate values and answer directly.","所有电阻（重复值保留）标注的参数值是多少？请直接作答。","1 Ω、1 Ω、2 Ω","text"
"qa_v6f_002383","img_0005","train__d1_autockt_-904_png.rf.4e9d60c42c7b735665b856b96d1c1d34","images/img_0005.jpg","value","component_value_reading","medium","What parameter values are marked for all resistors in the diagram? Preserve duplicate values and answer directly.","所有电阻（重复值保留）标注的参数值是多少？请直接作答。","2 Ω、3 Ω","text"
"qa_v6f_000857","img_0075","train__d1_autockt_-93_png.rf.a86054b39bef4bacd6949e85337f79ba","images/img_0075.jpg","value","component_value_reading","medium","What parameter values are marked for all resistors in the diagram? Preserve duplicate values and answer directly.","所有电阻（重复值保留）标注的参数值是多少？请直接作答。","2 Ω、2 Ω","text"
"qa_v6f_000090","img_0285","train__d1_autockt_-99_png.rf.7bb85a0b8c497dd09eb29b0acf67e334","images/img_0285.jpg","value","component_value_reading","medium","What parameter values are marked for all inductors in the diagram? Preserve duplicate values and answer directly.","所有电感（重复值保留）标注的参数值是多少？请直接作答。","3 H、1 H","text"
"qa_v6f_000361","img_0165","train__d1_autockt_-9_png.rf.abdf78e2c66c2c794662731c3a841b82","images/img_0165.jpg","value","component_value_reading","medium","What parameter values are marked for all resistors in the diagram? Preserve duplicate values and answer directly.","所有电阻（重复值保留）标注的参数值是多少？请直接作答。","1 Ω、1 Ω","text"
"qa_v6f_001889","img_0173","train__d1_electrical_157_png.rf.920a32daa657bc45b646e5de542f0726","images/img_0173.jpg","value","component_value_reading","medium","What parameter value is marked for the capacitor in the diagram? Answer directly.","图中的电容标注的参数值是多少？请直接作答。","30 μF","text"
"qa_v6f_000019","img_0345","train__d1_electrical_187_png.rf.0a910c845f52ef0a6da05752f8db0937","images/img_0345.jpg","value","component_value_reading","medium","What parameter value is marked for the upper-branch inductor? Answer directly.","上支路电感的感抗标注的参数值是多少？请直接作答。","j16 Ω","text"
"qa_v6f_002176","img_0050","train__d1_electrical_201_png.rf.5a1284572fe6600bc1f9cf9a434ca577","images/img_0050.jpg","value","component_value_reading","medium","What parameter value is marked for the resistor in the diagram? Answer directly.","图中的电阻标注的参数值是多少？请直接作答。","12 Ω","text"
"qa_v6f_001225","img_0004","train__d1_electrical_241_png.rf.86e95f810d50b5748bfbb869f68f5e21","images/img_0004.jpg","value","component_value_reading","medium","What parameter value is marked for the AC voltage source in the diagram? Answer directly.","交流电压源的相量标注的参数值是多少？请直接作答。","20∠0° V","text"
"qa_v6f_001967","img_0306","val__d1_320_png.rf.de5e65bbd96f797a63d01b3b2a6de345","images/img_0306.jpg","value","component_value_reading","medium","What parameter value is marked for the resistor in the diagram? Answer directly.","图中的电阻标注的参数值是多少？请直接作答。","10 Ω","text"
"qa_v6f_000122","img_0390","val__d1_autockt_-182_png.rf.112023098b4ed3cf6e317678d997359f","images/img_0390.jpg","value","component_value_reading","medium","What parameter value is marked for the bottom capacitor? Answer directly.","下方电容标注的参数值是多少？请直接作答。","1 F","text"
"qa_v6f_001398","img_0390","val__d1_autockt_-182_png.rf.112023098b4ed3cf6e317678d997359f","images/img_0390.jpg","value","component_value_reading","medium","What parameter values are marked for all capacitors in the diagram? Preserve duplicate values and answer directly.","所有电容（重复值保留）标注的参数值是多少？请直接作答。","2 F、1 F","text"
"qa_v6f_001523","img_0217","val__d1_autockt_-405_png.rf.a9934664132a21b374f7969738162978","images/img_0217.jpg","value","component_value_reading","medium","What parameter value is marked for the inductor in the diagram? Answer directly.","图中的电感标注的参数值是多少？请直接作答。","2 H","text"
"qa_v6f_000999","img_0159","val__d1_autockt_-461_png.rf.ce8a873f888a1d139ddf66bdd4641e86","images/img_0159.jpg","value","component_value_reading","medium","What parameter values are marked for all inductors in the diagram? Preserve duplicate values and answer directly.","所有电感（重复值保留）标注的参数值是多少？请直接作答。","3 H、1 H","text"
"qa_v6f_001890","img_0028","val__d1_autockt_-532_png.rf.138fa05f36e89fee6e96f977abb70967","images/img_0028.jpg","value","component_value_reading","medium","What parameter values are marked for all inductors in the diagram? Preserve duplicate values and answer directly.","所有电感（重复值保留）标注的参数值是多少？请直接作答。","1 H、1 H","text"
"qa_v6f_001867","img_0376","val__d1_autockt_-585_png.rf.9cd4486d6855db118ad7cd039078803f","images/img_0376.jpg","value","component_value_reading","medium","What parameter value is marked for the bottom inductor? Answer directly.","下方电感标注的参数值是多少？请直接作答。","1 H","text"
"qa_v6f_002043","img_0021","val__d1_autockt_-697_png.rf.c2a1c10acc2a7250500704c92f21f21f","images/img_0021.jpg","value","component_value_reading","medium","What parameter values are marked for all inductors in the diagram? Preserve duplicate values and answer directly.","所有电感（重复值保留）标注的参数值是多少？请直接作答。","2 H、1 H","text"
"qa_v6f_000991","img_0294","val__d1_autockt_-738_png.rf.b208a49ee47e75d7def815a423dbbe1b","images/img_0294.jpg","value","component_value_reading","medium","What parameter value is marked for the top inductor? Answer directly.","顶部电感标注的参数值是多少？请直接作答。","3 H","text"
"qa_v6f_000594","img_0310","val__d1_autockt_-813_png.rf.130c8a0fbaf97146f2938036426dd5d6","images/img_0310.jpg","value","component_value_reading","medium","What parameter values are marked for all resistors in the diagram? Preserve duplicate values and answer directly.","所有电阻（重复值保留）标注的参数值是多少？请直接作答。","1 Ω、3 Ω、1 Ω","text"
"qa_v6f_001664","img_0296","val__d1_autockt_-92_png.rf.0fcc99f416b1b821a84c8fc52c2b28ca","images/img_0296.jpg","value","component_value_reading","medium","What parameter value is marked for the capacitor in the diagram? Answer directly.","图中的电容标注的参数值是多少？请直接作答。","2 F","text"
